/*M!999999\- enable the sandbox mode */ 
-- MariaDB dump 10.19  Distrib 10.11.14-MariaDB, for debian-linux-gnu (x86_64)
--
-- Host: localhost    Database: xvrythng
-- ------------------------------------------------------
-- Server version	10.11.14-MariaDB-0ubuntu0.24.04.1

/*!40101 SET @OLD_CHARACTER_SET_CLIENT=@@CHARACTER_SET_CLIENT */;
/*!40101 SET @OLD_CHARACTER_SET_RESULTS=@@CHARACTER_SET_RESULTS */;
/*!40101 SET @OLD_COLLATION_CONNECTION=@@COLLATION_CONNECTION */;
/*!40101 SET NAMES utf8mb4 */;
/*!40103 SET @OLD_TIME_ZONE=@@TIME_ZONE */;
/*!40103 SET TIME_ZONE='+00:00' */;
/*!40014 SET @OLD_UNIQUE_CHECKS=@@UNIQUE_CHECKS, UNIQUE_CHECKS=0 */;
/*!40014 SET @OLD_FOREIGN_KEY_CHECKS=@@FOREIGN_KEY_CHECKS, FOREIGN_KEY_CHECKS=0 */;
/*!40101 SET @OLD_SQL_MODE=@@SQL_MODE, SQL_MODE='NO_AUTO_VALUE_ON_ZERO' */;
/*!40111 SET @OLD_SQL_NOTES=@@SQL_NOTES, SQL_NOTES=0 */;

--
-- Table structure for table `activity_logs`
--

DROP TABLE IF EXISTS `activity_logs`;
/*!40101 SET @saved_cs_client     = @@character_set_client */;
/*!40101 SET character_set_client = utf8mb4 */;
CREATE TABLE `activity_logs` (
  `id` bigint(20) unsigned NOT NULL AUTO_INCREMENT,
  `company_id` int(10) unsigned DEFAULT NULL,
  `user_id` int(10) unsigned DEFAULT NULL,
  `lead_id` bigint(20) unsigned DEFAULT NULL,
  `action_type` enum('lead_created','stage_changed','proposal_sent','call_logged','lead_updated','project_updated','project_stage_changed','project_schedule_updated','project_assignees_updated') NOT NULL,
  `description` varchar(255) NOT NULL,
  `meta_json` longtext CHARACTER SET utf8mb4 COLLATE utf8mb4_bin DEFAULT NULL CHECK (json_valid(`meta_json`)),
  `created_at` timestamp NOT NULL DEFAULT current_timestamp(),
  PRIMARY KEY (`id`),
  KEY `idx_activity_company_created` (`company_id`,`created_at`),
  KEY `idx_activity_lead_created` (`lead_id`,`created_at`),
  KEY `idx_activity_user_created` (`user_id`,`created_at`),
  CONSTRAINT `fk_activity_company` FOREIGN KEY (`company_id`) REFERENCES `companies` (`id`) ON DELETE SET NULL,
  CONSTRAINT `fk_activity_lead` FOREIGN KEY (`lead_id`) REFERENCES `leads` (`id`) ON DELETE SET NULL,
  CONSTRAINT `fk_activity_user` FOREIGN KEY (`user_id`) REFERENCES `users` (`id`) ON DELETE SET NULL
) ENGINE=InnoDB AUTO_INCREMENT=22 DEFAULT CHARSET=utf8mb4 COLLATE=utf8mb4_unicode_ci;
/*!40101 SET character_set_client = @saved_cs_client */;

--
-- Dumping data for table `activity_logs`
--

LOCK TABLES `activity_logs` WRITE;
/*!40000 ALTER TABLE `activity_logs` DISABLE KEYS */;
INSERT INTO `activity_logs` VALUES
(1,1,1,86,'stage_changed','moved \"Paul Gloury\" to closed_won','{\"from\":null,\"to\":\"closed_won\"}','2026-03-19 00:43:39'),
(2,1,1,85,'stage_changed','moved \"Markus Wagner\" to closed_won','{\"from\":null,\"to\":\"closed_won\"}','2026-03-19 01:38:56'),
(3,1,1,87,'stage_changed','moved \"Lou Marasco\" to closed_won','{\"from\":null,\"to\":\"closed_won\"}','2026-03-19 01:56:58'),
(4,1,1,83,'stage_changed','moved \"Daniel Martin\" to closed_won','{\"from\":null,\"to\":\"closed_won\"}','2026-03-19 02:02:52'),
(5,1,1,79,'stage_changed','moved \"Hugh Haley\" to closed_won','{\"from\":null,\"to\":\"closed_won\"}','2026-03-19 12:54:03'),
(6,1,1,81,'stage_changed','moved \"Ross Edwards\" to closed_won','{\"from\":null,\"to\":\"closed_won\"}','2026-03-23 01:41:50'),
(7,1,16,89,'lead_created','created lead \"TESTING\"','{\"stage\":\"inspection_booked\",\"value_amount\":null}','2026-03-24 21:35:02'),
(8,1,5,90,'lead_created','created lead \"Nishul Pithadia\"','{\"stage\":\"new\",\"value_amount\":null}','2026-03-25 07:17:11'),
(9,1,16,65,'stage_changed','moved \"David Nguyen\" to contacted','{\"from\":null,\"to\":\"contacted\"}','2026-03-25 23:33:46'),
(10,1,16,65,'stage_changed','moved \"David Nguyen\" to new','{\"from\":null,\"to\":\"new\"}','2026-03-25 23:33:50'),
(11,1,1,108,'lead_created','created lead \"test site inspection\"','{\"stage\":\"inspection_booked\",\"value_amount\":null}','2026-03-26 04:03:03'),
(12,1,1,114,'lead_created','created lead \"test\"','{\"stage\":\"inspection_booked\",\"value_amount\":null}','2026-03-26 06:34:17'),
(13,1,1,115,'lead_created','created lead \"abc som\"','{\"stage\":\"inspection_booked\",\"value_amount\":null}','2026-03-26 06:52:32'),
(14,1,1,116,'lead_created','created lead \"6Test\"','{\"stage\":\"new\",\"value_amount\":null}','2026-03-26 07:12:16'),
(15,1,1,107,'stage_changed','moved \"John Usher\" to qualified','{\"from\":null,\"to\":\"qualified\"}','2026-03-31 18:51:31'),
(16,1,1,117,'lead_created','created lead \"dsff\"','{\"stage\":\"new\",\"value_amount\":null}','2026-03-31 19:01:39'),
(17,1,1,118,'lead_created','created lead \"dsff\"','{\"stage\":\"new\",\"value_amount\":null}','2026-03-31 19:03:52'),
(18,1,1,119,'lead_created','created lead \"Lê Nguyễn Nhựt Minh\"','{\"stage\":\"closed_won\",\"value_amount\":null}','2026-04-01 00:43:36'),
(19,1,1,120,'lead_created','created lead \"Lê Nguyễn Nhựt Minh123\"','{\"stage\":\"closed_won\",\"value_amount\":null}','2026-04-01 00:52:51'),
(20,1,1,105,'proposal_sent','sent proposal for \"Paul Hunter\"','{\"from\":null,\"to\":\"proposal_sent\"}','2026-04-02 06:13:18'),
(21,1,1,105,'stage_changed','moved \"Paul Hunter\" to inspection_completed','{\"from\":null,\"to\":\"inspection_completed\"}','2026-04-02 06:13:19');
/*!40000 ALTER TABLE `activity_logs` ENABLE KEYS */;
UNLOCK TABLES;

--
-- Table structure for table `approval_activity`
--

DROP TABLE IF EXISTS `approval_activity`;
/*!40101 SET @saved_cs_client     = @@character_set_client */;
/*!40101 SET character_set_client = utf8mb4 */;
CREATE TABLE `approval_activity` (
  `id` int(10) unsigned NOT NULL AUTO_INCREMENT,
  `company_id` int(10) unsigned NOT NULL,
  `approval_type` enum('leave','expense','attendance') NOT NULL,
  `approval_id` int(10) unsigned NOT NULL,
  `employee_id` int(10) unsigned NOT NULL,
  `actor_user_id` int(10) unsigned NOT NULL,
  `action` enum('approved','rejected') NOT NULL,
  `comment` text NOT NULL,
  `created_at` timestamp NOT NULL DEFAULT current_timestamp(),
  PRIMARY KEY (`id`),
  KEY `idx_approval_activity_company` (`company_id`),
  KEY `idx_approval_activity_target` (`approval_type`,`approval_id`),
  KEY `idx_approval_activity_employee` (`employee_id`),
  KEY `idx_approval_activity_actor` (`actor_user_id`),
  CONSTRAINT `approval_activity_ibfk_1` FOREIGN KEY (`company_id`) REFERENCES `companies` (`id`) ON DELETE CASCADE,
  CONSTRAINT `approval_activity_ibfk_2` FOREIGN KEY (`employee_id`) REFERENCES `employees` (`id`) ON DELETE CASCADE,
  CONSTRAINT `approval_activity_ibfk_3` FOREIGN KEY (`actor_user_id`) REFERENCES `users` (`id`) ON DELETE CASCADE
) ENGINE=InnoDB AUTO_INCREMENT=3 DEFAULT CHARSET=utf8mb4 COLLATE=utf8mb4_unicode_ci;
/*!40101 SET character_set_client = @saved_cs_client */;

--
-- Dumping data for table `approval_activity`
--

LOCK TABLES `approval_activity` WRITE;
/*!40000 ALTER TABLE `approval_activity` DISABLE KEYS */;
INSERT INTO `approval_activity` VALUES
(1,1,'expense',1,3,1,'approved','tetst','2026-03-20 02:04:15'),
(2,1,'attendance',1,3,5,'approved','test','2026-03-23 01:58:44');
/*!40000 ALTER TABLE `approval_activity` ENABLE KEYS */;
UNLOCK TABLES;

--
-- Table structure for table `attendance_edit_requests`
--

DROP TABLE IF EXISTS `attendance_edit_requests`;
/*!40101 SET @saved_cs_client     = @@character_set_client */;
/*!40101 SET character_set_client = utf8mb4 */;
CREATE TABLE `attendance_edit_requests` (
  `id` int(10) unsigned NOT NULL AUTO_INCREMENT,
  `company_id` int(10) unsigned NOT NULL,
  `employee_id` int(10) unsigned NOT NULL,
  `attendance_id` int(10) unsigned NOT NULL,
  `orig_check_in` datetime DEFAULT NULL,
  `orig_check_out` datetime DEFAULT NULL,
  `orig_hours` decimal(5,2) DEFAULT NULL,
  `req_check_in` datetime NOT NULL,
  `req_check_out` datetime NOT NULL,
  `reason` text NOT NULL,
  `status` enum('pending','approved','rejected') NOT NULL DEFAULT 'pending',
  `reviewed_by` int(10) unsigned DEFAULT NULL,
  `reviewed_at` datetime DEFAULT NULL,
  `reviewer_note` text DEFAULT NULL,
  `created_at` datetime NOT NULL DEFAULT current_timestamp(),
  `updated_at` datetime NOT NULL DEFAULT current_timestamp() ON UPDATE current_timestamp(),
  PRIMARY KEY (`id`),
  KEY `idx_company_status` (`company_id`,`status`),
  KEY `idx_employee` (`employee_id`)
) ENGINE=InnoDB AUTO_INCREMENT=2 DEFAULT CHARSET=utf8mb4 COLLATE=utf8mb4_general_ci;
/*!40101 SET character_set_client = @saved_cs_client */;

--
-- Dumping data for table `attendance_edit_requests`
--

LOCK TABLES `attendance_edit_requests` WRITE;
/*!40000 ALTER TABLE `attendance_edit_requests` DISABLE KEYS */;
INSERT INTO `attendance_edit_requests` VALUES
(1,1,3,3,'2026-03-16 23:44:28','2026-03-16 23:44:29',0.00,'2026-03-17 08:00:00','2026-03-17 17:00:00','Forgot to check out','approved',5,'2026-03-23 01:58:44','test','2026-03-23 00:15:14','2026-03-23 01:58:44');
/*!40000 ALTER TABLE `attendance_edit_requests` ENABLE KEYS */;
UNLOCK TABLES;

--
-- Table structure for table `companies`
--

DROP TABLE IF EXISTS `companies`;
/*!40101 SET @saved_cs_client     = @@character_set_client */;
/*!40101 SET character_set_client = utf8mb4 */;
CREATE TABLE `companies` (
  `id` int(10) unsigned NOT NULL AUTO_INCREMENT,
  `name` varchar(255) NOT NULL,
  `slug` varchar(100) NOT NULL,
  `status` enum('active','suspended','trial') NOT NULL DEFAULT 'active',
  `abn` varchar(20) DEFAULT NULL,
  `contact_email` varchar(255) DEFAULT NULL,
  `contact_phone` varchar(50) DEFAULT NULL,
  `address_line1` varchar(255) DEFAULT NULL,
  `address_line2` varchar(255) DEFAULT NULL,
  `city` varchar(100) DEFAULT NULL,
  `state` varchar(100) DEFAULT NULL,
  `postcode` varchar(20) DEFAULT NULL,
  `country` varchar(100) DEFAULT 'Australia',
  `company_type_id` tinyint(3) unsigned DEFAULT NULL,
  `created_at` timestamp NOT NULL DEFAULT current_timestamp(),
  `updated_at` timestamp NOT NULL DEFAULT current_timestamp() ON UPDATE current_timestamp(),
  `enabled_modules` longtext CHARACTER SET utf8mb4 COLLATE utf8mb4_bin DEFAULT NULL COMMENT 'Feature toggles: sales, on_field, project_management, operations, customer_portal, communications' CHECK (json_valid(`enabled_modules`)),
  `workflow_config` longtext CHARACTER SET utf8mb4 COLLATE utf8mb4_bin DEFAULT NULL COMMENT 'Per-pipeline stage definitions: sales, project_management' CHECK (json_valid(`workflow_config`)),
  PRIMARY KEY (`id`),
  UNIQUE KEY `slug` (`slug`),
  KEY `idx_companies_slug` (`slug`),
  KEY `idx_companies_status` (`status`),
  KEY `fk_companies_type` (`company_type_id`),
  CONSTRAINT `fk_companies_type` FOREIGN KEY (`company_type_id`) REFERENCES `company_types` (`id`) ON DELETE SET NULL
) ENGINE=InnoDB AUTO_INCREMENT=3 DEFAULT CHARSET=utf8mb4 COLLATE=utf8mb4_unicode_ci;
/*!40101 SET character_set_client = @saved_cs_client */;

--
-- Dumping data for table `companies`
--

LOCK TABLES `companies` WRITE;
/*!40000 ALTER TABLE `companies` DISABLE KEYS */;
INSERT INTO `companies` VALUES
(1,'xTechs','xtechs','active','111222333','xtech@gmail.com','+61433193725','test','test','test','test','1111','Australia',1,'2026-02-08 23:29:33','2026-02-08 23:29:33',NULL,NULL),
(2,'Message Testing','message-testing','active','11111111','message@gmail.com','+61433193725','40shalimar',NULL,'Mel','VIC','3175','Australia',1,'2026-03-06 00:39:40','2026-03-06 00:39:40',NULL,NULL);
/*!40000 ALTER TABLE `companies` ENABLE KEYS */;
UNLOCK TABLES;

--
-- Table structure for table `company_payroll_settings`
--

DROP TABLE IF EXISTS `company_payroll_settings`;
/*!40101 SET @saved_cs_client     = @@character_set_client */;
/*!40101 SET character_set_client = utf8mb4 */;
CREATE TABLE `company_payroll_settings` (
  `id` int(10) unsigned NOT NULL AUTO_INCREMENT,
  `company_id` int(10) unsigned NOT NULL,
  `flat_tax_rate` decimal(6,4) NOT NULL DEFAULT 0.2000,
  `weekly_threshold` decimal(8,2) NOT NULL DEFAULT 40.00,
  `fortnight_threshold` decimal(8,2) NOT NULL DEFAULT 80.00,
  `overtime_multiplier` decimal(6,3) NOT NULL DEFAULT 1.500,
  `created_at` timestamp NOT NULL DEFAULT current_timestamp(),
  `updated_at` timestamp NOT NULL DEFAULT current_timestamp() ON UPDATE current_timestamp(),
  PRIMARY KEY (`id`),
  UNIQUE KEY `uk_company_payroll_settings_company` (`company_id`),
  CONSTRAINT `fk_company_payroll_settings_company` FOREIGN KEY (`company_id`) REFERENCES `companies` (`id`) ON DELETE CASCADE
) ENGINE=InnoDB AUTO_INCREMENT=4 DEFAULT CHARSET=utf8mb4 COLLATE=utf8mb4_unicode_ci;
/*!40101 SET character_set_client = @saved_cs_client */;

--
-- Dumping data for table `company_payroll_settings`
--

LOCK TABLES `company_payroll_settings` WRITE;
/*!40000 ALTER TABLE `company_payroll_settings` DISABLE KEYS */;
INSERT INTO `company_payroll_settings` VALUES
(1,1,0.2000,40.00,80.00,1.500,'2026-03-19 00:32:23','2026-03-19 00:32:23'),
(2,2,0.2000,40.00,80.00,1.500,'2026-03-19 00:32:23','2026-03-19 00:32:23');
/*!40000 ALTER TABLE `company_payroll_settings` ENABLE KEYS */;
UNLOCK TABLES;

--
-- Table structure for table `company_type_modules`
--

DROP TABLE IF EXISTS `company_type_modules`;
/*!40101 SET @saved_cs_client     = @@character_set_client */;
/*!40101 SET character_set_client = utf8mb4 */;
CREATE TABLE `company_type_modules` (
  `company_type_id` tinyint(3) unsigned NOT NULL,
  `module_key` varchar(80) NOT NULL,
  `created_at` timestamp NOT NULL DEFAULT current_timestamp(),
  PRIMARY KEY (`company_type_id`,`module_key`),
  KEY `idx_ctm_module` (`module_key`),
  CONSTRAINT `company_type_modules_ibfk_1` FOREIGN KEY (`company_type_id`) REFERENCES `company_types` (`id`) ON DELETE CASCADE
) ENGINE=InnoDB DEFAULT CHARSET=utf8mb4 COLLATE=utf8mb4_unicode_ci;
/*!40101 SET character_set_client = @saved_cs_client */;

--
-- Dumping data for table `company_type_modules`
--

LOCK TABLES `company_type_modules` WRITE;
/*!40000 ALTER TABLE `company_type_modules` DISABLE KEYS */;
INSERT INTO `company_type_modules` VALUES
(1,'attendance','2026-02-08 23:02:47'),
(1,'installation','2026-03-16 00:55:20'),
(1,'leads','2026-02-08 23:02:47'),
(1,'leave','2026-04-01 05:08:59'),
(1,'messages','2026-02-08 23:02:47'),
(1,'on_field','2026-02-08 23:02:47'),
(1,'operations','2026-02-08 23:02:47'),
(1,'payroll','2026-03-24 03:48:48'),
(1,'projects','2026-02-08 23:02:47'),
(1,'referrals','2026-02-08 23:02:47'),
(1,'site_inspection','2026-03-19 03:27:49'),
(1,'support','2026-04-01 00:46:30'),
(2,'installation','2026-03-16 00:55:20'),
(2,'on_field','2026-02-08 23:02:47'),
(2,'operations','2026-02-08 23:02:47'),
(2,'payroll','2026-03-24 03:48:48'),
(2,'projects','2026-02-08 23:02:47'),
(2,'site_inspection','2026-03-19 03:27:49'),
(3,'attendance','2026-02-08 23:02:47'),
(3,'installation','2026-03-16 00:55:20'),
(3,'leads','2026-02-08 23:02:47'),
(3,'leave','2026-04-01 05:08:59'),
(3,'messages','2026-02-08 23:02:47'),
(3,'on_field','2026-02-08 23:02:47'),
(3,'operations','2026-02-08 23:02:47'),
(3,'payroll','2026-03-24 03:48:48'),
(3,'projects','2026-02-08 23:02:47'),
(3,'referrals','2026-02-08 23:02:47'),
(3,'site_inspection','2026-03-19 03:27:49'),
(3,'support','2026-04-01 00:46:30');
/*!40000 ALTER TABLE `company_type_modules` ENABLE KEYS */;
UNLOCK TABLES;

--
-- Table structure for table `company_types`
--

DROP TABLE IF EXISTS `company_types`;
/*!40101 SET @saved_cs_client     = @@character_set_client */;
/*!40101 SET character_set_client = utf8mb4 */;
CREATE TABLE `company_types` (
  `id` tinyint(3) unsigned NOT NULL AUTO_INCREMENT,
  `name` varchar(100) NOT NULL,
  `description` varchar(255) DEFAULT NULL,
  `created_at` timestamp NOT NULL DEFAULT current_timestamp(),
  PRIMARY KEY (`id`),
  UNIQUE KEY `name` (`name`),
  KEY `idx_company_types_name` (`name`)
) ENGINE=InnoDB AUTO_INCREMENT=7 DEFAULT CHARSET=utf8mb4 COLLATE=utf8mb4_unicode_ci;
/*!40101 SET character_set_client = @saved_cs_client */;

--
-- Dumping data for table `company_types`
--

LOCK TABLES `company_types` WRITE;
/*!40000 ALTER TABLE `company_types` DISABLE KEYS */;
INSERT INTO `company_types` VALUES
(1,'solar_retailer','Solar retailer – full CRM, projects, field','2026-02-08 23:02:47'),
(2,'installer','Installer – projects and field only','2026-02-08 23:02:47'),
(3,'enterprise','Enterprise – all modules','2026-02-08 23:02:47');
/*!40000 ALTER TABLE `company_types` ENABLE KEYS */;
UNLOCK TABLES;

--
-- Table structure for table `conversation_participants`
--

DROP TABLE IF EXISTS `conversation_participants`;
/*!40101 SET @saved_cs_client     = @@character_set_client */;
/*!40101 SET character_set_client = utf8mb4 */;
CREATE TABLE `conversation_participants` (
  `id` int(10) unsigned NOT NULL AUTO_INCREMENT,
  `conversation_id` int(10) unsigned NOT NULL,
  `user_id` int(10) unsigned NOT NULL,
  `last_read_at` timestamp NULL DEFAULT NULL,
  `joined_at` timestamp NOT NULL DEFAULT current_timestamp(),
  PRIMARY KEY (`id`),
  UNIQUE KEY `uk_conv_participant` (`conversation_id`,`user_id`),
  KEY `idx_conv_participants_user` (`user_id`),
  CONSTRAINT `conversation_participants_ibfk_1` FOREIGN KEY (`conversation_id`) REFERENCES `conversations` (`id`) ON DELETE CASCADE,
  CONSTRAINT `conversation_participants_ibfk_2` FOREIGN KEY (`user_id`) REFERENCES `users` (`id`) ON DELETE CASCADE
) ENGINE=InnoDB AUTO_INCREMENT=25 DEFAULT CHARSET=utf8mb4 COLLATE=utf8mb4_unicode_ci;
/*!40101 SET character_set_client = @saved_cs_client */;

--
-- Dumping data for table `conversation_participants`
--

LOCK TABLES `conversation_participants` WRITE;
/*!40000 ALTER TABLE `conversation_participants` DISABLE KEYS */;
INSERT INTO `conversation_participants` VALUES
(1,1,1,'2026-03-23 00:42:46','2026-03-03 22:42:11'),
(2,1,7,NULL,'2026-03-03 22:42:11'),
(3,2,1,'2026-03-23 00:43:06','2026-03-06 00:35:49'),
(4,2,5,'2026-03-23 00:57:50','2026-03-06 00:35:49'),
(5,3,5,'2026-03-15 09:53:12','2026-03-06 04:05:09'),
(6,3,7,NULL,'2026-03-06 04:05:09'),
(7,4,5,'2026-03-15 09:53:08','2026-03-06 04:05:18'),
(8,4,7,NULL,'2026-03-06 04:05:18'),
(9,4,6,NULL,'2026-03-06 04:05:18'),
(10,4,3,NULL,'2026-03-06 04:05:18'),
(11,5,5,'2026-03-15 09:53:17','2026-03-06 04:05:26'),
(12,5,1,'2026-03-27 12:21:25','2026-03-06 04:05:26'),
(13,6,5,'2026-03-15 09:53:17','2026-03-09 23:23:21'),
(14,6,7,NULL,'2026-03-09 23:23:21'),
(15,6,6,NULL,'2026-03-09 23:23:21'),
(16,6,1,'2026-03-27 10:35:38','2026-03-09 23:23:21'),
(17,7,1,'2026-03-27 12:21:26','2026-03-20 02:04:15'),
(18,7,5,'2026-03-23 00:59:05','2026-03-20 02:04:15'),
(19,8,1,'2026-04-01 03:15:21','2026-03-22 23:41:49'),
(20,8,14,NULL,'2026-03-22 23:41:49'),
(21,9,1,'2026-04-01 03:15:07','2026-03-22 23:42:05'),
(22,9,11,'2026-03-23 00:40:31','2026-03-22 23:42:05'),
(23,10,16,'2026-03-25 23:45:40','2026-03-25 23:45:39'),
(24,10,5,NULL,'2026-03-25 23:45:39');
/*!40000 ALTER TABLE `conversation_participants` ENABLE KEYS */;
UNLOCK TABLES;

--
-- Table structure for table `conversations`
--

DROP TABLE IF EXISTS `conversations`;
/*!40101 SET @saved_cs_client     = @@character_set_client */;
/*!40101 SET character_set_client = utf8mb4 */;
CREATE TABLE `conversations` (
  `id` int(10) unsigned NOT NULL AUTO_INCREMENT,
  `company_id` int(10) unsigned DEFAULT NULL,
  `type` enum('dm','group') NOT NULL DEFAULT 'dm',
  `name` varchar(255) DEFAULT NULL,
  `created_at` timestamp NOT NULL DEFAULT current_timestamp(),
  `updated_at` timestamp NOT NULL DEFAULT current_timestamp() ON UPDATE current_timestamp(),
  PRIMARY KEY (`id`),
  KEY `idx_conversations_company` (`company_id`),
  CONSTRAINT `conversations_ibfk_1` FOREIGN KEY (`company_id`) REFERENCES `companies` (`id`) ON DELETE CASCADE
) ENGINE=InnoDB AUTO_INCREMENT=11 DEFAULT CHARSET=utf8mb4 COLLATE=utf8mb4_unicode_ci;
/*!40101 SET character_set_client = @saved_cs_client */;

--
-- Dumping data for table `conversations`
--

LOCK TABLES `conversations` WRITE;
/*!40000 ALTER TABLE `conversations` DISABLE KEYS */;
INSERT INTO `conversations` VALUES
(1,1,'dm',NULL,'2026-03-03 22:42:11','2026-03-03 22:42:11'),
(2,NULL,'dm',NULL,'2026-03-06 00:35:49','2026-03-06 00:35:49'),
(3,1,'dm',NULL,'2026-03-06 04:05:09','2026-03-06 04:05:09'),
(4,1,'group','Group Chat','2026-03-06 04:05:18','2026-03-06 04:05:18'),
(5,1,'group','Group Chat','2026-03-06 04:05:26','2026-03-06 04:05:26'),
(6,1,'group','Testing groupchat','2026-03-09 23:23:21','2026-03-09 23:23:21'),
(7,1,'dm',NULL,'2026-03-20 02:04:15','2026-03-20 02:04:15'),
(8,NULL,'dm',NULL,'2026-03-22 23:41:49','2026-03-22 23:41:49'),
(9,NULL,'dm',NULL,'2026-03-22 23:42:05','2026-03-22 23:42:05'),
(10,1,'dm',NULL,'2026-03-25 23:45:39','2026-03-25 23:45:39');
/*!40000 ALTER TABLE `conversations` ENABLE KEYS */;
UNLOCK TABLES;

--
-- Table structure for table `custom_role_permissions`
--

DROP TABLE IF EXISTS `custom_role_permissions`;
/*!40101 SET @saved_cs_client     = @@character_set_client */;
/*!40101 SET character_set_client = utf8mb4 */;
CREATE TABLE `custom_role_permissions` (
  `custom_role_id` int(10) unsigned NOT NULL,
  `permission_id` int(10) unsigned NOT NULL,
  `created_at` timestamp NOT NULL DEFAULT current_timestamp(),
  PRIMARY KEY (`custom_role_id`,`permission_id`),
  KEY `permission_id` (`permission_id`),
  CONSTRAINT `custom_role_permissions_ibfk_1` FOREIGN KEY (`custom_role_id`) REFERENCES `custom_roles` (`id`) ON DELETE CASCADE,
  CONSTRAINT `custom_role_permissions_ibfk_2` FOREIGN KEY (`permission_id`) REFERENCES `permissions` (`id`) ON DELETE CASCADE
) ENGINE=InnoDB DEFAULT CHARSET=utf8mb4 COLLATE=utf8mb4_unicode_ci;
/*!40101 SET character_set_client = @saved_cs_client */;

--
-- Dumping data for table `custom_role_permissions`
--

LOCK TABLES `custom_role_permissions` WRITE;
/*!40000 ALTER TABLE `custom_role_permissions` DISABLE KEYS */;
/*!40000 ALTER TABLE `custom_role_permissions` ENABLE KEYS */;
UNLOCK TABLES;

--
-- Table structure for table `custom_roles`
--

DROP TABLE IF EXISTS `custom_roles`;
/*!40101 SET @saved_cs_client     = @@character_set_client */;
/*!40101 SET character_set_client = utf8mb4 */;
CREATE TABLE `custom_roles` (
  `id` int(10) unsigned NOT NULL AUTO_INCREMENT,
  `company_id` int(10) unsigned NOT NULL,
  `name` varchar(80) NOT NULL,
  `description` varchar(255) DEFAULT NULL,
  `created_at` timestamp NOT NULL DEFAULT current_timestamp(),
  `updated_at` timestamp NOT NULL DEFAULT current_timestamp() ON UPDATE current_timestamp(),
  PRIMARY KEY (`id`),
  UNIQUE KEY `uk_custom_role_company_name` (`company_id`,`name`),
  KEY `idx_custom_roles_company` (`company_id`),
  CONSTRAINT `custom_roles_ibfk_1` FOREIGN KEY (`company_id`) REFERENCES `companies` (`id`) ON DELETE CASCADE
) ENGINE=InnoDB DEFAULT CHARSET=utf8mb4 COLLATE=utf8mb4_unicode_ci;
/*!40101 SET character_set_client = @saved_cs_client */;

--
-- Dumping data for table `custom_roles`
--

LOCK TABLES `custom_roles` WRITE;
/*!40000 ALTER TABLE `custom_roles` DISABLE KEYS */;
/*!40000 ALTER TABLE `custom_roles` ENABLE KEYS */;
UNLOCK TABLES;

--
-- Table structure for table `departments`
--

DROP TABLE IF EXISTS `departments`;
/*!40101 SET @saved_cs_client     = @@character_set_client */;
/*!40101 SET character_set_client = utf8mb4 */;
CREATE TABLE `departments` (
  `id` int(10) unsigned NOT NULL AUTO_INCREMENT,
  `company_id` int(10) unsigned NOT NULL,
  `name` varchar(150) NOT NULL,
  `code` varchar(50) DEFAULT NULL,
  `created_at` timestamp NOT NULL DEFAULT current_timestamp(),
  PRIMARY KEY (`id`),
  UNIQUE KEY `uk_dept_company_name` (`company_id`,`name`),
  CONSTRAINT `fk_dept_company` FOREIGN KEY (`company_id`) REFERENCES `companies` (`id`) ON DELETE CASCADE
) ENGINE=InnoDB AUTO_INCREMENT=6 DEFAULT CHARSET=utf8mb4 COLLATE=utf8mb4_unicode_ci;
/*!40101 SET character_set_client = @saved_cs_client */;

--
-- Dumping data for table `departments`
--

LOCK TABLES `departments` WRITE;
/*!40000 ALTER TABLE `departments` DISABLE KEYS */;
INSERT INTO `departments` VALUES
(1,1,'Electrical','ELE','2026-02-24 01:48:59'),
(2,1,'Sales','SAL','2026-02-24 01:48:59'),
(3,1,'Operations','OPS','2026-02-24 01:48:59'),
(4,1,'Projects Manangment','PRJ','2026-02-24 01:48:59'),
(5,1,'Executive','EXE','2026-02-24 01:48:59');
/*!40000 ALTER TABLE `departments` ENABLE KEYS */;
UNLOCK TABLES;

--
-- Table structure for table `emergency_contacts`
--

DROP TABLE IF EXISTS `emergency_contacts`;
/*!40101 SET @saved_cs_client     = @@character_set_client */;
/*!40101 SET character_set_client = utf8mb4 */;
CREATE TABLE `emergency_contacts` (
  `id` int(10) unsigned NOT NULL AUTO_INCREMENT,
  `employee_id` int(10) unsigned NOT NULL,
  `contact_name` varchar(150) NOT NULL,
  `relationship` varchar(100) DEFAULT NULL,
  `phone` varchar(50) NOT NULL,
  `email` varchar(150) DEFAULT NULL,
  `address` varchar(255) DEFAULT NULL,
  PRIMARY KEY (`id`),
  KEY `fk_emg_emp` (`employee_id`),
  CONSTRAINT `fk_emg_emp` FOREIGN KEY (`employee_id`) REFERENCES `employees` (`id`) ON DELETE CASCADE
) ENGINE=InnoDB DEFAULT CHARSET=utf8mb4 COLLATE=utf8mb4_unicode_ci;
/*!40101 SET character_set_client = @saved_cs_client */;

--
-- Dumping data for table `emergency_contacts`
--

LOCK TABLES `emergency_contacts` WRITE;
/*!40000 ALTER TABLE `emergency_contacts` DISABLE KEYS */;
/*!40000 ALTER TABLE `emergency_contacts` ENABLE KEYS */;
UNLOCK TABLES;

--
-- Table structure for table `employee_attendance`
--

DROP TABLE IF EXISTS `employee_attendance`;
/*!40101 SET @saved_cs_client     = @@character_set_client */;
/*!40101 SET character_set_client = utf8mb4 */;
CREATE TABLE `employee_attendance` (
  `id` int(10) unsigned NOT NULL AUTO_INCREMENT,
  `company_id` int(10) unsigned NOT NULL,
  `employee_id` int(10) unsigned NOT NULL,
  `check_in_time` datetime NOT NULL,
  `check_in_lat` decimal(10,8) DEFAULT NULL,
  `check_in_lng` decimal(11,8) DEFAULT NULL,
  `check_out_time` datetime DEFAULT NULL,
  `check_out_lat` decimal(10,8) DEFAULT NULL,
  `check_out_lng` decimal(11,8) DEFAULT NULL,
  `hours_worked` decimal(5,2) DEFAULT NULL,
  `date` date NOT NULL,
  `created_at` timestamp NOT NULL DEFAULT current_timestamp(),
  `updated_at` timestamp NOT NULL DEFAULT current_timestamp() ON UPDATE current_timestamp(),
  PRIMARY KEY (`id`),
  KEY `idx_emp_attendance_company` (`company_id`),
  KEY `idx_emp_attendance_employee` (`employee_id`),
  KEY `idx_emp_attendance_date` (`date`)
) ENGINE=InnoDB AUTO_INCREMENT=9 DEFAULT CHARSET=utf8mb4 COLLATE=utf8mb4_unicode_ci;
/*!40101 SET character_set_client = @saved_cs_client */;

--
-- Dumping data for table `employee_attendance`
--

LOCK TABLES `employee_attendance` WRITE;
/*!40000 ALTER TABLE `employee_attendance` DISABLE KEYS */;
INSERT INTO `employee_attendance` VALUES
(1,1,3,'2026-03-13 17:02:30',-37.95678180,145.21286424,'2026-03-13 17:02:35',-37.95678180,145.21286424,0.00,'2026-03-13','2026-03-13 06:02:30','2026-03-13 06:02:35'),
(2,1,3,'2026-03-15 20:52:25',NULL,NULL,'2026-03-15 20:52:33',NULL,NULL,0.00,'2026-03-15','2026-03-15 09:52:25','2026-03-15 09:52:33'),
(3,1,3,'2026-03-17 08:00:00',-37.95677909,145.21281746,'2026-03-17 17:00:00',-37.95677909,145.21281746,9.00,'2026-03-16','2026-03-16 12:44:28','2026-03-23 01:58:44'),
(4,1,3,'2026-03-23 00:14:11',NULL,NULL,'2026-03-23 03:28:54',NULL,NULL,3.25,'2026-03-23','2026-03-23 00:14:11','2026-03-23 03:28:54'),
(5,1,13,'2026-03-23 23:28:13',NULL,NULL,NULL,NULL,NULL,NULL,'2026-03-23','2026-03-23 23:28:13','2026-03-23 23:28:13'),
(6,1,13,'2026-03-25 23:41:01',NULL,NULL,NULL,NULL,NULL,NULL,'2026-03-25','2026-03-25 23:41:01','2026-03-25 23:41:01'),
(7,1,13,'2026-03-26 01:07:02',NULL,NULL,NULL,NULL,NULL,NULL,'2026-03-26','2026-03-26 01:07:02','2026-03-26 01:07:02'),
(8,1,13,'2026-03-29 21:12:39',NULL,NULL,NULL,NULL,NULL,NULL,'2026-03-29','2026-03-29 21:12:39','2026-03-29 21:12:39');
/*!40000 ALTER TABLE `employee_attendance` ENABLE KEYS */;
UNLOCK TABLES;

--
-- Table structure for table `employee_documents`
--

DROP TABLE IF EXISTS `employee_documents`;
/*!40101 SET @saved_cs_client     = @@character_set_client */;
/*!40101 SET character_set_client = utf8mb4 */;
CREATE TABLE `employee_documents` (
  `id` bigint(20) unsigned NOT NULL AUTO_INCREMENT,
  `employee_id` int(10) unsigned NOT NULL,
  `company_id` int(10) unsigned NOT NULL,
  `filename` varchar(255) NOT NULL,
  `storage_url` text NOT NULL,
  `mime_type` varchar(100) DEFAULT NULL,
  `size_bytes` bigint(20) DEFAULT NULL,
  `label` varchar(150) DEFAULT NULL,
  `notes` text DEFAULT NULL,
  `uploaded_by` int(10) unsigned DEFAULT NULL,
  `created_at` datetime NOT NULL DEFAULT current_timestamp(),
  PRIMARY KEY (`id`),
  KEY `idx_empdoc_employee` (`employee_id`),
  KEY `idx_empdoc_company` (`company_id`),
  CONSTRAINT `fk_empdoc_company` FOREIGN KEY (`company_id`) REFERENCES `companies` (`id`) ON DELETE CASCADE,
  CONSTRAINT `fk_empdoc_employee` FOREIGN KEY (`employee_id`) REFERENCES `employees` (`id`) ON DELETE CASCADE
) ENGINE=InnoDB AUTO_INCREMENT=2 DEFAULT CHARSET=utf8mb4 COLLATE=utf8mb4_unicode_ci;
/*!40101 SET character_set_client = @saved_cs_client */;

--
-- Dumping data for table `employee_documents`
--

LOCK TABLES `employee_documents` WRITE;
/*!40000 ALTER TABLE `employee_documents` DISABLE KEYS */;
INSERT INTO `employee_documents` VALUES
(1,6,1,'site-inspection-1 (11) (1).pdf','/uploads/employee-6/documents/2026/02/1772294850576-hmtlp0-site-inspection-1_(11)_(1).pdf','application/pdf',22649,NULL,NULL,1,'2026-02-28 23:07:30');
/*!40000 ALTER TABLE `employee_documents` ENABLE KEYS */;
UNLOCK TABLES;

--
-- Table structure for table `employee_qualifications`
--

DROP TABLE IF EXISTS `employee_qualifications`;
/*!40101 SET @saved_cs_client     = @@character_set_client */;
/*!40101 SET character_set_client = utf8mb4 */;
CREATE TABLE `employee_qualifications` (
  `employee_id` int(10) unsigned NOT NULL,
  `qualification_id` int(10) unsigned NOT NULL,
  `obtained_date` date DEFAULT NULL,
  `expires_date` date DEFAULT NULL,
  PRIMARY KEY (`employee_id`,`qualification_id`),
  KEY `fk_eq_qual` (`qualification_id`),
  CONSTRAINT `fk_eq_emp` FOREIGN KEY (`employee_id`) REFERENCES `employees` (`id`) ON DELETE CASCADE,
  CONSTRAINT `fk_eq_qual` FOREIGN KEY (`qualification_id`) REFERENCES `qualifications` (`id`) ON DELETE CASCADE
) ENGINE=InnoDB DEFAULT CHARSET=utf8mb4 COLLATE=utf8mb4_unicode_ci;
/*!40101 SET character_set_client = @saved_cs_client */;

--
-- Dumping data for table `employee_qualifications`
--

LOCK TABLES `employee_qualifications` WRITE;
/*!40000 ALTER TABLE `employee_qualifications` DISABLE KEYS */;
/*!40000 ALTER TABLE `employee_qualifications` ENABLE KEYS */;
UNLOCK TABLES;

--
-- Table structure for table `employees`
--

DROP TABLE IF EXISTS `employees`;
/*!40101 SET @saved_cs_client     = @@character_set_client */;
/*!40101 SET character_set_client = utf8mb4 */;
CREATE TABLE `employees` (
  `id` int(10) unsigned NOT NULL AUTO_INCREMENT,
  `company_id` int(10) unsigned NOT NULL,
  `user_id` int(10) unsigned DEFAULT NULL,
  `employee_code` varchar(50) DEFAULT NULL,
  `first_name` varchar(100) NOT NULL,
  `last_name` varchar(100) NOT NULL,
  `date_of_birth` date DEFAULT NULL,
  `gender` varchar(20) DEFAULT NULL,
  `email` varchar(150) NOT NULL,
  `phone` varchar(50) DEFAULT NULL,
  `address_line1` varchar(200) DEFAULT NULL,
  `address_line2` varchar(200) DEFAULT NULL,
  `city` varchar(100) DEFAULT NULL,
  `state` varchar(100) DEFAULT NULL,
  `postal_code` varchar(30) DEFAULT NULL,
  `country` varchar(100) DEFAULT NULL,
  `department_id` int(10) unsigned DEFAULT NULL,
  `job_role_id` int(10) unsigned DEFAULT NULL,
  `employment_type_id` tinyint(3) unsigned DEFAULT NULL,
  `start_date` date DEFAULT NULL,
  `end_date` date DEFAULT NULL,
  `rate_type` enum('hourly','daily','monthly','annual') DEFAULT 'monthly',
  `rate_amount` decimal(12,2) DEFAULT 0.00,
  `status` enum('active','inactive','on_leave','terminated') NOT NULL DEFAULT 'active',
  `avatar_url` varchar(255) DEFAULT NULL,
  `created_at` timestamp NOT NULL DEFAULT current_timestamp(),
  `updated_at` timestamp NOT NULL DEFAULT current_timestamp() ON UPDATE current_timestamp(),
  PRIMARY KEY (`id`),
  KEY `fk_emp_user` (`user_id`),
  KEY `fk_emp_emptype` (`employment_type_id`),
  KEY `idx_emp_company` (`company_id`),
  KEY `idx_emp_dept` (`department_id`),
  KEY `idx_emp_jobrole` (`job_role_id`),
  KEY `idx_emp_status` (`status`),
  CONSTRAINT `fk_emp_company` FOREIGN KEY (`company_id`) REFERENCES `companies` (`id`) ON DELETE CASCADE,
  CONSTRAINT `fk_emp_dept` FOREIGN KEY (`department_id`) REFERENCES `departments` (`id`) ON DELETE SET NULL,
  CONSTRAINT `fk_emp_emptype` FOREIGN KEY (`employment_type_id`) REFERENCES `employment_types` (`id`) ON DELETE SET NULL,
  CONSTRAINT `fk_emp_jobrole` FOREIGN KEY (`job_role_id`) REFERENCES `job_roles` (`id`) ON DELETE SET NULL,
  CONSTRAINT `fk_emp_user` FOREIGN KEY (`user_id`) REFERENCES `users` (`id`) ON DELETE SET NULL
) ENGINE=InnoDB AUTO_INCREMENT=14 DEFAULT CHARSET=utf8mb4 COLLATE=utf8mb4_unicode_ci;
/*!40101 SET character_set_client = @saved_cs_client */;

--
-- Dumping data for table `employees`
--

LOCK TABLES `employees` WRITE;
/*!40000 ALTER TABLE `employees` DISABLE KEYS */;
INSERT INTO `employees` VALUES
(1,1,NULL,'','Lê','Minh','0000-00-00','','lenguyennhutminh4@gmail.com','123456789','',NULL,'',NULL,NULL,'',1,2,1,'2026-05-07',NULL,'monthly',0.00,'active','','2026-02-24 03:14:31','2026-02-24 03:14:31'),
(2,1,4,'','testing','testing','0000-00-00','','lenguyennhutminh44@gmail.com','61433193725','','','','','','',1,1,1,'2025-09-09',NULL,'hourly',250.00,'active','','2026-02-25 00:41:49','2026-02-25 00:41:49'),
(3,1,5,'XTR-DIR-001','Ashley','Bronson','0000-00-00','Male','ashley@xtechsrenewable.com','123456789','','','','','','',3,7,1,NULL,NULL,'monthly',0.00,'active','','2026-02-27 23:52:51','2026-02-27 23:52:51'),
(4,1,6,'XTR-DIR-002','Liam','Jackman','0000-00-00','Male','liam@xtechsrenewable.com','','','','','','','',3,7,NULL,NULL,NULL,'monthly',0.00,'active','','2026-02-27 23:59:10','2026-02-27 23:59:10'),
(5,1,7,'XTR-ELELEAD-001','Clarke','Dean','0000-00-00','Male','clarke.dean123@gmail.com','','','','','','','',1,1,1,NULL,NULL,'monthly',0.00,'active','','2026-02-28 00:00:48','2026-02-28 00:01:24'),
(6,1,8,'XTR-DIR-003','testing','testing','0000-00-00','Male','lenguyennhutminh4@gmail.com','123456789','','','','','','',1,7,1,NULL,NULL,'monthly',0.00,'active','','2026-02-28 16:05:42','2026-03-01 22:49:47'),
(7,1,10,'XTR-DIR-004','Thư','Minh','0000-00-00','male','testinglogin@gmail.com','123456789','','','','','','',1,7,1,NULL,NULL,'monthly',0.00,'active','','2026-03-15 10:49:01','2026-03-15 10:49:02'),
(8,1,11,'XTR-PMMGR-001','Neil','Neil','1999-12-12','male','neil@xtechsrenewables.com.au','999999999','','','','','','',4,6,1,'2026-03-02',NULL,'monthly',0.00,'active','','2026-03-20 13:02:59','2026-03-20 13:02:59'),
(10,1,13,'XTR-APP-001','sadsa','dasdsd','1990-12-12','male','wajoxo7114@isfew.com','34567832434','','','','','','',1,2,1,'1990-12-12',NULL,'monthly',0.00,'active','','2026-03-22 15:47:13','2026-03-22 15:47:13'),
(11,1,14,'XTR-OPSMGR-001','Malia','Wheeler','1981-06-21','female','malia@xtechsrenewables.com.au','','','','','','','',3,5,1,NULL,NULL,'hourly',0.00,'inactive','','2026-03-22 23:14:48','2026-03-22 23:53:38'),
(13,1,16,'XTR-OPSMGR-002','Malia','Wheeler','2004-05-07','female','malia-testing@xtechsrenewable.com','','','','','','','',3,5,1,'2004-05-07',NULL,'monthly',500.00,'active','','2026-03-23 00:02:18','2026-03-23 00:02:18');
/*!40000 ALTER TABLE `employees` ENABLE KEYS */;
UNLOCK TABLES;

--
-- Table structure for table `employment_types`
--

DROP TABLE IF EXISTS `employment_types`;
/*!40101 SET @saved_cs_client     = @@character_set_client */;
/*!40101 SET character_set_client = utf8mb4 */;
CREATE TABLE `employment_types` (
  `id` tinyint(3) unsigned NOT NULL AUTO_INCREMENT,
  `name` varchar(100) NOT NULL,
  `created_at` timestamp NOT NULL DEFAULT current_timestamp(),
  PRIMARY KEY (`id`),
  UNIQUE KEY `name` (`name`)
) ENGINE=InnoDB AUTO_INCREMENT=5 DEFAULT CHARSET=utf8mb4 COLLATE=utf8mb4_unicode_ci;
/*!40101 SET character_set_client = @saved_cs_client */;

--
-- Dumping data for table `employment_types`
--

LOCK TABLES `employment_types` WRITE;
/*!40000 ALTER TABLE `employment_types` DISABLE KEYS */;
INSERT INTO `employment_types` VALUES
(1,'Full-time','2026-02-24 01:48:59'),
(2,'Part-time','2026-02-24 01:48:59'),
(3,'Contractor','2026-02-24 01:48:59'),
(4,'Intern','2026-02-24 01:48:59');
/*!40000 ALTER TABLE `employment_types` ENABLE KEYS */;
UNLOCK TABLES;

--
-- Table structure for table `expense_claims`
--

DROP TABLE IF EXISTS `expense_claims`;
/*!40101 SET @saved_cs_client     = @@character_set_client */;
/*!40101 SET character_set_client = utf8mb4 */;
CREATE TABLE `expense_claims` (
  `id` int(10) unsigned NOT NULL AUTO_INCREMENT,
  `company_id` int(10) unsigned NOT NULL,
  `employee_id` int(10) unsigned NOT NULL,
  `project_name` varchar(255) DEFAULT NULL,
  `category` enum('travel','materials','equipment','other') NOT NULL,
  `amount` decimal(12,2) NOT NULL,
  `currency` varchar(3) NOT NULL DEFAULT 'INR',
  `expense_date` date NOT NULL,
  `description` text NOT NULL,
  `receipt_path` varchar(500) DEFAULT NULL,
  `status` enum('pending','approved','rejected','cancelled') NOT NULL DEFAULT 'pending',
  `reviewed_by` int(10) unsigned DEFAULT NULL,
  `reviewed_at` datetime DEFAULT NULL,
  `reviewer_note` text DEFAULT NULL,
  `created_at` datetime NOT NULL DEFAULT current_timestamp(),
  `updated_at` datetime NOT NULL DEFAULT current_timestamp() ON UPDATE current_timestamp(),
  PRIMARY KEY (`id`),
  KEY `idx_company_status` (`company_id`,`status`),
  KEY `idx_employee` (`employee_id`),
  KEY `idx_project` (`project_name`)
) ENGINE=InnoDB AUTO_INCREMENT=4 DEFAULT CHARSET=utf8mb4 COLLATE=utf8mb4_general_ci;
/*!40101 SET character_set_client = @saved_cs_client */;

--
-- Dumping data for table `expense_claims`
--

LOCK TABLES `expense_claims` WRITE;
/*!40000 ALTER TABLE `expense_claims` DISABLE KEYS */;
INSERT INTO `expense_claims` VALUES
(1,1,3,'Installation job #6','materials',1.00,'INR','2026-03-20','test','/uploads/receipts/receipt-1773972226087-639611.png','approved',1,'2026-03-20 13:04:15','tetst','2026-03-20 13:03:46','2026-03-20 13:04:15'),
(2,1,3,'Installation job #5','travel',83.00,'AUD','2026-04-02','From warehouse to customer and then going again to bunnings','/uploads/receipts/receipt-1775118292021-792721.jpeg','pending',NULL,NULL,NULL,'2026-04-02 08:24:52','2026-04-02 08:24:52'),
(3,1,3,'Installation job #5','materials',110.00,'AUD','2026-04-02','Canopy','/uploads/receipts/receipt-1775118312310-913714.jpeg','pending',NULL,NULL,NULL,'2026-04-02 08:25:12','2026-04-02 08:25:12');
/*!40000 ALTER TABLE `expense_claims` ENABLE KEYS */;
UNLOCK TABLES;

--
-- Table structure for table `inspection_templates`
--

DROP TABLE IF EXISTS `inspection_templates`;
/*!40101 SET @saved_cs_client     = @@character_set_client */;
/*!40101 SET character_set_client = utf8mb4 */;
CREATE TABLE `inspection_templates` (
  `id` bigint(20) NOT NULL AUTO_INCREMENT,
  `company_id` bigint(20) NOT NULL,
  `key` varchar(64) NOT NULL,
  `name` varchar(128) NOT NULL,
  `version` int(11) NOT NULL DEFAULT 1,
  `status` enum('draft','published') NOT NULL DEFAULT 'draft',
  `applies_to` longtext CHARACTER SET utf8mb4 COLLATE utf8mb4_bin NOT NULL CHECK (json_valid(`applies_to`)),
  `steps` longtext CHARACTER SET utf8mb4 COLLATE utf8mb4_bin NOT NULL CHECK (json_valid(`steps`)),
  `validation` longtext CHARACTER SET utf8mb4 COLLATE utf8mb4_bin DEFAULT NULL CHECK (json_valid(`validation`)),
  `meta` longtext CHARACTER SET utf8mb4 COLLATE utf8mb4_bin DEFAULT NULL CHECK (json_valid(`meta`)),
  `published_at` datetime DEFAULT NULL,
  `deleted_at` datetime DEFAULT NULL,
  `created_at` datetime NOT NULL DEFAULT current_timestamp(),
  `updated_at` datetime NOT NULL DEFAULT current_timestamp(),
  PRIMARY KEY (`id`),
  UNIQUE KEY `uniq_template_version` (`company_id`,`key`,`version`)
) ENGINE=InnoDB AUTO_INCREMENT=15 DEFAULT CHARSET=utf8mb4 COLLATE=utf8mb4_general_ci;
/*!40101 SET character_set_client = @saved_cs_client */;

--
-- Dumping data for table `inspection_templates`
--

LOCK TABLES `inspection_templates` WRITE;
/*!40000 ALTER TABLE `inspection_templates` DISABLE KEYS */;
INSERT INTO `inspection_templates` VALUES
(5,1,'PV','PV',1,'published','[]','[]','{\"requiredFields\":[\"inspected_at\",\"inspector_name\",\"meter_phase\",\"inverter_location\",\"msb_condition\"]}','{\"enabledSections\":[\"core\",\"job\",\"subBoard\",\"monitor\",\"mudmap\"]}','2026-02-23 02:14:52',NULL,'2026-02-23 02:14:51','2026-02-23 02:14:52'),
(6,1,'default','Default (Full)',1,'published','[\"*\"]','[{\"id\":\"core\",\"label\":\"Core Details\",\"sections\":[{\"id\":\"core-details\",\"label\":\"Core Details\",\"fields\":[{\"key\":\"inspected_at\",\"label\":\"Inspected At\",\"type\":\"datetime\",\"required\":true},{\"key\":\"inspector_name\",\"label\":\"Site Inspector Name\",\"type\":\"select\",\"options\":[\"Ashley Bronson\",\"Liam Jackman\",\"Clarke Dean\"],\"required\":true},{\"key\":\"roof_type\",\"label\":\"Roof Type\",\"type\":\"select\",\"options\":[\"Tin Colorbond\",\"Tin Kliplock\",\"Tile Concrete\",\"Tile Terracotta\",\"Tile Shillings\"],\"required\":true},{\"key\":\"meter_phase\",\"label\":\"Meter Phase\",\"type\":\"select\",\"options\":[\"Single\",\"Double\",\"Three\"],\"required\":true},{\"key\":\"house_storey\",\"label\":\"House Storey\",\"type\":\"select\",\"options\":[\"Single\",\"Double\",\"Triple\"],\"required\":false},{\"key\":\"inverter_location\",\"label\":\"Inverter Location\",\"type\":\"text\",\"placeholder\":\"Garage wall / near MSB\",\"required\":true},{\"key\":\"msb_condition\",\"label\":\"Main Switchboard Condition\",\"type\":\"textarea\",\"required\":true},{\"key\":\"roof_pitch_deg\",\"label\":\"Roof Pitch (deg)\",\"type\":\"number\",\"required\":false},{\"key\":\"shading\",\"label\":\"Shading (legacy note)\",\"type\":\"text\",\"required\":false}]}]},{\"id\":\"job\",\"label\":\"Job Details\",\"sections\":[{\"id\":\"jobdetails\",\"label\":\"Job Details\",\"fields\":[{\"key\":\"jobDetails.inspectionCompany\",\"label\":\"Inspection Company\",\"type\":\"text\",\"default\":\"xTechs Renewables\",\"required\":false},{\"key\":\"jobDetails.isMultiOccupancy\",\"label\":\"Is Multi‑Occupancy?\",\"type\":\"select\",\"options\":[\"Yes\",\"No\"],\"required\":false},{\"key\":\"jobDetails.consumerMains\",\"label\":\"Are the consumer mains overhead or underground?\",\"type\":\"select\",\"options\":[\"Underground\",\"Overhead\"],\"required\":false},{\"key\":\"jobDetails.storey\",\"label\":\"Is it single storey, double storey or triple storey house?\",\"type\":\"select\",\"options\":[\"Single\",\"Double\",\"Multi\"],\"required\":false},{\"key\":\"jobDetails.lifeSupportRequired\",\"label\":\"Life Support Required\",\"type\":\"select\",\"options\":[\"Yes\",\"No\"],\"required\":false},{\"key\":\"jobDetails.licenseSelfie\",\"label\":\"License selfie (Photo)\",\"type\":\"photo\",\"accept\":\"image/*,application/pdf\",\"required\":false},{\"key\":\"jobDetails.fullHousePhoto\",\"label\":\"Full house/building image\",\"type\":\"photo\",\"accept\":\"image/*,application/pdf\",\"required\":false}]}]},{\"id\":\"switchboard\",\"label\":\"Switchboard / Main MSB\",\"sections\":[{\"id\":\"msb\",\"label\":\"Switchboard / Main MSB\",\"fields\":[{\"key\":\"switchboard.meterPhoto\",\"label\":\"Meter Photo\",\"type\":\"photo\",\"accept\":\"image/*,application/pdf\",\"required\":false},{\"key\":\"switchboard.meterNumber\",\"label\":\"Meter Number\",\"type\":\"text\",\"required\":false},{\"key\":\"switchboard.nmi\",\"label\":\"NMI\",\"type\":\"text\",\"required\":false},{\"key\":\"switchboard.isCompliant\",\"label\":\"Is Switchboard compliant?\",\"type\":\"select\",\"options\":[\"Yes\",\"No\"],\"required\":false},{\"key\":\"switchboard.phases\",\"label\":\"Phases on site\",\"type\":\"select\",\"options\":[\"Single\",\"Two\",\"Three\"],\"required\":false},{\"key\":\"switchboard.biDirectionalMeter\",\"label\":\"Is there a bi-directional (smart) meter?\",\"type\":\"select\",\"options\":[\"Yes\",\"No\"],\"required\":false},{\"key\":\"switchboard.neutralEarthPhoto\",\"label\":\"Neutral & Earth Bar Photo\",\"type\":\"photo\",\"accept\":\"image/*,application/pdf\",\"required\":false},{\"key\":\"switchboard.asbestosPresent\",\"label\":\"Asbestos present?\",\"type\":\"select\",\"options\":[\"Yes\",\"No\"],\"required\":false},{\"key\":\"switchboard.mainSwitchRatingAmps\",\"label\":\"Main Switch Rating (A)\",\"type\":\"text\",\"required\":false},{\"key\":\"switchboard.pointOfAttachment\",\"label\":\"What is point of attachment?\",\"type\":\"text\",\"required\":false},{\"key\":\"switchboard.distanceTxToPOA\",\"label\":\"Distance of the Transformer to Point of attachment\",\"type\":\"text\",\"placeholder\":\"e.g., 75m\",\"required\":false},{\"key\":\"switchboard.distancePOAToMSB\",\"label\":\"Distance of the Point of attachment to MSB\",\"type\":\"text\",\"placeholder\":\"e.g., 15m\",\"required\":false},{\"key\":\"switchboard.consumerMainsCableSize\",\"label\":\"Cable Size of the Consumer Mains\",\"type\":\"text\",\"placeholder\":\"e.g., 16mm\",\"required\":false},{\"key\":\"switchboard.consumerMainsCableType\",\"label\":\"Cable type (single core/multicore) Aluminium or Copper\",\"type\":\"select\",\"options\":[\"Single Core Aluminium\",\"Multi Core Aluminium\",\"Single Core Copper\",\"Multi Core Copper\"],\"required\":false},{\"key\":\"switchboard.mainsRunMethod\",\"label\":\"How is the mains cable run?\",\"type\":\"select\",\"options\":[\"Inside wall\",\"Cable tray\",\"In roof\",\"Underground\",\"Pole mounted - exposed to sun\"],\"required\":false},{\"key\":\"switchboard.photoSwitchboardOn\",\"label\":\"Image of Switchboard (with front cover ON)\",\"type\":\"photo\",\"accept\":\"image/*,application/pdf\",\"required\":false},{\"key\":\"switchboard.photoSwitchboardOff\",\"label\":\"Image of Switchboard (with front cover OFF)\",\"type\":\"photo\",\"accept\":\"image/*,application/pdf\",\"required\":false},{\"key\":\"switchboard.voltageReadingPhotos\",\"label\":\"Voltage reading A–N / N–E / Phase to Phase\",\"type\":\"photo\",\"accept\":\"image/*,application/pdf\",\"required\":false},{\"key\":\"switchboard.inverterConnectedToMSB\",\"label\":\"Is Inverter to be connected to this MSB?\",\"type\":\"select\",\"options\":[\"Yes\",\"No\"],\"required\":false},{\"key\":\"switchboard.spaceForSmartMeter\",\"label\":\"Is there space for Smart meter (if required)?\",\"type\":\"select\",\"options\":[\"Yes\",\"No\"],\"required\":false},{\"key\":\"switchboard.spareSpaceSolarBreaker\",\"label\":\"Spare space for Solar Main Breaker?\",\"type\":\"select\",\"options\":[\"Yes\",\"No\"],\"required\":false},{\"key\":\"switchboard.distanceInverterFromMSB\",\"label\":\"Distance of Inverter from MSB\",\"type\":\"text\",\"placeholder\":\"e.g., 1m\",\"required\":false}]}]},{\"id\":\"subBoard\",\"label\":\"Sub-Board\",\"sections\":[{\"id\":\"sub-board\",\"label\":\"Sub-Board\",\"fields\":[{\"key\":\"subBoard.msbFeedsSubBoard\",\"label\":\"Is MSB feeding a Sub-Board (POC for inverter)?\",\"type\":\"select\",\"options\":[\"Yes\",\"No\"],\"required\":false},{\"key\":\"subBoard.subBoardPOCPhoto\",\"label\":\"Sub-Board / POC Photo (optional)\",\"type\":\"photo\",\"accept\":\"image/*,application/pdf\",\"required\":false}]}]},{\"id\":\"inverter\",\"label\":\"Inverter Installation Location\",\"sections\":[{\"id\":\"inverter-location\",\"label\":\"Inverter Installation Location\",\"fields\":[{\"key\":\"inverterLocation.locationPhoto\",\"label\":\"Inverter location photo\",\"type\":\"photo\",\"accept\":\"image/*,application/pdf\",\"required\":false},{\"key\":\"inverterLocation.requireACIsolator\",\"label\":\"Require AC Isolator at location?\",\"type\":\"select\",\"options\":[\"Yes\",\"No\"],\"required\":false},{\"key\":\"inverterLocation.mountingMethod\",\"label\":\"Mounting Method\",\"type\":\"text\",\"placeholder\":\"Wall mounted / structure / other\",\"required\":false},{\"key\":\"inverterLocation.conduitRunDiscussed\",\"label\":\"Conduit Run Discussed with Customer?\",\"type\":\"select\",\"options\":[\"Yes\",\"No\"],\"required\":false},{\"key\":\"inverterLocation.notes\",\"label\":\"Notes\",\"type\":\"textarea\",\"required\":false}]}]},{\"id\":\"battery\",\"label\":\"Battery Details (Applicable only for Battery Jobs)\",\"sections\":[{\"id\":\"battery-details\",\"label\":\"Battery Details\",\"fields\":[{\"key\":\"battery.installingBattery\",\"label\":\"Are we installing a battery on this job?\",\"type\":\"select\",\"options\":[\"Yes\",\"No\"],\"required\":false}]}]},{\"id\":\"monitor\",\"label\":\"Monitoring\",\"sections\":[{\"id\":\"monitoring\",\"label\":\"Monitoring\",\"fields\":[{\"key\":\"monitoring.wifiAtLocation\",\"label\":\"WiFi at inverter/battery location?\",\"type\":\"select\",\"options\":[\"Yes\",\"No\"],\"required\":false},{\"key\":\"monitoring.strongReception\",\"label\":\"Strong reception near inverter?\",\"type\":\"select\",\"options\":[\"Yes\",\"No\"],\"required\":false},{\"key\":\"monitoring.ethernetRunnable\",\"label\":\"Ethernet runnable from router to inverter?\",\"type\":\"select\",\"options\":[\"Yes\",\"No\"],\"required\":false},{\"key\":\"monitoring.spareRouterPort\",\"label\":\"Spare port in router?\",\"type\":\"select\",\"options\":[\"Yes\",\"No\"],\"required\":false},{\"key\":\"monitoring.wifiName\",\"label\":\"WiFi Name\",\"type\":\"text\",\"required\":false},{\"key\":\"monitoring.wifiPassword\",\"label\":\"WiFi Password\",\"type\":\"text\",\"required\":false},{\"key\":\"monitoring.distanceToEthernetPort\",\"label\":\"Distance to Ethernet Port\",\"type\":\"text\",\"placeholder\":\"e.g., 15m\",\"required\":false}]},{\"id\":\"existing\",\"label\":\"Existing System\",\"fields\":[{\"key\":\"existingSystem.existingSolar\",\"label\":\"Existing solar on site?\",\"type\":\"select\",\"options\":[\"Yes\",\"No\"],\"required\":false},{\"key\":\"existingSystem.existingBattery\",\"label\":\"Existing battery on site?\",\"type\":\"select\",\"options\":[\"Yes\",\"No\"],\"required\":false}]}]},{\"id\":\"roof\",\"label\":\"Roof Type\",\"sections\":[{\"id\":\"roof-profile\",\"label\":\"Roof Type\",\"fields\":[{\"key\":\"roofProfile.roofHeightMeters\",\"label\":\"Roof Height (m)\",\"type\":\"text\",\"placeholder\":\"e.g., 5.2\",\"required\":false},{\"key\":\"roofProfile.safeAccess\",\"label\":\"Safe & clear access to roof?\",\"type\":\"select\",\"options\":[\"Yes\",\"No\"],\"required\":false},{\"key\":\"roofProfile.accessMethod\",\"label\":\"By what method access will be achieved to the roof?\",\"type\":\"select\",\"options\":[\"Extension Ladder\",\"Scissor Lift\",\"Boom Lift\"],\"required\":false},{\"key\":\"roofProfile.panelCarryMethod\",\"label\":\"By what method panels will be taken to access the roof?\",\"type\":\"select\",\"options\":[\"Hand Passed\",\"Scissor Lift\",\"Boom Lift\",\"Crane Lift\"],\"required\":false},{\"key\":\"roofProfile.edgeProtectionRequired\",\"label\":\"Edge Protection required?\",\"type\":\"select\",\"options\":[\"Yes\",\"No\"],\"required\":false},{\"key\":\"roofProfile.edgeProtectionAvailable\",\"label\":\"Edge Protection available?\",\"type\":\"select\",\"options\":[\"Yes\",\"No\"],\"required\":false},{\"key\":\"roofProfile.edgeProtectionMeters\",\"label\":\"Meters of Edge Protection\",\"type\":\"text\",\"placeholder\":\"e.g., 20\",\"required\":false},{\"key\":\"roofProfile.edgeProtectionPhoto\",\"label\":\"Upload image showing Edge Protection location\",\"type\":\"photo\",\"accept\":\"image/*,application/pdf\",\"required\":false},{\"key\":\"roofProfile.roofMaterial\",\"label\":\"Roof Type\",\"type\":\"select\",\"options\":[\"Tin Colorbond\",\"Tin Kliplock\",\"Tile Concrete\",\"Tile Terracotta\",\"Tile Shillings\"],\"allowOther\":true,\"required\":false},{\"key\":\"roofProfile.roofConditionOK\",\"label\":\"Roof in suitable condition?\",\"type\":\"select\",\"options\":[\"Yes\",\"No\"],\"required\":false},{\"key\":\"roofProfile.section1Pitch\",\"label\":\"Section 1 pitch\",\"type\":\"text\",\"required\":false},{\"key\":\"roofProfile.section1Photo\",\"label\":\"Upload Photo\",\"type\":\"photo\",\"accept\":\"image/*,application/pdf\",\"required\":false},{\"key\":\"roofProfile.section2Pitch\",\"label\":\"Section 2 pitch (if applicable)\",\"type\":\"text\",\"required\":false},{\"key\":\"roofProfile.section2Photo\",\"label\":\"Upload Photo\",\"type\":\"photo\",\"accept\":\"image/*,application/pdf\",\"required\":false},{\"key\":\"roofProfile.section3Pitch\",\"label\":\"Section 3 pitch (if applicable)\",\"type\":\"text\",\"required\":false},{\"key\":\"roofProfile.section3Photo\",\"label\":\"Upload Photo\",\"type\":\"photo\",\"accept\":\"image/*,application/pdf\",\"required\":false},{\"key\":\"roofProfile.anchorPoints\",\"label\":\"Anchor points on roof?\",\"type\":\"select\",\"options\":[\"Yes\",\"No\"],\"required\":false},{\"key\":\"roofProfile.skylightsPresent\",\"label\":\"Skylights present?\",\"type\":\"select\",\"options\":[\"Yes\",\"No\"],\"required\":false},{\"key\":\"roofProfile.proposedDesignFits\",\"label\":\"Proposed design fits roof?\",\"type\":\"select\",\"options\":[\"Yes\",\"No\"],\"required\":false},{\"key\":\"roofProfile.tiltsRequired\",\"label\":\"Tilts required?\",\"type\":\"select\",\"options\":[\"Yes\",\"No\"],\"required\":false},{\"key\":\"roofProfile.tiltAngle\",\"label\":\"Tilt angle (if required)\",\"type\":\"text\",\"placeholder\":\"e.g., 18°\",\"required\":false},{\"key\":\"roofProfile.spareTilesOnSite\",\"label\":\"Spare tiles on site (10–15)?\",\"type\":\"select\",\"options\":[\"Yes\",\"No\"],\"required\":false},{\"key\":\"roofProfile.structureToMountModules\",\"label\":\"Structure to mount modules\",\"type\":\"text\",\"placeholder\":\"e.g., House\",\"required\":false},{\"key\":\"roofProfile.anyShadingIssues\",\"label\":\"Any shading issues?\",\"type\":\"select\",\"options\":[\"Yes\",\"No\"],\"required\":false},{\"key\":\"roofProfile.dcCableRunMeters\",\"label\":\"DC Cable Run (m)\",\"type\":\"text\",\"required\":false},{\"key\":\"roofProfile.dcConduitMeters\",\"label\":\"DC Conduit (m)\",\"type\":\"text\",\"required\":false}]}]},{\"id\":\"mudmap\",\"label\":\"Mud Map\",\"sections\":[{\"id\":\"mud-map\",\"label\":\"Mud Map\",\"fields\":[{\"key\":\"mudMap.mapPhoto\",\"label\":\"Mud Map (mark inverter, MSB/Sub-Board, POC/TX, access)\",\"type\":\"photo\",\"accept\":\"image/*,application/pdf\",\"required\":false},{\"key\":\"mudMap.accessNotes\",\"label\":\"Access notes\",\"type\":\"textarea\",\"placeholder\":\"Proposed roof access location, etc.\",\"required\":false}]}]},{\"id\":\"final\",\"label\":\"Final Checks\",\"sections\":[{\"id\":\"shading\",\"label\":\"Shading Assessment\",\"fields\":[{\"key\":\"shading.sources\",\"label\":\"Sources of shading (multi-select)\",\"type\":\"multiselect\",\"options\":[\"No significant shading\",\"Partial shading in afternoon\",\"Heavy shading from adjacent buildings\",\"Partial shading in morning\",\"Heavy shading from trees\",\"Other\"],\"required\":false},{\"key\":\"shading.other\",\"label\":\"Other shading\",\"type\":\"text\",\"placeholder\":\"e.g., vent near array\",\"visibleIf\":{\"field\":\"shading.sources\",\"operator\":\"in\",\"value\":[\"Other\"]},\"required\":false}]},{\"id\":\"electrical\",\"label\":\"Electrical Hazards\",\"fields\":[{\"key\":\"electrical.hazards\",\"label\":\"Electrical Hazards\",\"type\":\"multiselect\",\"options\":[\"Exposed wiring\",\"Water damage\",\"Overloaded circuits\",\"Corrosion\",\"Faulty breakers\",\"Code violations\",\"Poor grounding\",\"Other\"],\"required\":false},{\"key\":\"electrical.other\",\"label\":\"Other hazard\",\"type\":\"text\",\"required\":false},{\"key\":\"electrical.describeOther\",\"label\":\"Describe other hazard\",\"type\":\"text\",\"required\":false},{\"key\":\"electrical.notes\",\"label\":\"Hazard notes\",\"type\":\"textarea\",\"required\":false},{\"key\":\"electrical.mitigations\",\"label\":\"Mitigations / recommendations\",\"type\":\"textarea\",\"required\":false}]},{\"id\":\"recommendations\",\"label\":\"Recommendations\",\"fields\":[{\"key\":\"recommendations.count\",\"label\":\"Number of options\",\"type\":\"select\",\"options\":[\"0\",\"1\",\"2\",\"3\",\"4\",\"5\",\"6\",\"7\",\"8\",\"9\",\"10\"],\"required\":false},{\"key\":\"recommendations.summary\",\"label\":\"Summary (optional)\",\"type\":\"textarea\",\"placeholder\":\"Overall recommendation context\",\"required\":false},{\"key\":\"recommendations.items[0]\",\"label\":\"Option 1\",\"type\":\"text\",\"visibleIf\":{\"field\":\"recommendations.count\",\"operator\":\"in\",\"value\":[\"1\",\"2\",\"3\",\"4\",\"5\",\"6\",\"7\",\"8\",\"9\",\"10\"]},\"required\":false},{\"key\":\"recommendations.items[1]\",\"label\":\"Option 2\",\"type\":\"text\",\"visibleIf\":{\"field\":\"recommendations.count\",\"operator\":\"in\",\"value\":[\"2\",\"3\",\"4\",\"5\",\"6\",\"7\",\"8\",\"9\",\"10\"]},\"required\":false},{\"key\":\"recommendations.items[2]\",\"label\":\"Option 3\",\"type\":\"text\",\"visibleIf\":{\"field\":\"recommendations.count\",\"operator\":\"in\",\"value\":[\"3\",\"4\",\"5\",\"6\",\"7\",\"8\",\"9\",\"10\"]},\"required\":false},{\"key\":\"recommendations.items[3]\",\"label\":\"Option 4\",\"type\":\"text\",\"visibleIf\":{\"field\":\"recommendations.count\",\"operator\":\"in\",\"value\":[\"4\",\"5\",\"6\",\"7\",\"8\",\"9\",\"10\"]},\"required\":false},{\"key\":\"recommendations.items[4]\",\"label\":\"Option 5\",\"type\":\"text\",\"visibleIf\":{\"field\":\"recommendations.count\",\"operator\":\"in\",\"value\":[\"5\",\"6\",\"7\",\"8\",\"9\",\"10\"]},\"required\":false},{\"key\":\"recommendations.items[5]\",\"label\":\"Option 6\",\"type\":\"text\",\"visibleIf\":{\"field\":\"recommendations.count\",\"operator\":\"in\",\"value\":[\"6\",\"7\",\"8\",\"9\",\"10\"]},\"required\":false},{\"key\":\"recommendations.items[6]\",\"label\":\"Option 7\",\"type\":\"text\",\"visibleIf\":{\"field\":\"recommendations.count\",\"operator\":\"in\",\"value\":[\"7\",\"8\",\"9\",\"10\"]},\"required\":false},{\"key\":\"recommendations.items[7]\",\"label\":\"Option 8\",\"type\":\"text\",\"visibleIf\":{\"field\":\"recommendations.count\",\"operator\":\"in\",\"value\":[\"8\",\"9\",\"10\"]},\"required\":false},{\"key\":\"recommendations.items[8]\",\"label\":\"Option 9\",\"type\":\"text\",\"visibleIf\":{\"field\":\"recommendations.count\",\"operator\":\"in\",\"value\":[\"9\",\"10\"]},\"required\":false},{\"key\":\"recommendations.items[9]\",\"label\":\"Option 10\",\"type\":\"text\",\"visibleIf\":{\"field\":\"recommendations.count\",\"operator\":\"eq\",\"value\":\"10\"},\"required\":false}]},{\"id\":\"mediaSummary\",\"label\":\"Media Summary\",\"fields\":[{\"key\":\"mediaSummary.note\",\"label\":\"Media Summary\",\"type\":\"textarea\",\"placeholder\":\"Photos uploaded across sections including Meter, Switchboard, Roof Sections, Edge Protection, Mud Map, etc., are listed here.\",\"required\":false}]}]}]','{\"requiredFields\":[\"inspected_at\",\"inspector_name\",\"roof_type\",\"meter_phase\",\"inverter_location\",\"msb_condition\"]}','{\"enabledSections\":[\"core\",\"job\",\"switchboard\",\"subBoard\",\"inverter\",\"battery\",\"monitor\",\"roof\",\"mudmap\",\"final\"],\"stepGuards\":[{\"stepId\":\"job\",\"fields\":[\"jobDetails.licenseSelfie\"]}]}','2026-03-26 06:28:12',NULL,'2026-02-23 02:24:34','2026-03-26 06:28:12'),
(7,1,'Test','Test',1,'published','[]','[{\"id\":\"core\",\"label\":\"Core Details\",\"sections\":[{\"id\":\"core-details\",\"label\":\"Core Details\",\"fields\":[{\"key\":\"inspected_at\",\"label\":\"Inspected At\",\"type\":\"datetime\",\"required\":true},{\"key\":\"inspector_name\",\"label\":\"Inspector Name\",\"type\":\"text\",\"required\":true},{\"key\":\"roof_type\",\"label\":\"Roof Type\",\"type\":\"text\",\"placeholder\":\"Tile / Tin / Flat / ...\",\"required\":true},{\"key\":\"meter_phase\",\"label\":\"Meter Phase\",\"type\":\"select\",\"options\":[\"single\",\"three\"],\"required\":true},{\"key\":\"shading\",\"label\":\"Shading (legacy note)\",\"type\":\"text\",\"required\":false}]}]},{\"id\":\"inverter\",\"label\":\"Inverter Location\",\"sections\":[{\"id\":\"inverter-location\",\"label\":\"Inverter Location\",\"fields\":[{\"key\":\"inverterLocation.locationPhoto\",\"label\":\"Inverter location photoố\",\"type\":\"photo\",\"accept\":\"image/*,application/pdf\",\"required\":false},{\"key\":\"inverterLocation.requireACIsolator\",\"label\":\"Require AC Isolator?\",\"type\":\"select\",\"options\":[\"Yes\",\"No\"],\"required\":false},{\"key\":\"inverterLocation.mountingMethod\",\"label\":\"Mounting Method\",\"type\":\"text\",\"placeholder\":\"Wall mounted / structure / other\",\"required\":false},{\"key\":\"inverterLocation.ventilationOK\",\"label\":\"Ventilation OK?\",\"type\":\"select\",\"options\":[\"Yes\",\"No\"],\"required\":false}]}]}]','{\"requiredFields\":[\"inspected_at\",\"inspector_name\",\"roof_type\",\"meter_phase\"]}','{\"enabledSections\":[\"core\",\"inverter\"],\"stepGuards\":[]}','2026-03-04 11:43:28',NULL,'2026-03-04 11:43:27','2026-03-04 11:43:28'),
(8,1,'1','1',1,'published','[]','[{\"id\":\"core\",\"label\":\"Core Details\",\"sections\":[{\"id\":\"core-details\",\"label\":\"Core Details\",\"fields\":[{\"key\":\"inspected_at\",\"label\":\"Inspected At\",\"type\":\"datetime\",\"required\":true},{\"key\":\"inspector_name\",\"label\":\"Inspector Name\",\"type\":\"text\",\"required\":true},{\"key\":\"roof_type\",\"label\":\"Roof Type\",\"type\":\"text\",\"placeholder\":\"Tile / Tin / Flat / ...\",\"required\":true},{\"key\":\"meter_phase\",\"label\":\"Meter Phase\",\"type\":\"select\",\"options\":[\"single\",\"three\"],\"required\":true},{\"key\":\"house_storey\",\"label\":\"House Storey\",\"type\":\"select\",\"options\":[\"single\",\"double\",\"triple\"],\"required\":false},{\"key\":\"inverter_location\",\"label\":\"Inverter Location\",\"type\":\"text\",\"placeholder\":\"Garage wall / near MSB\",\"required\":true},{\"key\":\"msb_condition\",\"label\":\"Main Switchboard Condition\",\"type\":\"textarea\",\"required\":true},{\"key\":\"roof_pitch_deg\",\"label\":\"Roof Pitch (deg)\",\"type\":\"number\",\"required\":false},{\"key\":\"shading\",\"label\":\"Shading (legacy note)\",\"type\":\"text\",\"required\":false}]}]},{\"id\":\"job\",\"label\":\"Job Details\",\"sections\":[{\"id\":\"jobdetails\",\"label\":\"Job Details\",\"fields\":[{\"key\":\"jobDetails.inspectionCompany\",\"label\":\"Inspection Company\",\"type\":\"text\",\"default\":\"xTechs Renewables\",\"required\":false},{\"key\":\"jobDetails.isMultiOccupancy\",\"label\":\"Is Multi‑Occupancy?\",\"type\":\"select\",\"options\":[\"Yes\",\"No\"],\"required\":false},{\"key\":\"jobDetails.consumerMains\",\"label\":\"Consumer Mains\",\"type\":\"select\",\"options\":[\"Overhead\",\"Underground\"],\"required\":false},{\"key\":\"jobDetails.storey\",\"label\":\"Storey\",\"type\":\"select\",\"options\":[\"Single\",\"Double\",\"Multi\"],\"required\":false},{\"key\":\"jobDetails.lifeSupportRequired\",\"label\":\"Life Support Required\",\"type\":\"select\",\"options\":[\"Yes\",\"No\"],\"required\":false},{\"key\":\"jobDetails.licenseSelfie\",\"label\":\"License selfie (Photo)\",\"type\":\"photo\",\"accept\":\"image/*,application/pdf\",\"required\":false},{\"key\":\"jobDetails.fullHousePhoto\",\"label\":\"Full house/building image\",\"type\":\"photo\",\"accept\":\"image/*,application/pdf\",\"required\":false}]}]},{\"id\":\"switchboard\",\"label\":\"Switchboard\",\"sections\":[{\"id\":\"msb\",\"label\":\"Main Switchboard / MSB\",\"fields\":[{\"key\":\"switchboard.meterNumber\",\"label\":\"Meter Number\",\"type\":\"text\",\"required\":false},{\"key\":\"switchboard.nmi\",\"label\":\"NMI\",\"type\":\"text\",\"required\":false},{\"key\":\"switchboard.isCompliant\",\"label\":\"Compliant?\",\"type\":\"select\",\"options\":[\"Yes\",\"No\"],\"required\":false},{\"key\":\"switchboard.phases\",\"label\":\"Phases\",\"type\":\"select\",\"options\":[\"Single\",\"Two\",\"Three\"],\"required\":false},{\"key\":\"switchboard.biDirectionalMeter\",\"label\":\"Bi-directional Meter\",\"type\":\"select\",\"options\":[\"Yes\",\"No\"],\"required\":false},{\"key\":\"switchboard.asbestosPresent\",\"label\":\"Asbestos Present\",\"type\":\"select\",\"options\":[\"Yes\",\"No\"],\"required\":false},{\"key\":\"switchboard.mainSwitchRatingAmps\",\"label\":\"Main Switch Rating (A)\",\"type\":\"text\",\"required\":false},{\"key\":\"switchboard.pointOfAttachment\",\"label\":\"Point of Attachment\",\"type\":\"text\",\"required\":false},{\"key\":\"switchboard.distanceTxToPOA\",\"label\":\"TX → POA (m)\",\"type\":\"text\",\"placeholder\":\"75m\",\"required\":false},{\"key\":\"switchboard.distancePOAToMSB\",\"label\":\"POA → MSB (m)\",\"type\":\"text\",\"placeholder\":\"15m\",\"required\":false},{\"key\":\"switchboard.consumerMainsCableSize\",\"label\":\"Consumer Mains Cable Size\",\"type\":\"text\",\"placeholder\":\"16mm\",\"required\":false},{\"key\":\"switchboard.consumerMainsCableType\",\"label\":\"Consumer Mains Cable Type\",\"type\":\"select\",\"options\":[\"Single Core / Copper\",\"Single Core / Aluminium\",\"Multi Core / Copper\",\"Multi Core / Aluminium\"],\"required\":false},{\"key\":\"switchboard.mainsRunMethod\",\"label\":\"Mains Cable Run\",\"type\":\"text\",\"placeholder\":\"Inside wall / underground\",\"required\":false},{\"key\":\"switchboard.meterPhoto\",\"label\":\"Meter Photo\",\"type\":\"photo\",\"accept\":\"image/*,application/pdf\",\"required\":false},{\"key\":\"switchboard.neutralEarthPhoto\",\"label\":\"Neutral & Earth Bar Photo\",\"type\":\"photo\",\"accept\":\"image/*,application/pdf\",\"required\":false},{\"key\":\"switchboard.photoSwitchboardOn\",\"label\":\"Switchboard (cover ON)\",\"type\":\"photo\",\"accept\":\"image/*,application/pdf\",\"required\":false},{\"key\":\"switchboard.photoSwitchboardOff\",\"label\":\"Switchboard (cover OFF)\",\"type\":\"photo\",\"accept\":\"image/*,application/pdf\",\"required\":false},{\"key\":\"switchboard.voltageReadingPhotos\",\"label\":\"Voltage reading photos (A‑N / N‑E / P‑P)\",\"type\":\"array\",\"required\":false}]}]},{\"id\":\"monitor\",\"label\":\"Monitoring & Existing\",\"sections\":[{\"id\":\"monitoring\",\"label\":\"Monitoring\",\"fields\":[{\"key\":\"monitoring.wifiAtLocation\",\"label\":\"Wi‑Fi at Location?\",\"type\":\"select\",\"options\":[\"Yes\",\"No\"],\"required\":false},{\"key\":\"monitoring.strongReception\",\"label\":\"Strong Reception?\",\"type\":\"select\",\"options\":[\"Yes\",\"No\"],\"required\":false},{\"key\":\"monitoring.ethernetRunnable\",\"label\":\"Ethernet Runnable?\",\"type\":\"select\",\"options\":[\"Yes\",\"No\"],\"required\":false},{\"key\":\"monitoring.spareRouterPort\",\"label\":\"Spare Router Port?\",\"type\":\"select\",\"options\":[\"Yes\",\"No\"],\"required\":false},{\"key\":\"monitoring.wifiName\",\"label\":\"Wi‑Fi Name\",\"type\":\"text\",\"required\":false},{\"key\":\"monitoring.wifiPassword\",\"label\":\"Wi‑Fi Password\",\"type\":\"text\",\"required\":false},{\"key\":\"monitoring.distanceToEthernetPort\",\"label\":\"Distance to Ethernet Port\",\"type\":\"text\",\"placeholder\":\"15m\",\"required\":false}]},{\"id\":\"existing\",\"label\":\"Existing System\",\"fields\":[{\"key\":\"existingSystem.existingSolar\",\"label\":\"Existing Solar?\",\"type\":\"select\",\"options\":[\"Yes\",\"No\"],\"required\":false},{\"key\":\"existingSystem.existingBattery\",\"label\":\"Existing Battery?\",\"type\":\"select\",\"options\":[\"Yes\",\"No\"],\"required\":false}]}]},{\"id\":\"roof\",\"label\":\"Roof Profile\",\"sections\":[{\"id\":\"roof-profile\",\"label\":\"Roof Profile Details\",\"fields\":[{\"key\":\"roofProfile.roofHeightMeters\",\"label\":\"Roof Height (m)\",\"type\":\"text\",\"placeholder\":\"5.2\",\"required\":false},{\"key\":\"roofProfile.safeAccess\",\"label\":\"Safe Access?\",\"type\":\"select\",\"options\":[\"Yes\",\"No\"],\"required\":false},{\"key\":\"roofProfile.accessMethod\",\"label\":\"Access Method\",\"type\":\"select\",\"options\":[\"Extension Ladder\",\"Scissor Lift\",\"Boom Lift\"],\"required\":false},{\"key\":\"roofProfile.panelCarryMethod\",\"label\":\"Panel Carry Method\",\"type\":\"select\",\"options\":[\"Hand Passed\",\"Scissor Lift\",\"Boom Lift\",\"Crane Lift\"],\"required\":false},{\"key\":\"roofProfile.edgeProtectionRequired\",\"label\":\"Edge Protection Required?\",\"type\":\"select\",\"options\":[\"Yes\",\"No\"],\"required\":false},{\"key\":\"roofProfile.edgeProtectionAvailable\",\"label\":\"Edge Protection Available?\",\"type\":\"select\",\"options\":[\"Yes\",\"No\"],\"required\":false},{\"key\":\"roofProfile.edgeProtectionMeters\",\"label\":\"Edge Protection (m)\",\"type\":\"text\",\"placeholder\":\"20\",\"required\":false},{\"key\":\"roofProfile.edgeProtectionPhoto\",\"label\":\"Edge Protection Photo\",\"type\":\"photo\",\"accept\":\"image/*,application/pdf\",\"required\":false},{\"key\":\"roofProfile.roofMaterial\",\"label\":\"Roof Type\",\"type\":\"select\",\"options\":[\"Tin Colorbond\",\"Tin Kliplock\",\"Tile Concrete\",\"Tile Terracotta\"],\"required\":false},{\"key\":\"roofProfile.roofConditionOK\",\"label\":\"Roof Condition OK?\",\"type\":\"select\",\"options\":[\"Yes\",\"No\"],\"required\":false},{\"key\":\"roofProfile.section1Pitch\",\"label\":\"Section 1 Pitch\",\"type\":\"text\",\"required\":false},{\"key\":\"roofProfile.section1Photo\",\"label\":\"Section 1 Photo\",\"type\":\"photo\",\"accept\":\"image/*,application/pdf\",\"required\":false},{\"key\":\"roofProfile.section2Pitch\",\"label\":\"Section 2 Pitch\",\"type\":\"text\",\"required\":false},{\"key\":\"roofProfile.section2Photo\",\"label\":\"Section 2 Photo\",\"type\":\"photo\",\"accept\":\"image/*,application/pdf\",\"required\":false},{\"key\":\"roofProfile.section3Pitch\",\"label\":\"Section 3 Pitch\",\"type\":\"text\",\"required\":false},{\"key\":\"roofProfile.section3Photo\",\"label\":\"Section 3 Photo\",\"type\":\"photo\",\"accept\":\"image/*,application/pdf\",\"required\":false}]}]},{\"id\":\"mudmap\",\"label\":\"Mud Map\",\"sections\":[{\"id\":\"mud-map\",\"label\":\"Mud Map\",\"fields\":[{\"key\":\"mudMap.mapPhoto\",\"label\":\"Mud Map Photo\",\"type\":\"photo\",\"accept\":\"image/*,application/pdf\",\"required\":false},{\"key\":\"mudMap.accessNotes\",\"label\":\"Access Notes\",\"type\":\"text\",\"placeholder\":\"POC/TX, access routes...\",\"required\":false}]}]},{\"id\":\"final\",\"label\":\"Final Checks\",\"sections\":[{\"id\":\"shading\",\"label\":\"Shading Assessment\",\"fields\":[{\"key\":\"shading.sources\",\"label\":\"Shading (multi-select)\",\"type\":\"multiselect\",\"options\":[\"No significant shading\",\"Partial AM\",\"Partial PM\",\"Heavy (trees)\",\"Heavy (buildings)\",\"Other\"],\"required\":false},{\"key\":\"shading.other\",\"label\":\"Other shading\",\"type\":\"text\",\"visibleIf\":{\"field\":\"shading.sources\",\"operator\":\"in\",\"value\":[\"Other\"]},\"required\":false}]},{\"id\":\"electrical\",\"label\":\"Electrical Hazards\",\"fields\":[{\"key\":\"electrical.hazards\",\"label\":\"Electrical Hazards (multi-select)\",\"type\":\"multiselect\",\"options\":[\"Exposed wiring\",\"Water damage\",\"Overloaded circuits\",\"Corrosion\",\"Faulty breakers\",\"Code violations\",\"Poor grounding\",\"Other\"],\"required\":false},{\"key\":\"electrical.other\",\"label\":\"Other hazard\",\"type\":\"text\",\"required\":false},{\"key\":\"electrical.notes\",\"label\":\"Hazard notes\",\"type\":\"text\",\"placeholder\":\"Mitigations / recommendations\",\"required\":false}]},{\"id\":\"recommendations\",\"label\":\"Recommendations\",\"fields\":[{\"key\":\"recommendations.count\",\"label\":\"Number of options\",\"type\":\"select\",\"options\":[\"0\",\"1\",\"2\",\"3\",\"4\",\"5\",\"6\",\"7\",\"8\",\"9\",\"10\"],\"required\":false},{\"key\":\"recommendations.summary\",\"label\":\"Summary (optional)\",\"type\":\"text\",\"required\":false},{\"key\":\"recommendations.items[0]\",\"label\":\"Option 1\",\"type\":\"text\",\"visibleIf\":{\"field\":\"recommendations.count\",\"operator\":\"in\",\"value\":[\"1\",\"2\",\"3\",\"4\",\"5\",\"6\",\"7\",\"8\",\"9\",\"10\"]},\"required\":false},{\"key\":\"recommendations.items[1]\",\"label\":\"Option 2\",\"type\":\"text\",\"visibleIf\":{\"field\":\"recommendations.count\",\"operator\":\"in\",\"value\":[\"2\",\"3\",\"4\",\"5\",\"6\",\"7\",\"8\",\"9\",\"10\"]},\"required\":false},{\"key\":\"recommendations.items[2]\",\"label\":\"Option 3\",\"type\":\"text\",\"visibleIf\":{\"field\":\"recommendations.count\",\"operator\":\"in\",\"value\":[\"3\",\"4\",\"5\",\"6\",\"7\",\"8\",\"9\",\"10\"]},\"required\":false},{\"key\":\"recommendations.items[3]\",\"label\":\"Option 4\",\"type\":\"text\",\"visibleIf\":{\"field\":\"recommendations.count\",\"operator\":\"in\",\"value\":[\"4\",\"5\",\"6\",\"7\",\"8\",\"9\",\"10\"]},\"required\":false},{\"key\":\"recommendations.items[4]\",\"label\":\"Option 5\",\"type\":\"text\",\"visibleIf\":{\"field\":\"recommendations.count\",\"operator\":\"in\",\"value\":[\"5\",\"6\",\"7\",\"8\",\"9\",\"10\"]},\"required\":false},{\"key\":\"recommendations.items[5]\",\"label\":\"Option 6\",\"type\":\"text\",\"visibleIf\":{\"field\":\"recommendations.count\",\"operator\":\"in\",\"value\":[\"6\",\"7\",\"8\",\"9\",\"10\"]},\"required\":false},{\"key\":\"recommendations.items[6]\",\"label\":\"Option 7\",\"type\":\"text\",\"visibleIf\":{\"field\":\"recommendations.count\",\"operator\":\"in\",\"value\":[\"7\",\"8\",\"9\",\"10\"]},\"required\":false},{\"key\":\"recommendations.items[7]\",\"label\":\"Option 8\",\"type\":\"text\",\"visibleIf\":{\"field\":\"recommendations.count\",\"operator\":\"in\",\"value\":[\"8\",\"9\",\"10\"]},\"required\":false},{\"key\":\"recommendations.items[8]\",\"label\":\"Option 9\",\"type\":\"text\",\"visibleIf\":{\"field\":\"recommendations.count\",\"operator\":\"in\",\"value\":[\"9\",\"10\"]},\"required\":false},{\"key\":\"recommendations.items[9]\",\"label\":\"Option 10\",\"type\":\"text\",\"visibleIf\":{\"field\":\"recommendations.count\",\"operator\":\"eq\",\"value\":\"10\"},\"required\":false}]}]},{\"id\":\"subBoard\",\"label\":\"Sub‑Board\",\"sections\":[{\"id\":\"sub-board\",\"label\":\"Sub‑Board\",\"fields\":[{\"key\":\"subBoard.msbFeedsSubBoard\",\"label\":\"MSB feeds Sub‑Board (POC)?\",\"type\":\"select\",\"options\":[\"Yes\",\"No\"],\"required\":false},{\"key\":\"subBoard.subBoardPOCPhoto\",\"label\":\"Sub‑Board / POC Photo\",\"type\":\"photo\",\"accept\":\"image/*,application/pdf\",\"required\":false}]}]},{\"id\":\"inverter\",\"label\":\"Inverter Location\",\"sections\":[{\"id\":\"inverter-location\",\"label\":\"Inverter Location\",\"fields\":[{\"key\":\"inverterLocation.locationPhoto\",\"label\":\"Inverter location photo\",\"type\":\"photo\",\"accept\":\"image/*,application/pdf\",\"required\":false},{\"key\":\"inverterLocation.requireACIsolator\",\"label\":\"Require AC Isolator?\",\"type\":\"select\",\"options\":[\"Yes\",\"No\"],\"required\":false},{\"key\":\"inverterLocation.mountingMethod\",\"label\":\"Mounting Method\",\"type\":\"text\",\"placeholder\":\"Wall mounted / structure / other\",\"required\":false},{\"key\":\"inverterLocation.ventilationOK\",\"label\":\"Ventilation OK?\",\"type\":\"select\",\"options\":[\"Yes\",\"No\"],\"required\":false},{\"key\":\"inverterLocation.backingBoardNeeded\",\"label\":\"Backing Board Needed?\",\"type\":\"select\",\"options\":[\"Yes\",\"No\"],\"required\":false},{\"key\":\"inverterLocation.directSunlight\",\"label\":\"Direct Sunlight?\",\"type\":\"select\",\"options\":[\"Yes\",\"No\"],\"required\":false},{\"key\":\"inverterLocation.conduitRunDiscussed\",\"label\":\"Conduit Run Discussed?\",\"type\":\"select\",\"options\":[\"Yes\",\"No\"],\"required\":false},{\"key\":\"inverterLocation.notes\",\"label\":\"Notes\",\"type\":\"textarea\",\"required\":false}]}]}]','{\"requiredFields\":[\"inspected_at\",\"inspector_name\",\"roof_type\",\"meter_phase\",\"inverter_location\",\"msb_condition\"]}','{\"enabledSections\":[\"core\",\"job\",\"switchboard\",\"monitor\",\"roof\",\"mudmap\",\"final\",\"subBoard\",\"inverter\"],\"stepGuards\":[]}','2026-03-15 21:06:35',NULL,'2026-03-15 21:06:34','2026-03-15 21:06:35'),
(14,1,'6','t',1,'published','[]','[{\"id\":\"core\",\"label\":\"Core Details\",\"sections\":[{\"id\":\"core-details\",\"label\":\"Core Details\",\"fields\":[{\"key\":\"inspected_at\",\"label\":\"Inspected At\",\"type\":\"datetime\",\"required\":true},{\"key\":\"inspector_name\",\"label\":\"Inspector Name\",\"type\":\"text\",\"required\":true},{\"key\":\"roof_type\",\"label\":\"Roof Type\",\"type\":\"select\",\"options\":[\"Tin Colorbond\",\"Tin Kliplock\",\"Tile Concrete\",\"Tile Terracotta\",\"Tile Shillings\"],\"required\":true},{\"key\":\"meter_phase\",\"label\":\"Meter Phase\",\"type\":\"select\",\"options\":[\"Single\",\"Double\",\"Three\"],\"required\":true},{\"key\":\"house_storey\",\"label\":\"House Storey\",\"type\":\"select\",\"options\":[\"Single\",\"Double\",\"Triple\"],\"required\":false},{\"key\":\"inverter_location\",\"label\":\"Inverter Location\",\"type\":\"text\",\"placeholder\":\"Garage wall / near MSB\",\"required\":true},{\"key\":\"msb_condition\",\"label\":\"Main Switchboard Condition\",\"type\":\"textarea\",\"required\":true},{\"key\":\"roof_pitch_deg\",\"label\":\"Roof Pitch (deg)\",\"type\":\"number\",\"required\":false},{\"key\":\"shading\",\"label\":\"Shading (legacy note)\",\"type\":\"text\",\"required\":false}]}]},{\"id\":\"job\",\"label\":\"Job Details\",\"sections\":[{\"id\":\"jobdetails\",\"label\":\"Job Details\",\"fields\":[{\"key\":\"jobDetails.inspectionCompany\",\"label\":\"Inspection Company\",\"type\":\"text\",\"default\":\"xTechs Renewables\",\"required\":false},{\"key\":\"jobDetails.isMultiOccupancy\",\"label\":\"Is Multi‑Occupancy?\",\"type\":\"select\",\"options\":[\"Yes\",\"No\"],\"required\":false},{\"key\":\"jobDetails.consumerMains\",\"label\":\"Are the consumer mains overhead or underground?\",\"type\":\"select\",\"options\":[\"Underground\",\"Overhead\"],\"required\":false},{\"key\":\"jobDetails.storey\",\"label\":\"Is it single storey, double storey or triple storey house?\",\"type\":\"select\",\"options\":[\"Single\",\"Double\",\"Multi\"],\"required\":false},{\"key\":\"jobDetails.lifeSupportRequired\",\"label\":\"Life Support Required\",\"type\":\"select\",\"options\":[\"Yes\",\"No\"],\"required\":false},{\"key\":\"jobDetails.licenseSelfie\",\"label\":\"License selfie (Photo)\",\"type\":\"photo\",\"accept\":\"image/*,application/pdf\",\"required\":false},{\"key\":\"jobDetails.fullHousePhoto\",\"label\":\"Full house/building image\",\"type\":\"photo\",\"accept\":\"image/*,application/pdf\",\"required\":false}]}]},{\"id\":\"switchboard\",\"label\":\"Switchboard / Main MSB\",\"sections\":[{\"id\":\"msb\",\"label\":\"Switchboard / Main MSB\",\"fields\":[{\"key\":\"switchboard.flag\",\"label\":\"Flag\",\"type\":\"text\",\"placeholder\":\"Flag\",\"required\":false},{\"key\":\"switchboard.meterPhoto\",\"label\":\"Meter Photo\",\"type\":\"photo\",\"accept\":\"image/*,application/pdf\",\"required\":false},{\"key\":\"switchboard.meterNumber\",\"label\":\"Meter Number\",\"type\":\"text\",\"required\":false},{\"key\":\"switchboard.nmi\",\"label\":\"NMI\",\"type\":\"text\",\"required\":false},{\"key\":\"switchboard.isCompliant\",\"label\":\"Is Switchboard compliant?\",\"type\":\"select\",\"options\":[\"Yes\",\"No\"],\"required\":false},{\"key\":\"switchboard.phases\",\"label\":\"Phases on site\",\"type\":\"select\",\"options\":[\"Single\",\"Two\",\"Three\"],\"required\":false},{\"key\":\"switchboard.biDirectionalMeter\",\"label\":\"Is there a bi-directional (smart) meter?\",\"type\":\"select\",\"options\":[\"Yes\",\"No\"],\"required\":false},{\"key\":\"switchboard.neutralEarthPhoto\",\"label\":\"Neutral & Earth Bar Photo\",\"type\":\"photo\",\"accept\":\"image/*,application/pdf\",\"required\":false},{\"key\":\"switchboard.asbestosPresent\",\"label\":\"Asbestos present?\",\"type\":\"select\",\"options\":[\"Yes\",\"No\"],\"required\":false},{\"key\":\"switchboard.mainSwitchRatingAmps\",\"label\":\"Main Switch Rating (A)\",\"type\":\"text\",\"required\":false},{\"key\":\"switchboard.pointOfAttachment\",\"label\":\"What is point of attachment?\",\"type\":\"text\",\"required\":false},{\"key\":\"switchboard.distanceTxToPOA\",\"label\":\"Distance of the Transformer to Point of attachment\",\"type\":\"text\",\"placeholder\":\"e.g., 75m\",\"required\":false},{\"key\":\"switchboard.distancePOAToMSB\",\"label\":\"Distance of the Point of attachment to MSB\",\"type\":\"text\",\"placeholder\":\"e.g., 15m\",\"required\":false},{\"key\":\"switchboard.consumerMainsCableSize\",\"label\":\"Cable Size of the Consumer Mains\",\"type\":\"text\",\"placeholder\":\"e.g., 16mm\",\"required\":false},{\"key\":\"switchboard.consumerMainsCableType\",\"label\":\"Cable type (single core/multicore) Aluminium or Copper\",\"type\":\"select\",\"options\":[\"Single Core Aluminium\",\"Multi Core Aluminium\",\"Single Core Copper\",\"Multi Core Copper\"],\"required\":false},{\"key\":\"switchboard.mainsRunMethod\",\"label\":\"How is the mains cable run?\",\"type\":\"select\",\"options\":[\"Inside wall\",\"Cable tray\",\"In roof\",\"Underground\",\"Pole mounted - exposed to sun\"],\"required\":false},{\"key\":\"switchboard.photoSwitchboardOn\",\"label\":\"Image of Switchboard (with front cover ON)\",\"type\":\"photo\",\"accept\":\"image/*,application/pdf\",\"required\":false},{\"key\":\"switchboard.photoSwitchboardOff\",\"label\":\"Image of Switchboard (with front cover OFF)\",\"type\":\"photo\",\"accept\":\"image/*,application/pdf\",\"required\":false},{\"key\":\"switchboard.voltageReadingPhotos\",\"label\":\"Voltage reading A–N / N–E / Phase to Phase\",\"type\":\"array\",\"required\":false},{\"key\":\"switchboard.inverterConnectedToMSB\",\"label\":\"Is Inverter to be connected to this MSB?\",\"type\":\"select\",\"options\":[\"Yes\",\"No\"],\"required\":false},{\"key\":\"switchboard.spaceForSmartMeter\",\"label\":\"Is there space for Smart meter (if required)?\",\"type\":\"select\",\"options\":[\"Yes\",\"No\"],\"required\":false},{\"key\":\"switchboard.spareSpaceSolarBreaker\",\"label\":\"Spare space for Solar Main Breaker?\",\"type\":\"select\",\"options\":[\"Yes\",\"No\"],\"required\":false},{\"key\":\"switchboard.distanceInverterFromMSB\",\"label\":\"Distance of Inverter from MSB\",\"type\":\"text\",\"placeholder\":\"e.g., 1m\",\"required\":false}]}]},{\"id\":\"subBoard\",\"label\":\"Sub-Board\",\"sections\":[{\"id\":\"sub-board\",\"label\":\"Sub-Board\",\"fields\":[{\"key\":\"subBoard.msbFeedsSubBoard\",\"label\":\"Is MSB feeding a Sub-Board (POC for inverter)?\",\"type\":\"select\",\"options\":[\"Yes\",\"No\"],\"required\":false},{\"key\":\"subBoard.subBoardPOCPhoto\",\"label\":\"Sub-Board / POC Photo (optional)\",\"type\":\"photo\",\"accept\":\"image/*,application/pdf\",\"required\":false}]}]},{\"id\":\"inverter\",\"label\":\"Inverter Installation Location\",\"sections\":[{\"id\":\"inverter-location\",\"label\":\"Inverter Installation Location\",\"fields\":[{\"key\":\"inverterLocation.locationPhoto\",\"label\":\"Inverter location photo\",\"type\":\"photo\",\"accept\":\"image/*,application/pdf\",\"required\":false},{\"key\":\"inverterLocation.requireACIsolator\",\"label\":\"Require AC Isolator at location?\",\"type\":\"select\",\"options\":[\"Yes\",\"No\"],\"required\":false},{\"key\":\"inverterLocation.mountingMethod\",\"label\":\"Mounting Method\",\"type\":\"text\",\"placeholder\":\"Wall mounted / structure / other\",\"required\":false},{\"key\":\"inverterLocation.conduitRunDiscussed\",\"label\":\"Conduit Run Discussed with Customer?\",\"type\":\"select\",\"options\":[\"Yes\",\"No\"],\"required\":false},{\"key\":\"inverterLocation.notes\",\"label\":\"Notes\",\"type\":\"textarea\",\"required\":false}]}]},{\"id\":\"battery\",\"label\":\"Battery Details (Applicable only for Battery Jobs)\",\"sections\":[{\"id\":\"battery-details\",\"label\":\"Battery Details\",\"fields\":[{\"key\":\"battery.installingBattery\",\"label\":\"Are we installing a battery on this job?\",\"type\":\"select\",\"options\":[\"Yes\",\"No\"],\"required\":false}]}]},{\"id\":\"monitor\",\"label\":\"Monitoring\",\"sections\":[{\"id\":\"monitoring\",\"label\":\"Monitoring\",\"fields\":[{\"key\":\"monitoring.wifiAtLocation\",\"label\":\"WiFi at inverter/battery location?\",\"type\":\"select\",\"options\":[\"Yes\",\"No\"],\"required\":false},{\"key\":\"monitoring.strongReception\",\"label\":\"Strong reception near inverter?\",\"type\":\"select\",\"options\":[\"Yes\",\"No\"],\"required\":false},{\"key\":\"monitoring.ethernetRunnable\",\"label\":\"Ethernet runnable from router to inverter?\",\"type\":\"select\",\"options\":[\"Yes\",\"No\"],\"required\":false},{\"key\":\"monitoring.spareRouterPort\",\"label\":\"Spare port in router?\",\"type\":\"select\",\"options\":[\"Yes\",\"No\"],\"required\":false},{\"key\":\"monitoring.wifiName\",\"label\":\"WiFi Name\",\"type\":\"text\",\"required\":false},{\"key\":\"monitoring.wifiPassword\",\"label\":\"WiFi Password\",\"type\":\"text\",\"required\":false},{\"key\":\"monitoring.distanceToEthernetPort\",\"label\":\"Distance to Ethernet Port\",\"type\":\"text\",\"placeholder\":\"e.g., 15m\",\"required\":false}]},{\"id\":\"existing\",\"label\":\"Existing System\",\"fields\":[{\"key\":\"existingSystem.existingSolar\",\"label\":\"Existing solar on site?\",\"type\":\"select\",\"options\":[\"Yes\",\"No\"],\"required\":false},{\"key\":\"existingSystem.existingBattery\",\"label\":\"Existing battery on site?\",\"type\":\"select\",\"options\":[\"Yes\",\"No\"],\"required\":false}]}]},{\"id\":\"roof\",\"label\":\"Roof Type\",\"sections\":[{\"id\":\"roof-profile\",\"label\":\"Roof Type\",\"fields\":[{\"key\":\"roofProfile.roofHeightMeters\",\"label\":\"Roof Height (m)\",\"type\":\"text\",\"placeholder\":\"e.g., 5.2\",\"required\":false},{\"key\":\"roofProfile.safeAccess\",\"label\":\"Safe & clear access to roof?\",\"type\":\"select\",\"options\":[\"Yes\",\"No\"],\"required\":false},{\"key\":\"roofProfile.accessMethod\",\"label\":\"By what method access will be achieved to the roof?\",\"type\":\"select\",\"options\":[\"Extension Ladder\",\"Scissor Lift\",\"Boom Lift\"],\"required\":false},{\"key\":\"roofProfile.panelCarryMethod\",\"label\":\"By what method panels will be taken to access the roof?\",\"type\":\"select\",\"options\":[\"Hand Passed\",\"Scissor Lift\",\"Boom Lift\",\"Crane Lift\"],\"required\":false},{\"key\":\"roofProfile.edgeProtectionRequired\",\"label\":\"Edge Protection required?\",\"type\":\"select\",\"options\":[\"Yes\",\"No\"],\"required\":false},{\"key\":\"roofProfile.edgeProtectionAvailable\",\"label\":\"Edge Protection available?\",\"type\":\"select\",\"options\":[\"Yes\",\"No\"],\"required\":false},{\"key\":\"roofProfile.edgeProtectionMeters\",\"label\":\"Meters of Edge Protection\",\"type\":\"text\",\"placeholder\":\"e.g., 20\",\"required\":false},{\"key\":\"roofProfile.edgeProtectionPhoto\",\"label\":\"Upload image showing Edge Protection location\",\"type\":\"photo\",\"accept\":\"image/*,application/pdf\",\"required\":false},{\"key\":\"roofProfile.roofMaterial\",\"label\":\"Roof Type\",\"type\":\"select\",\"options\":[\"Tin Colorbond\",\"Tin Kliplock\",\"Tile Concrete\",\"Tile Terracotta\",\"Tile Shillings\"],\"allowOther\":true,\"required\":false},{\"key\":\"roofProfile.roofConditionOK\",\"label\":\"Roof in suitable condition?\",\"type\":\"select\",\"options\":[\"Yes\",\"No\"],\"required\":false},{\"key\":\"roofProfile.section1Pitch\",\"label\":\"Section 1 pitch\",\"type\":\"text\",\"required\":false},{\"key\":\"roofProfile.section1Photo\",\"label\":\"Upload Photo\",\"type\":\"photo\",\"accept\":\"image/*,application/pdf\",\"required\":false},{\"key\":\"roofProfile.section2Pitch\",\"label\":\"Section 2 pitch (if applicable)\",\"type\":\"text\",\"required\":false},{\"key\":\"roofProfile.section2Photo\",\"label\":\"Upload Photo\",\"type\":\"photo\",\"accept\":\"image/*,application/pdf\",\"required\":false},{\"key\":\"roofProfile.section3Pitch\",\"label\":\"Section 3 pitch (if applicable)\",\"type\":\"text\",\"required\":false},{\"key\":\"roofProfile.section3Photo\",\"label\":\"Upload Photo\",\"type\":\"photo\",\"accept\":\"image/*,application/pdf\",\"required\":false},{\"key\":\"roofProfile.anchorPoints\",\"label\":\"Anchor points on roof?\",\"type\":\"select\",\"options\":[\"Yes\",\"No\"],\"required\":false},{\"key\":\"roofProfile.skylightsPresent\",\"label\":\"Skylights present?\",\"type\":\"select\",\"options\":[\"Yes\",\"No\"],\"required\":false},{\"key\":\"roofProfile.proposedDesignFits\",\"label\":\"Proposed design fits roof?\",\"type\":\"select\",\"options\":[\"Yes\",\"No\"],\"required\":false},{\"key\":\"roofProfile.tiltsRequired\",\"label\":\"Tilts required?\",\"type\":\"select\",\"options\":[\"Yes\",\"No\"],\"required\":false},{\"key\":\"roofProfile.tiltAngle\",\"label\":\"Tilt angle (if required)\",\"type\":\"text\",\"placeholder\":\"e.g., 18°\",\"required\":false},{\"key\":\"roofProfile.spareTilesOnSite\",\"label\":\"Spare tiles on site (10–15)?\",\"type\":\"select\",\"options\":[\"Yes\",\"No\"],\"required\":false},{\"key\":\"roofProfile.structureToMountModules\",\"label\":\"Structure to mount modules\",\"type\":\"text\",\"placeholder\":\"e.g., House\",\"required\":false},{\"key\":\"roofProfile.anyShadingIssues\",\"label\":\"Any shading issues?\",\"type\":\"select\",\"options\":[\"Yes\",\"No\"],\"required\":false},{\"key\":\"roofProfile.dcCableRunMeters\",\"label\":\"DC Cable Run (m)\",\"type\":\"text\",\"required\":false},{\"key\":\"roofProfile.dcConduitMeters\",\"label\":\"DC Conduit (m)\",\"type\":\"text\",\"required\":false}]}]},{\"id\":\"mudmap\",\"label\":\"Mud Map\",\"sections\":[{\"id\":\"mud-map\",\"label\":\"Mud Map\",\"fields\":[{\"key\":\"mudMap.mapPhoto\",\"label\":\"Mud Map (mark inverter, MSB/Sub-Board, POC/TX, access)\",\"type\":\"photo\",\"accept\":\"image/*,application/pdf\",\"required\":false},{\"key\":\"mudMap.accessNotes\",\"label\":\"Access notes\",\"type\":\"textarea\",\"placeholder\":\"Proposed roof access location, etc.\",\"required\":false}]}]},{\"id\":\"final\",\"label\":\"Final Checks\",\"sections\":[{\"id\":\"shading\",\"label\":\"Shading Assessment\",\"fields\":[{\"key\":\"shading.sources\",\"label\":\"Sources of shading (multi-select)\",\"type\":\"multiselect\",\"options\":[\"No significant shading\",\"Partial shading in afternoon\",\"Heavy shading from adjacent buildings\",\"Partial shading in morning\",\"Heavy shading from trees\",\"Other\"],\"required\":false},{\"key\":\"shading.other\",\"label\":\"Other shading\",\"type\":\"text\",\"placeholder\":\"e.g., vent near array\",\"visibleIf\":{\"field\":\"shading.sources\",\"operator\":\"in\",\"value\":[\"Other\"]},\"required\":false}]},{\"id\":\"electrical\",\"label\":\"Electrical Hazards\",\"fields\":[{\"key\":\"electrical.hazards\",\"label\":\"Electrical Hazards\",\"type\":\"multiselect\",\"options\":[\"Exposed wiring\",\"Water damage\",\"Overloaded circuits\",\"Corrosion\",\"Faulty breakers\",\"Code violations\",\"Poor grounding\",\"Other\"],\"required\":false},{\"key\":\"electrical.other\",\"label\":\"Other hazard\",\"type\":\"text\",\"required\":false},{\"key\":\"electrical.describeOther\",\"label\":\"Describe other hazard\",\"type\":\"text\",\"required\":false},{\"key\":\"electrical.notes\",\"label\":\"Hazard notes\",\"type\":\"textarea\",\"required\":false},{\"key\":\"electrical.mitigations\",\"label\":\"Mitigations / recommendations\",\"type\":\"textarea\",\"required\":false}]},{\"id\":\"recommendations\",\"label\":\"Recommendations\",\"fields\":[{\"key\":\"recommendations.count\",\"label\":\"Number of options\",\"type\":\"select\",\"options\":[\"0\",\"1\",\"2\",\"3\",\"4\",\"5\",\"6\",\"7\",\"8\",\"9\",\"10\"],\"required\":false},{\"key\":\"recommendations.summary\",\"label\":\"Summary (optional)\",\"type\":\"textarea\",\"placeholder\":\"Overall recommendation context\",\"required\":false},{\"key\":\"recommendations.items[0]\",\"label\":\"Option 1\",\"type\":\"text\",\"visibleIf\":{\"field\":\"recommendations.count\",\"operator\":\"in\",\"value\":[\"1\",\"2\",\"3\",\"4\",\"5\",\"6\",\"7\",\"8\",\"9\",\"10\"]},\"required\":false},{\"key\":\"recommendations.items[1]\",\"label\":\"Option 2\",\"type\":\"text\",\"visibleIf\":{\"field\":\"recommendations.count\",\"operator\":\"in\",\"value\":[\"2\",\"3\",\"4\",\"5\",\"6\",\"7\",\"8\",\"9\",\"10\"]},\"required\":false},{\"key\":\"recommendations.items[2]\",\"label\":\"Option 3\",\"type\":\"text\",\"visibleIf\":{\"field\":\"recommendations.count\",\"operator\":\"in\",\"value\":[\"3\",\"4\",\"5\",\"6\",\"7\",\"8\",\"9\",\"10\"]},\"required\":false},{\"key\":\"recommendations.items[3]\",\"label\":\"Option 4\",\"type\":\"text\",\"visibleIf\":{\"field\":\"recommendations.count\",\"operator\":\"in\",\"value\":[\"4\",\"5\",\"6\",\"7\",\"8\",\"9\",\"10\"]},\"required\":false},{\"key\":\"recommendations.items[4]\",\"label\":\"Option 5\",\"type\":\"text\",\"visibleIf\":{\"field\":\"recommendations.count\",\"operator\":\"in\",\"value\":[\"5\",\"6\",\"7\",\"8\",\"9\",\"10\"]},\"required\":false},{\"key\":\"recommendations.items[5]\",\"label\":\"Option 6\",\"type\":\"text\",\"visibleIf\":{\"field\":\"recommendations.count\",\"operator\":\"in\",\"value\":[\"6\",\"7\",\"8\",\"9\",\"10\"]},\"required\":false},{\"key\":\"recommendations.items[6]\",\"label\":\"Option 7\",\"type\":\"text\",\"visibleIf\":{\"field\":\"recommendations.count\",\"operator\":\"in\",\"value\":[\"7\",\"8\",\"9\",\"10\"]},\"required\":false},{\"key\":\"recommendations.items[7]\",\"label\":\"Option 8\",\"type\":\"text\",\"visibleIf\":{\"field\":\"recommendations.count\",\"operator\":\"in\",\"value\":[\"8\",\"9\",\"10\"]},\"required\":false},{\"key\":\"recommendations.items[8]\",\"label\":\"Option 9\",\"type\":\"text\",\"visibleIf\":{\"field\":\"recommendations.count\",\"operator\":\"in\",\"value\":[\"9\",\"10\"]},\"required\":false},{\"key\":\"recommendations.items[9]\",\"label\":\"Option 10\",\"type\":\"text\",\"visibleIf\":{\"field\":\"recommendations.count\",\"operator\":\"eq\",\"value\":\"10\"},\"required\":false}]},{\"id\":\"mediaSummary\",\"label\":\"Media Summary\",\"fields\":[{\"key\":\"mediaSummary.note\",\"label\":\"Media Summary\",\"type\":\"textarea\",\"placeholder\":\"Photos uploaded across sections including Meter, Switchboard, Roof Sections, Edge Protection, Mud Map, etc., are listed here.\",\"required\":false}]}]}]','{\"requiredFields\":[\"inspected_at\",\"inspector_name\",\"roof_type\",\"meter_phase\",\"inverter_location\",\"msb_condition\"]}','{\"enabledSections\":[\"core\",\"job\",\"switchboard\",\"subBoard\",\"inverter\",\"battery\",\"monitor\",\"roof\",\"mudmap\",\"final\"],\"stepGuards\":[{\"stepId\":\"job\",\"fields\":[\"jobDetails.licenseSelfie\"]}]}','2026-03-19 23:42:34',NULL,'2026-03-19 23:42:32','2026-03-19 23:42:34');
/*!40000 ALTER TABLE `inspection_templates` ENABLE KEYS */;
UNLOCK TABLES;

--
-- Table structure for table `installation_checklist_items`
--

DROP TABLE IF EXISTS `installation_checklist_items`;
/*!40101 SET @saved_cs_client     = @@character_set_client */;
/*!40101 SET character_set_client = utf8mb4 */;
CREATE TABLE `installation_checklist_items` (
  `id` int(10) unsigned NOT NULL AUTO_INCREMENT,
  `company_id` int(10) unsigned DEFAULT NULL,
  `section` varchar(100) NOT NULL DEFAULT 'general',
  `label` varchar(255) NOT NULL,
  `sort_order` smallint(6) NOT NULL DEFAULT 0,
  `is_required` tinyint(1) NOT NULL DEFAULT 0,
  `created_at` datetime NOT NULL DEFAULT current_timestamp(),
  PRIMARY KEY (`id`),
  KEY `idx_ici_company` (`company_id`),
  KEY `idx_ici_section` (`section`)
) ENGINE=InnoDB AUTO_INCREMENT=19 DEFAULT CHARSET=utf8mb4 COLLATE=utf8mb4_unicode_ci;
/*!40101 SET character_set_client = @saved_cs_client */;

--
-- Dumping data for table `installation_checklist_items`
--

LOCK TABLES `installation_checklist_items` WRITE;
/*!40000 ALTER TABLE `installation_checklist_items` DISABLE KEYS */;
INSERT INTO `installation_checklist_items` VALUES
(1,NULL,'pre_install','Site arrival & safety briefing',1,1,'2026-03-16 11:55:20'),
(2,NULL,'pre_install','Confirm customer name & address',2,1,'2026-03-16 11:55:20'),
(3,NULL,'pre_install','Confirm system specs with customer',3,1,'2026-03-16 11:55:20'),
(4,NULL,'pre_install','Inspect roof / mounting area',4,1,'2026-03-16 11:55:20'),
(5,NULL,'pre_install','Check switchboard / MSB',5,1,'2026-03-16 11:55:20'),
(6,NULL,'pre_install','PPE checked for all team members',6,1,'2026-03-16 11:55:20'),
(7,NULL,'install','Mount rails / brackets',1,1,'2026-03-16 11:55:20'),
(8,NULL,'install','Install solar panels',2,1,'2026-03-16 11:55:20'),
(9,NULL,'install','Run DC cabling & conduit',3,1,'2026-03-16 11:55:20'),
(10,NULL,'install','Install & wire inverter',4,1,'2026-03-16 11:55:20'),
(11,NULL,'install','AC connection to switchboard',5,1,'2026-03-16 11:55:20'),
(12,NULL,'install','Battery installation (if applicable)',6,0,'2026-03-16 11:55:20'),
(13,NULL,'post_install','Commissioning & system test',1,1,'2026-03-16 11:55:20'),
(14,NULL,'post_install','Label all equipment',2,1,'2026-03-16 11:55:20'),
(15,NULL,'post_install','Clean up worksite',3,1,'2026-03-16 11:55:20'),
(16,NULL,'post_install','Brief customer on system operation',4,1,'2026-03-16 11:55:20'),
(17,NULL,'post_install','Take completion photos',5,1,'2026-03-16 11:55:20'),
(18,NULL,'post_install','Complete customer sign-off',6,1,'2026-03-16 11:55:20');
/*!40000 ALTER TABLE `installation_checklist_items` ENABLE KEYS */;
UNLOCK TABLES;

--
-- Table structure for table `installation_checklist_responses`
--

DROP TABLE IF EXISTS `installation_checklist_responses`;
/*!40101 SET @saved_cs_client     = @@character_set_client */;
/*!40101 SET character_set_client = utf8mb4 */;
CREATE TABLE `installation_checklist_responses` (
  `id` bigint(20) unsigned NOT NULL AUTO_INCREMENT,
  `job_id` bigint(20) unsigned NOT NULL,
  `item_id` int(10) unsigned NOT NULL,
  `checked` tinyint(1) NOT NULL DEFAULT 0,
  `note` text DEFAULT NULL,
  `checked_by` int(10) unsigned DEFAULT NULL,
  `checked_at` datetime DEFAULT NULL,
  `created_at` datetime NOT NULL DEFAULT current_timestamp(),
  `updated_at` datetime NOT NULL DEFAULT current_timestamp() ON UPDATE current_timestamp(),
  PRIMARY KEY (`id`),
  UNIQUE KEY `uk_icr_job_item` (`job_id`,`item_id`),
  KEY `idx_icr_job` (`job_id`),
  KEY `idx_icr_item` (`item_id`),
  CONSTRAINT `fk_icr_item` FOREIGN KEY (`item_id`) REFERENCES `installation_checklist_items` (`id`) ON DELETE CASCADE,
  CONSTRAINT `fk_icr_job` FOREIGN KEY (`job_id`) REFERENCES `installation_jobs` (`id`) ON DELETE CASCADE
) ENGINE=InnoDB AUTO_INCREMENT=41 DEFAULT CHARSET=utf8mb4 COLLATE=utf8mb4_unicode_ci;
/*!40101 SET character_set_client = @saved_cs_client */;

--
-- Dumping data for table `installation_checklist_responses`
--

LOCK TABLES `installation_checklist_responses` WRITE;
/*!40000 ALTER TABLE `installation_checklist_responses` DISABLE KEYS */;
INSERT INTO `installation_checklist_responses` VALUES
(1,6,1,1,NULL,1,'2026-03-22 23:23:02','2026-03-22 23:23:02','2026-03-22 23:23:02'),
(2,6,2,1,NULL,1,'2026-03-22 23:23:04','2026-03-22 23:23:04','2026-03-22 23:23:04'),
(3,6,3,1,NULL,1,'2026-03-22 23:23:06','2026-03-22 23:23:06','2026-03-22 23:23:06'),
(4,6,4,1,NULL,1,'2026-03-22 23:23:07','2026-03-22 23:23:07','2026-03-22 23:23:07'),
(5,6,5,1,NULL,1,'2026-03-22 23:23:10','2026-03-22 23:23:10','2026-03-22 23:23:10'),
(6,6,6,1,NULL,1,'2026-03-22 23:23:10','2026-03-22 23:23:10','2026-03-22 23:23:10'),
(7,6,7,1,'Test',5,'2026-04-02 08:43:25','2026-03-22 23:28:11','2026-04-02 08:43:25'),
(8,7,13,1,NULL,1,'2026-03-27 12:21:01','2026-03-27 12:21:01','2026-03-27 12:21:01'),
(9,5,1,1,NULL,5,'2026-04-02 08:15:45','2026-04-02 08:15:45','2026-04-02 08:15:45'),
(10,5,2,1,NULL,5,'2026-04-02 08:15:46','2026-04-02 08:15:46','2026-04-02 08:15:46'),
(11,5,3,1,NULL,5,'2026-04-02 08:15:48','2026-04-02 08:15:48','2026-04-02 08:15:48'),
(12,5,4,1,NULL,5,'2026-04-02 08:15:48','2026-04-02 08:15:48','2026-04-02 08:15:48'),
(13,5,5,1,NULL,5,'2026-04-02 08:15:50','2026-04-02 08:15:50','2026-04-02 08:15:50'),
(14,5,6,1,NULL,5,'2026-04-02 08:15:51','2026-04-02 08:15:51','2026-04-02 08:15:51'),
(15,5,7,1,NULL,5,'2026-04-02 08:15:52','2026-04-02 08:15:52','2026-04-02 08:15:52'),
(16,5,8,1,NULL,5,'2026-04-02 08:15:53','2026-04-02 08:15:53','2026-04-02 08:15:53'),
(17,5,9,1,NULL,5,'2026-04-02 08:15:54','2026-04-02 08:15:54','2026-04-02 08:15:54'),
(18,5,10,1,NULL,5,'2026-04-02 08:15:55','2026-04-02 08:15:55','2026-04-02 08:15:55'),
(19,5,11,1,NULL,5,'2026-04-02 08:15:56','2026-04-02 08:15:56','2026-04-02 08:15:56'),
(20,5,12,1,NULL,5,'2026-04-02 08:16:19','2026-04-02 08:15:58','2026-04-02 08:16:19'),
(23,5,13,1,NULL,5,'2026-04-02 08:16:22','2026-04-02 08:16:22','2026-04-02 08:16:22'),
(24,5,14,1,NULL,5,'2026-04-02 08:16:23','2026-04-02 08:16:23','2026-04-02 08:16:23'),
(25,5,15,1,NULL,5,'2026-04-02 08:16:24','2026-04-02 08:16:24','2026-04-02 08:16:24'),
(26,5,16,1,NULL,5,'2026-04-02 08:16:26','2026-04-02 08:16:26','2026-04-02 08:16:26'),
(27,5,17,1,NULL,5,'2026-04-02 08:16:28','2026-04-02 08:16:28','2026-04-02 08:16:28'),
(28,5,18,1,NULL,5,'2026-04-02 08:16:30','2026-04-02 08:16:30','2026-04-02 08:16:30'),
(30,6,8,1,NULL,5,'2026-04-02 08:43:26','2026-04-02 08:43:26','2026-04-02 08:43:26'),
(31,6,9,1,NULL,5,'2026-04-02 08:43:26','2026-04-02 08:43:26','2026-04-02 08:43:26'),
(32,6,10,1,NULL,5,'2026-04-02 08:43:27','2026-04-02 08:43:27','2026-04-02 08:43:27'),
(33,6,11,1,NULL,5,'2026-04-02 08:43:27','2026-04-02 08:43:27','2026-04-02 08:43:27'),
(34,6,12,1,NULL,5,'2026-04-02 08:43:28','2026-04-02 08:43:28','2026-04-02 08:43:28'),
(35,6,14,1,NULL,5,'2026-04-02 08:43:30','2026-04-02 08:43:30','2026-04-02 08:43:30'),
(36,6,13,1,NULL,5,'2026-04-02 08:43:31','2026-04-02 08:43:31','2026-04-02 08:43:31'),
(37,6,15,1,NULL,5,'2026-04-02 08:43:31','2026-04-02 08:43:31','2026-04-02 08:43:31'),
(38,6,16,1,NULL,5,'2026-04-02 08:43:31','2026-04-02 08:43:31','2026-04-02 08:43:31'),
(39,6,17,1,NULL,5,'2026-04-02 08:43:32','2026-04-02 08:43:32','2026-04-02 08:43:32'),
(40,6,18,1,NULL,5,'2026-04-02 08:43:32','2026-04-02 08:43:32','2026-04-02 08:43:32');
/*!40000 ALTER TABLE `installation_checklist_responses` ENABLE KEYS */;
UNLOCK TABLES;

--
-- Table structure for table `installation_job_assignees`
--

DROP TABLE IF EXISTS `installation_job_assignees`;
/*!40101 SET @saved_cs_client     = @@character_set_client */;
/*!40101 SET character_set_client = utf8mb4 */;
CREATE TABLE `installation_job_assignees` (
  `job_id` bigint(20) unsigned NOT NULL,
  `employee_id` int(10) unsigned NOT NULL,
  `company_id` int(10) unsigned NOT NULL,
  `role` varchar(80) DEFAULT NULL,
  `assigned_at` datetime NOT NULL DEFAULT current_timestamp(),
  `assigned_by` int(10) unsigned DEFAULT NULL,
  PRIMARY KEY (`job_id`,`employee_id`),
  KEY `idx_ija_company` (`company_id`),
  KEY `idx_ija_employee` (`employee_id`),
  CONSTRAINT `fk_ija_employee` FOREIGN KEY (`employee_id`) REFERENCES `employees` (`id`) ON DELETE CASCADE,
  CONSTRAINT `fk_ija_job` FOREIGN KEY (`job_id`) REFERENCES `installation_jobs` (`id`) ON DELETE CASCADE
) ENGINE=InnoDB DEFAULT CHARSET=utf8mb4 COLLATE=utf8mb4_unicode_ci;
/*!40101 SET character_set_client = @saved_cs_client */;

--
-- Dumping data for table `installation_job_assignees`
--

LOCK TABLES `installation_job_assignees` WRITE;
/*!40000 ALTER TABLE `installation_job_assignees` DISABLE KEYS */;
INSERT INTO `installation_job_assignees` VALUES
(4,4,1,NULL,'2026-03-19 12:57:44',1),
(5,3,1,NULL,'2026-03-19 13:03:22',1),
(6,1,1,NULL,'2026-03-19 13:43:04',1),
(6,2,1,NULL,'2026-03-19 13:43:04',1),
(6,3,1,NULL,'2026-03-19 13:43:04',1),
(6,4,1,NULL,'2026-03-19 13:43:04',1),
(6,5,1,NULL,'2026-03-19 13:43:04',1),
(6,6,1,NULL,'2026-03-19 13:43:04',1),
(6,7,1,NULL,'2026-03-19 13:43:04',1),
(7,3,1,NULL,'2026-03-23 01:22:39',1),
(7,4,1,NULL,'2026-03-23 01:22:39',1),
(7,5,1,NULL,'2026-03-23 01:22:39',1),
(7,7,1,NULL,'2026-03-23 01:22:39',1),
(7,8,1,NULL,'2026-03-23 01:22:39',1),
(7,10,1,NULL,'2026-03-23 01:22:39',1),
(9,1,1,NULL,'2026-03-26 01:06:55',16),
(9,3,1,NULL,'2026-03-26 01:06:55',16),
(9,4,1,NULL,'2026-03-26 01:06:55',16),
(9,5,1,NULL,'2026-03-26 01:06:55',16),
(10,4,1,NULL,'2026-04-02 08:11:59',11),
(10,5,1,NULL,'2026-04-02 08:11:59',11),
(10,8,1,NULL,'2026-04-02 08:11:59',11);
/*!40000 ALTER TABLE `installation_job_assignees` ENABLE KEYS */;
UNLOCK TABLES;

--
-- Table structure for table `installation_jobs`
--

DROP TABLE IF EXISTS `installation_jobs`;
/*!40101 SET @saved_cs_client     = @@character_set_client */;
/*!40101 SET character_set_client = utf8mb4 */;
CREATE TABLE `installation_jobs` (
  `id` bigint(20) unsigned NOT NULL AUTO_INCREMENT,
  `company_id` int(10) unsigned NOT NULL,
  `project_id` bigint(20) unsigned DEFAULT NULL,
  `retailer_project_id` bigint(20) unsigned DEFAULT NULL,
  `status` enum('scheduled','in_progress','paused','completed') NOT NULL DEFAULT 'scheduled',
  `customer_name` varchar(150) NOT NULL DEFAULT '',
  `customer_phone` varchar(50) DEFAULT NULL,
  `customer_email` varchar(255) DEFAULT NULL,
  `address` varchar(255) DEFAULT NULL,
  `suburb` varchar(150) DEFAULT NULL,
  `system_size_kw` decimal(10,2) DEFAULT NULL,
  `system_type` varchar(100) DEFAULT NULL,
  `panel_count` smallint(5) unsigned DEFAULT NULL,
  `inverter_model` varchar(150) DEFAULT NULL,
  `battery_included` tinyint(1) NOT NULL DEFAULT 0,
  `scheduled_date` date DEFAULT NULL,
  `scheduled_time` time DEFAULT NULL,
  `estimated_hours` decimal(4,1) DEFAULT NULL,
  `started_at` datetime DEFAULT NULL,
  `paused_at` datetime DEFAULT NULL,
  `completed_at` datetime DEFAULT NULL,
  `total_elapsed_seconds` int(10) unsigned DEFAULT 0,
  `notes` text DEFAULT NULL,
  `created_by` int(10) unsigned DEFAULT NULL,
  `updated_by` int(10) unsigned DEFAULT NULL,
  `created_at` datetime NOT NULL DEFAULT current_timestamp(),
  `updated_at` datetime NOT NULL DEFAULT current_timestamp() ON UPDATE current_timestamp(),
  PRIMARY KEY (`id`),
  KEY `idx_ij_company` (`company_id`),
  KEY `idx_ij_project` (`project_id`),
  KEY `idx_ij_retailer` (`retailer_project_id`),
  KEY `idx_ij_date` (`scheduled_date`),
  KEY `idx_ij_status` (`status`),
  CONSTRAINT `fk_ij_company` FOREIGN KEY (`company_id`) REFERENCES `companies` (`id`) ON DELETE CASCADE,
  CONSTRAINT `fk_ij_project` FOREIGN KEY (`project_id`) REFERENCES `projects` (`id`) ON DELETE SET NULL,
  CONSTRAINT `fk_ij_retailer_project` FOREIGN KEY (`retailer_project_id`) REFERENCES `retailer_projects` (`id`) ON DELETE SET NULL
) ENGINE=InnoDB AUTO_INCREMENT=11 DEFAULT CHARSET=utf8mb4 COLLATE=utf8mb4_unicode_ci;
/*!40101 SET character_set_client = @saved_cs_client */;

--
-- Dumping data for table `installation_jobs`
--

LOCK TABLES `installation_jobs` WRITE;
/*!40000 ALTER TABLE `installation_jobs` DISABLE KEYS */;
INSERT INTO `installation_jobs` VALUES
(1,1,2,NULL,'paused','Glynnis Owen','0411 469 764','glynnis.owen@optusnet.com.au',NULL,'Eltham',NULL,NULL,NULL,NULL,0,'2026-03-20','09:00:00',NULL,'2026-03-19 12:26:11','2026-03-19 12:26:28',NULL,8,'',1,1,'2026-03-19 12:25:52','2026-03-19 12:26:28'),
(2,1,1,NULL,'scheduled','MInwerwe','','',NULL,'test',1000.00,NULL,NULL,NULL,0,'2026-03-20','22:00:00',NULL,NULL,NULL,NULL,0,'',1,1,'2026-03-19 12:29:06','2026-03-19 12:29:21'),
(3,1,4,NULL,'scheduled','Markus Wagner','0488 996 355','solar@acrocon.com',NULL,'Springvale',50.00,NULL,NULL,NULL,0,'2026-03-19','17:00:00',NULL,NULL,NULL,NULL,0,'',1,1,'2026-03-19 12:39:21','2026-03-19 12:39:32'),
(4,1,5,NULL,'scheduled','Lou Marasco','0439 388 807','lou@altobmg.com.au',NULL,'Carnegie',NULL,NULL,NULL,NULL,0,'2026-03-19','20:00:00',NULL,NULL,NULL,NULL,0,'',1,1,'2026-03-19 12:57:39','2026-03-19 12:57:44'),
(5,1,6,NULL,'paused','Daniel Martin','401053606','danielsmartin0000@gmail.com',NULL,'Cockatoo',5.00,NULL,NULL,NULL,0,'2026-03-19','10:00:00',NULL,'2026-04-02 08:16:34','2026-04-02 08:24:03',NULL,449,'',1,5,'2026-03-19 13:03:22','2026-04-02 08:24:03'),
(6,1,NULL,3,'in_progress','Lê Nguyễn Nhựt Minh',NULL,NULL,'Burrows Ave',NULL,NULL,NULL,NULL,NULL,0,'2026-03-19',NULL,NULL,'2026-03-22 23:22:56','2026-03-23 01:03:14',NULL,5503,NULL,1,5,'2026-03-19 13:34:30','2026-04-02 08:43:34'),
(7,1,NULL,4,'paused','ABBY','0411 210 222','abc.gmail.com','123 Fake st Fakeville ',NULL,5.00,'Solar PV',NULL,NULL,0,'2026-03-29',NULL,NULL,'2026-03-23 03:11:27','2026-03-26 22:37:49',NULL,329182,'TESTING ',1,5,'2026-03-23 01:22:39','2026-03-26 22:37:49'),
(8,1,NULL,5,'in_progress','SINDY','0411 000 222 ','sind.gmail.com','125 Canterbury rd Vermont ',NULL,NULL,NULL,NULL,NULL,0,'2026-04-05',NULL,NULL,'2026-03-31 20:03:46','2026-04-01 03:15:41',NULL,25912,NULL,1,1,'2026-03-23 02:16:58','2026-04-01 03:15:43'),
(9,1,NULL,7,'scheduled','Wally','111 222 333 ','wally@tester.com','123 Fake st fakeville ',NULL,10.00,'Solar PV',NULL,NULL,0,'2026-03-31',NULL,NULL,NULL,NULL,NULL,0,'Just for testing purposes ',16,16,'2026-03-26 01:06:55','2026-03-26 01:06:55'),
(10,1,16,NULL,'scheduled','Paul Hunter','425736331','j.paul.hunter@mac.com',NULL,'Thornbury',NULL,'PV + Battery',NULL,NULL,0,'2026-04-15','07:30:00',NULL,NULL,NULL,NULL,0,'Take optimisers',11,11,'2026-04-02 08:10:43','2026-04-02 08:11:59');
/*!40000 ALTER TABLE `installation_jobs` ENABLE KEYS */;
UNLOCK TABLES;

--
-- Table structure for table `installation_photo_requirements`
--

DROP TABLE IF EXISTS `installation_photo_requirements`;
/*!40101 SET @saved_cs_client     = @@character_set_client */;
/*!40101 SET character_set_client = utf8mb4 */;
CREATE TABLE `installation_photo_requirements` (
  `id` int(10) unsigned NOT NULL AUTO_INCREMENT,
  `company_id` int(10) unsigned NOT NULL,
  `section` enum('before','during','after') NOT NULL,
  `min_count` tinyint(3) unsigned NOT NULL DEFAULT 1,
  `is_required` tinyint(1) NOT NULL DEFAULT 1,
  PRIMARY KEY (`id`),
  UNIQUE KEY `uk_ipr_company_section` (`company_id`,`section`),
  CONSTRAINT `fk_ipr_company` FOREIGN KEY (`company_id`) REFERENCES `companies` (`id`) ON DELETE CASCADE
) ENGINE=InnoDB DEFAULT CHARSET=utf8mb4 COLLATE=utf8mb4_unicode_ci;
/*!40101 SET character_set_client = @saved_cs_client */;

--
-- Dumping data for table `installation_photo_requirements`
--

LOCK TABLES `installation_photo_requirements` WRITE;
/*!40000 ALTER TABLE `installation_photo_requirements` DISABLE KEYS */;
/*!40000 ALTER TABLE `installation_photo_requirements` ENABLE KEYS */;
UNLOCK TABLES;

--
-- Table structure for table `installation_photos`
--

DROP TABLE IF EXISTS `installation_photos`;
/*!40101 SET @saved_cs_client     = @@character_set_client */;
/*!40101 SET character_set_client = utf8mb4 */;
CREATE TABLE `installation_photos` (
  `id` bigint(20) unsigned NOT NULL AUTO_INCREMENT,
  `job_id` bigint(20) unsigned NOT NULL,
  `company_id` int(10) unsigned NOT NULL,
  `section` enum('before','during','after','general') NOT NULL DEFAULT 'general',
  `storage_url` varchar(512) NOT NULL,
  `filename` varchar(255) NOT NULL,
  `mime_type` varchar(80) DEFAULT NULL,
  `size_bytes` int(10) unsigned DEFAULT NULL,
  `caption` varchar(255) DEFAULT NULL,
  `lat` decimal(10,7) DEFAULT NULL,
  `lng` decimal(10,7) DEFAULT NULL,
  `taken_at` datetime DEFAULT NULL,
  `device_info` varchar(255) DEFAULT NULL,
  `uploaded_by` int(10) unsigned DEFAULT NULL,
  `created_at` datetime NOT NULL DEFAULT current_timestamp(),
  PRIMARY KEY (`id`),
  KEY `idx_ip_job` (`job_id`),
  KEY `idx_ip_company` (`company_id`),
  KEY `idx_ip_section` (`section`),
  CONSTRAINT `fk_ip_job` FOREIGN KEY (`job_id`) REFERENCES `installation_jobs` (`id`) ON DELETE CASCADE
) ENGINE=InnoDB AUTO_INCREMENT=17 DEFAULT CHARSET=utf8mb4 COLLATE=utf8mb4_unicode_ci;
/*!40101 SET character_set_client = @saved_cs_client */;

--
-- Dumping data for table `installation_photos`
--

LOCK TABLES `installation_photos` WRITE;
/*!40000 ALTER TABLE `installation_photos` DISABLE KEYS */;
INSERT INTO `installation_photos` VALUES
(2,6,1,'before','/uploads/installation-jobs/6/before/1774287109510-Screenshot_2026-03-18_at_11.05.20.png','1774287109510-Screenshot_2026-03-18_at_11.05.20.png','image/png',831256,NULL,NULL,NULL,'2026-03-23 17:31:47',NULL,1,'2026-03-23 17:31:49'),
(3,6,1,'before','/uploads/installation-jobs/6/before/1774287125470-Screenshot_2026-03-18_at_11.05.20.png','1774287125470-Screenshot_2026-03-18_at_11.05.20.png','image/png',831256,NULL,NULL,NULL,'2026-03-23 17:32:04',NULL,1,'2026-03-23 17:32:05'),
(4,6,1,'before','/uploads/installation-jobs/6/before/1774287460476-Screenshot_2026-03-18_at_11.05.20.png','1774287460476-Screenshot_2026-03-18_at_11.05.20.png','image/png',831256,NULL,NULL,NULL,'2026-03-23 17:37:39',NULL,1,'2026-03-23 17:37:40'),
(5,6,1,'before','/uploads/installation-jobs/6/before/1774287821556-Screenshot_2026-03-18_at_11.05.20.png','1774287821556-Screenshot_2026-03-18_at_11.05.20.png','image/png',831256,NULL,NULL,NULL,'2026-03-23 17:43:40',NULL,1,'2026-03-23 17:43:41'),
(6,7,1,'before','/uploads/installation-jobs/7/before/1774564678737-Screenshot_2026-03-27_at_03.26.00.png','1774564678737-Screenshot_2026-03-27_at_03.26.00.png','image/png',125905,NULL,NULL,NULL,'2026-03-26 22:37:57',NULL,5,'2026-03-26 22:37:58'),
(7,8,1,'general','/uploads/installation-jobs/8/general/1774987460468-scaled_5843102e-abb5-4db5-b256-ed3b168e29f66377845442392057071.jpg','1774987460468-scaled_5843102e-abb5-4db5-b256-ed3b168e29f66377845442392057071.jpg','image/jpeg',29063,NULL,NULL,NULL,NULL,NULL,1,'2026-03-31 20:04:20'),
(8,8,1,'general','/uploads/installation-jobs/8/general/1775013367627-scaled_2a851c4b-d64c-4cc8-a1c5-53993f03a955966450762305767446.jpg','1775013367627-scaled_2a851c4b-d64c-4cc8-a1c5-53993f03a955966450762305767446.jpg','image/jpeg',29063,NULL,NULL,NULL,NULL,NULL,1,'2026-04-01 03:16:07'),
(9,5,1,'before','/uploads/installation-jobs/5/before/1775118029765-WhatsApp_Image_2026-03-31_at_20.30.13.jpeg','1775118029765-WhatsApp_Image_2026-03-31_at_20.30.13.jpeg','image/jpeg',312243,NULL,NULL,NULL,'2026-04-02 08:20:27',NULL,5,'2026-04-02 08:20:29'),
(12,5,1,'during','/uploads/installation-jobs/5/during/1775118109860-WhatsApp_Image_2026-03-31_at_20.33.45__1_.jpeg','1775118109860-WhatsApp_Image_2026-03-31_at_20.33.45__1_.jpeg','image/jpeg',537186,NULL,NULL,NULL,'2026-04-02 08:21:47',NULL,5,'2026-04-02 08:21:49'),
(13,5,1,'after','/uploads/installation-jobs/5/after/1775118114300-WhatsApp_Image_2026-03-31_at_20.33.46__1_.jpeg','1775118114300-WhatsApp_Image_2026-03-31_at_20.33.46__1_.jpeg','image/jpeg',497920,NULL,NULL,NULL,'2026-04-02 08:21:53',NULL,5,'2026-04-02 08:21:54'),
(14,6,1,'before','/uploads/installation-jobs/6/before/1775119387324-logo-removebg.png','1775119387324-logo-removebg.png','image/png',267349,NULL,NULL,NULL,'2026-04-02 08:43:06',NULL,5,'2026-04-02 08:43:07'),
(15,6,1,'during','/uploads/installation-jobs/6/during/1775119392951-logo.jpeg','1775119392951-logo.jpeg','image/jpeg',66898,NULL,NULL,NULL,'2026-04-02 08:43:12',NULL,5,'2026-04-02 08:43:12'),
(16,6,1,'after','/uploads/installation-jobs/6/after/1775119397685-logo-removebg.png','1775119397685-logo-removebg.png','image/png',267349,NULL,NULL,NULL,'2026-04-02 08:43:17',NULL,5,'2026-04-02 08:43:17');
/*!40000 ALTER TABLE `installation_photos` ENABLE KEYS */;
UNLOCK TABLES;

--
-- Table structure for table `installation_signoffs`
--

DROP TABLE IF EXISTS `installation_signoffs`;
/*!40101 SET @saved_cs_client     = @@character_set_client */;
/*!40101 SET character_set_client = utf8mb4 */;
CREATE TABLE `installation_signoffs` (
  `id` bigint(20) unsigned NOT NULL AUTO_INCREMENT,
  `job_id` bigint(20) unsigned NOT NULL,
  `customer_name` varchar(150) NOT NULL,
  `signature_url` longtext DEFAULT NULL,
  `signed_at` datetime NOT NULL DEFAULT current_timestamp(),
  `signed_by_ip` varchar(45) DEFAULT NULL,
  `notes` text DEFAULT NULL,
  `created_at` datetime NOT NULL DEFAULT current_timestamp(),
  PRIMARY KEY (`id`),
  UNIQUE KEY `job_id` (`job_id`),
  KEY `idx_is_job` (`job_id`),
  CONSTRAINT `fk_is_job` FOREIGN KEY (`job_id`) REFERENCES `installation_jobs` (`id`) ON DELETE CASCADE
) ENGINE=InnoDB AUTO_INCREMENT=2 DEFAULT CHARSET=utf8mb4 COLLATE=utf8mb4_unicode_ci;
/*!40101 SET character_set_client = @saved_cs_client */;

--
-- Dumping data for table `installation_signoffs`
--

LOCK TABLES `installation_signoffs` WRITE;
/*!40000 ALTER TABLE `installation_signoffs` DISABLE KEYS */;
INSERT INTO `installation_signoffs` VALUES
(1,6,'Lê Nguyễn Nhựt Minh','data:image/png;base64,iVBORw0KGgoAAAANSUhEUgAAAeAAAACMCAYAAACklXoAAAAQAElEQVR4AeydT4wsyZ3XI7K6Z7Dd770u+828spFgd/HrehJahOSVQKwlpB0kTrsSEhxAQkJCi7SIE+sjCBBckOwDFw574YCEkBYJaVdwGlYgGy6+GQ6ve3ZZg3fX/Wbsne43Y3vG3ZWxv09l/SojszOrsv5nZv2y61cRGX9+8YtvZMU3fxFZ1YmzwxAwBPaOwHA0Diq7avzs6Zfvh6OLeTvDqM0nz8bprto1vYaAIdAMASPgZjhZKUNgRwiEHel17uMf/O7Jh9dX/u5+MgkuFBpKvPMQ8vnowoh4ZyNgig2BxQgcNwEvxsZyDYGdIBB7n3f36WQnjURKIeKb66ukioiFh42II6wsagjsEwEj4H2ibW0ZAoIA3qcE0xfkOI3s4Y22lIhTcYnjJpWIWbaO0y1uCBgCu0PACHh32LZds9l3cAQKq8J7swYivn11mXx4feknaXFp+vRkMLBl6b0NhTV05AgYAR/5BWDd3y8C+15+Xta71+8/XJpWbzi2dZkeyzcEDIHVETACXh0zq9EHBA7Uh8QHr03jiWr8kCF26NJ0bAdL5cPRRbBl6RgVixsC20PACHh7WJomQ6ABAnP+bVB2v0UgYpalZXs4Whv3zpal9zsO1trxIGAEfDxjbT1tFQIRx+3froUtqjccE7F33tve8ELYLNMQWBkBI+CVIbMKhsB6CMRLuWnw7WVg6R7eMEScCgvL6fQFCQ9HY1uSnqJhb4bA5ggYAW+OoWkwBBohkMihBUPx4WNNbl3I09J8fzg2jCXp+GYizutE3Iw0BFqCgBFwSwbCzDAE2ooA3jAkLM7w3GuHhG1Juq0jZnZ1BQEj4K6MlNlpCBwQAUiYJemYhFmSNhI+4KCs17TVahECRsAtGgwzxRBoOwKQMN6w2gkJ276womGhIbAaAkbAq+FlpQ2Bo0cAbzgj4fmK9PSrSvbDHUd/abQfgJZZaATcsgExcwyBLiCQkXBa+C9L/HCHLUl3YfTMxrYgYATclpEwOwyBjiEACbMkXf6qkpFwxwbSzD0YAnsm4IP10xo2BAyBHSFQ/qqS7gvvqDlTawj0BgEj4N4MpXXEEDgcAnjD2b5wboM9nJVjYTFDoAoBI+AqVHaUZmoNgT4joCQcf1WJ7ws/fvsi7XO/rW+GwLoIGAGvi5zVMwQMgQcIQMLsC8ckPEi8NxJ+AJUlGALOCNgugj0hYM0cEwJGwsc02tbXdREwAl4XOatnCBgCCxEwEl4Ij2UaAuYB2zVgCOwDgWNtw0j4WEfe+t0EAfOAm6BkZQwBQ2BtBIyE14bOKvYcASPgng+wdW+3CPBv+VR221KXtTtnJNzt8TPrd4OAEfBucDWtPUYAwuXXnvieK1+zUeG8x93euGtVJAyWGys2BYZARxEwAu7owJnZ+0cAsoB4IVx+7anKgkVft0nl0Dree40eVVgmYbDsOwDWP0OgDgEj4DpkLN0QmCGwiHj5visyK7ow4DuyWsD7/D8JadqxhGUSHo4ujheMYxl062clAkbAlbBYoiGQIYBHi5fmXdFlnaQhfHh96SGTdI3fefLOycs1PrgJqJPGSlpUENycU971jpWFFplnpmwNAVO0CAEj4EXoWN5RIwD58itOMQhKvK/fv9rws7OYfyFb2oeYhqNx4CagTsiPbexK/O4+nait3nn/5Nl4jVsZ1WChIdA9BDacRLrXYbPYEFiEAMSXkd5FiMmXf7mHx7s58S5q3TltH7KlfYhpcY0sF7LOYt15Z0k+/gcOiXSW/nenB2apIbAYgWW5RsDLELL8o0IA4hMe8M7Jy2UH5Mu/3MvONn3XZdeiHogH4s/bL+azz4wdsZBWLNW9M0iYPqnlpyfJQOMWGgJ9R8AIuO8jbP1rjEB5CRSCw0NbRr7eR2QdPelc1bDQr7yyHLxWSJcl5NOTwcC7SJEUgZjwuhH2TLEjlhC8lOr+iz7lvfDTVYD83GKGQH8R6DcB93fcrGc7QIAlUFWrpIeHpml1YVxvUXm8XKFMeWWa6paYJ7MHvIrElNXRd8g7bld4v9P7p9zoaN9OzQtWKCzsOQJGwD0fYOteMwQgtLzk3EnNkxrFHtaDdDMv92L6IJVzc/518aHeNsS/bJ8ZTx3y1vp4youIX8u1OSzab15wm8fKbNseAkbA28OybZrMnoYIQL4xocVP5y5TQV0tM0nn36uZLqNCvKfzpeVq4oVwEZaYiySkWvMQMme5uuD5CnMv8pTz2u2PmRfc/jEyC7eLgBHwdvE0bR1EICbfVb1J73Ni9T7z3IrEmwMiXBlYXs5Tmscgesg8roGuvpAv/SregOS4kmdiCPQRASPgPo6q9cm5hhgMo19hgnxXJbTYGyUOSXonTBy1j171cllehjg1m+VkjdeFkG98k8APWKAPXXV1upoeY0O/29CPs6fPP20yTm2w1WzoFgJGwN0aL7N26wj4mcbgViXfZZMyZAJRlvXGxAlpzwyoDCChmHwzMr9SoyvrWOL2EAD/05PkDcaJ+PY0myZDwDkjYLsKjhaBeEJNw+o/zsykHIPHEnMqb+xlQrwx0cbliFOOEInt4Pzs6ZfvWcbGOy+Tb5nMKV8hlrQlBAr4p+FuS2obq3ny7MVvyLUwqZFU0qci5fZuW+NOWMFaBIyAa6GxjGNCIISHTzAv6j/kWMwP0/95C0EW9zKLpfRsMpnMvzbEJB+T7mnFg1sQNrq1voW7R6C8wvHxD957c/etZi08Gb34+nA0DokPv+qd516vSrzkTUXKnUDGWW177woCRsBdGSmzc+sIxN+dhQTLnujiBn0hW+h0JQaHpMVZntepIl0aoAwe9bGQr/c5rvH4gEVj2UJByBfGy1XNhypP2lHsfDS+S1z49VXVe+f9+ehifmO3an0rv38EjID3j7m12BIEyiQICTeZwPBW4y7gnS5abo7LUpc2hqOLwIQZ52kc0tX94yZfT9J6fQjFk/PaD8ZH4/sMH5Kvc3f3u19+Pn82/s5QvF4B4ET7K7R/z3bGIgnB/7aW90LCshz9Iz23sN0IGAG3e3zMuh0jAMFBeNoMExiTIESpaeUQYsArhXgJl3mn6FLSrfN0aQN9TLTY1JTQqdcv8bPuCPXMYk2CJ6Pxt0W+E8vj0fhlQZ6Nf+/xXF78v8fPMnn09os/VKkiX64PWX5+o4kd65R5/MXxP+GaE+f/5+P6qfPfuLm+PI3TquI3r17+Sgjuf87yJAifkTd7dQABI+AODJKZuFsEIDw8zrgViBLSjNPiOCQM8RLG6XFciRddXjwT57yLDyb2uN3Y+4vLHUs83gJIQ/1DceIpfkuI9BPGZygrCUPxGmUi+wWRn49l4Ny4IN793GAu4c8MfCYnSfiSSnHZOUOe6yOLbf99+MWLnwyC+5exZrn1mHq9t9cvvxanW7x/CMj12r9OWY8MgVURwOPEm4UUta533jO5Q6SatiykbEYM2f/wRUdcB/2QbrWn6+OiRxWHfNkC0E7rQ2pCtu+ypJphehEYD/EUf1GI9E0v4+Ocd7s8GKtd6D8fjb9JX1zwf2qu34dPsutiudc7r2ORIgIdOzMC7tiAmbm7QwBv9ub6KilPuniw56P6h1s2I13n4vZYAt1dD9upuUy+qdylMBaCxUTI9h1ZGfisdxJzvrYDUiVQb12pU5zsYIaUZfJfk558NW5z4t0//fD7V2svHQfv9vaEdmy3xTdDINmsutU2BPqHwCJvGLKgx8tIlzKQQubRXCXoJK1K4ryqJdCqOn1JE5JNY88XAhVy+h28Q8Gicn4C10lwn4KtCjdObAmsI0Lw0mQ1ot5lqyCP3rq4qS6xeqp06t/Ma8283tffv/xX8zSLHA0Cci1ss6+myxDoBwJ4YEzqsXdKzyALyAGvmMmZtFggh5gU4rxFcYhH85Xk9byPITcw4Cgk67V/Uwy8+2Pxdd/RNA3ZHohxff3qMl+61UJrh3MT5hqmtszPnDsZuCfR6aZRfbDqbhOvt2BEcF8pnNtJJxBIOmGlGWkIHAABSCJbggwLW4d0lSAg7YWFazJ1z5NsSJ6wr4LXyw1M3L/pjY6Qr0xIX4jTNS7lJUvPthdWbS1gC540hJ+39JCk87zmsSejFy+1dAjuv2h80zC+kXHe/Z9N9Vn9/SCwk4t6P6a3rxWzqNsIQLh4n0zKeGcy6Q+8E3/M+YUd887705NkALEsLLggE48bItci2KHxvoTgC64FsnDBQXT86IZMRpXkO+u/l73TvzmLby1g7GJlkG+8JcC55m9jTBIXxqrv5tXl39D4JuHjt8c/zesHd3t9+Rfyc4u1GQG55ttsntlmCOwOAQjh8dsX09/ShRhOTwYDvM/ypJxZIPToQoAs8Hb5j0RZur57B7GgB4HE0e1WOO7v01SLDxLnNd6HkJsT8I37Arl9eH3lwamcF5cL4hkLMH9LiOU/xembxrEp1iEjHGLyjfO2EY+939T5y23oRIdcK7qk7UTv/ybNpBsIJN0w06xsPwLtt3A1woViQ8hI4tJDFDfXV9PPC94q5xAx+ZQs99477wdJ9gDPcHQRypN9uTzn6M11eYe9pG9Tzkcvfmb4pYuv4k2K/Bo/AoEIOXx9m+2oLvow5Hu6Aoim0UduZCA7cAGnPK8YS5374Ob7l1+4vb7cKvnSSlKwybmb2fiStwsR7/dC9d5ev3yh8U3Cx+b9bgLfwetOJ5SDW2EGGAI7QIDJ/3FjDxdaiAn30t/IhAxJ1JkGYZK/jIyd8wXveDgjZGxzpePuPp1o0iKvUMs0DafEOxp/z7vw+y7135QP/m+K/Ft+BAIRcvj1J89e/AbSVGdVOTCHVFkBGArxlvswSVlFuPKUI79MgujkASjZdf8odf4bt9eXb5O2bcG+WCc3BPH5juJ+pndr/7lokDjzfl13D/kMdtd4s9wQUASY0OOJn8mdyX+QeO+dvLRgFLLkmBECHu5ywo2qPojGZMxkjncMkTwoOE3wU0LGNuxEIAQIGT3Y5WbHUMh6Ft15kPjwq4h4w5+eP3vxW00aBHdsR4Yzwk2mgJcxz/Z6uWGhn4xNlX76zgNQN9eXj2939EtQQ8F0auLMAMZrFt1Z8PnRxa0qT537OxpfN+QnNoeCd17f9n5zLLoTMwLuzliZpYIAEz4TeDbhZ7+MxETEhF498Uul2YvJfVuEO1NZG0CkEAmTO2RMu7RfVwFCUEImnpfzjr7m5+vFbq5ffjc4/3dl8v/XIv81OPcdke+lwV+L7y/RXK94w294H365TMJF7MfTX6UCd+xFcg15jD7Tf1YJSKUv9JN4ldzIqkNV+jbSsJ9rxTnv8qPQ9Tx5y7Hg/KOZyvvbDZfTH789vuMnNmf6pkHqvO39TpHo1psRcLfG62isZbJEmLARJk6ECZ8J3Ds8LL8AD5n6XYj2cDfzcBc0tDQLMsbzuxFygZARSCnFRBeW1vfSV/qeS7an/FiW18Goqdzf3787uZ98TeSv399P/rzIlyaT+7dkt+jUuwAAEABJREFU2TvlBiGzJzcHEs7bzH5aM8c+L+dcHpcuPcCc/mMjuuiLlqasxgmxgXAXwjXEtVPWfTcJPy6nbftclv//h+j0IjLa/n8RriPq9Q4Sd+Kig+vp1p58jhDpTtQIuDtj1VtLmZwhEybJoSwPDmVpjckS8UI+yKLOM5EjTOBMRplcLd3DXaRz13mQUuYhX3nshZCxPyPBZaTs50vYYLQNGSTeJwK0W+EAcwT7VW7kJoObjVgN44qNcRr99c7Jy00P9JTrTTM2fOPa4nryjhu2ojLa/PiD9z5XTN3+WeLSv6haZSXir2p8lfBxhdc7Sd09uK+ix8q2CwEj4HaNR++tYUJ8LJ4bk/IwIlsIIJskfS0GQTxaBKJi4lFh0kd2MYHXGrPlDAgZ+2NSpn/0d8tNraUOO5AYezBH6hQy1kO5mfIR+aGDfiVyOOedHov0aJlVQ66zMvHHOpq06X1uYxrCJ3F9jS8Lg/OPKeNdeE24ijx+Nv49MBwkD73e1+/bP21wHT+MgDs+gG02nwl48YNR+eRW7gcTdTzZM2kzYSIQVbl8X8/vo+8G00c8ZLDAgyS+C1HcGQPaRLzzK60oMO5l8kMv4wcxDpKc2UinjW0KN3hxG7LPXVDftM1EOq4VxVv+rMabhrPl52nxNE3+/TTS8E1wuh9493NxcfN6YzS6HzcC7v4YHrwHEC3CpIdwx44wATOByRzmFxnJRM+ECLGoMFEfE9HW4YNnDNlqPnhCbqTjLe9CFHfGgLHRthlbjdeFXAeMPXZqGXQwruglPyZGxp10LbtpiH7a93LDoLq4SdE4IfY0afPsrec/oXwmIQtWfBev969olZv3X/4jjS8LwVpwGsTlMgzb5vXGFlp8VQSMgFdF7IjKM5khcieeMukzKSDD2dLxUJYXEYgWYdJD6iGSqU+WkZl0mUxUmOibTIj1evudA9mCmfYScmMc9HyXIWOj+hnb82fjb+l5OeQ64TqI07E71hHnk7fNcecajfVjBzcvIUCentOpxPZME2reTgfJ/B8+3E3WW34W1dMHpoSIGy0/65Kzj24g5FMz/QU20WWvniFgBNyzAa3rDkS6TJjUkWGJWOVOfPqADpMC4px3yw4mDYRJVomWr6Iw+W1z0l1mR1/ywSz25LzznrHS/i0bW/KFPN/V8quEafAfz8v7MPfoNA3dXDNcJ5pGyLhjN3GEMoQI10acR9q6ou1zY6I60E/73LzEdnE9aplFYdlWWX7+zKLyVXn84pimp97/psbrQsbzwZJzcP+Xz0xdHUs/LAKbtm4EvCmCe67/9On4ERNOE8Ej4UPNZIJnsEyY1JHmXZJpTjxaeS989YSJj0kD2dYk29ym/pZkuRmPTnvIWDG2Q1mRWDa25Muu6zvno3EaXztNSPn21ctHuodKm09G42+rDVxj6NZzQkiOa4C4ynA0xg3V06397GNd+1x7NDYUbAgRrtMm1yM6Ka+iuvR82+Eir/f1q8s/t+32TF97EDACbs9YLLXkfPTiZyYn7jUTXhPhzp8Jc6niygIyXQm5phIwoTLxM6kWJfuqDxNUk4mtshlLXAkBPDrGoljJF08XnElJH187SsrLiDgNyfz7srKc+hVIfCikyjUWN8f1Ub4WzkcXablMfL5uHL3L25cezxrgOp1FawPIN9Z5N0nXevK5toFSxrQPDx60CpMmtpZU2WkHEeg2AXcQ8E1Mvr+//9116wuPBsi0Th6SbEaut68uEyZUJv5127Z620Hg7OnzOyZsCLRKo7iYC8e4qg5pQlHee/cO5MN5ldy+evm52Asu28D1A/mW66LTy3K5pleV0bym4dnTL99D/rFeru+y7rO3nv9IdXLda7wuBNuYfOnTOkvPdfrjdNqq64N83qb7xnF5i/cTASPgDo0rJIj3w2TSRJhAmJQQ7qhvhUzrRD70Cfo7BMdRmQqRnZ4kJzHpAACkS4h4J0zng6sbY64Dron42nHRAfnQTpRUiE5SJ80VkqYn6OX6mZ6U3tCpSbSt8XVDiOv0ZFB4OpjPBNd3Wad3AkY5seJciPqTMhlia12fKlQ0TsL+cltUlvbM6wWIIxMj4I4NOCQ5m2CTZeEuJpCOwdULcyHFmMjolEzY0ydjb64vEwiVNERIxw9HF5VEST7XRHzdQJ54j+QhtEN7xGMhjbw4TW2I0+L4UJao9ZyytK3nq4aLvF4+E6vq0/LTJ6cHyZt6TijLzp9uYis6yiK3An8fPBifOA/sGQNpz7zeGJgjiRsBH8lAWze7iUCZ+CDb2YQ9/+xCqHiBeQ+9Y7KHtPK0+hjeI0SgJSBa2uUcHegijfNYvPfxaSEOscUJQjBze+P0JnG8xrLXC6Fjd5P6VWXOnj7/lH5VPjn9wXvzrx9V1W2aFtLkD+rKgjfjuEkf6nRbencQWPtD0Z0umqW9ROAIOgUJxsQH+UK2VV3HC4SEmdg1H9KCvPR8UQgRxHVp93w0TtER14P49DzxoZKBz2SPNiY2iEbrrBKiB5L0srKu9bARfZsQOjcHpyfJG6qTkH6BAfFtyPnoIvUu/H5Zl9q/zbbKbdh5dxAwAu7OWJmlR4QATyVDgtrlReSrZSBhfrqSSV7TIC/IQM8XhZBCsa7zcfmc+HSFu5A9L3oa7dFCbPOMFSLcfMR6qIoubCS+jpxVeL08WJb3ax2txTpgXb5pyEpk/w95E/szPfbeJwSMgPs0mtaX3iDgfXhHO1NBvpr1IISEmeSpo5ne+YX7wpQ7E68V8qAs52XBu9a0NHhlYPfo7Rff03RCdBAikPmqnip2QGDxzcc2SJLV8tMKr5cfh8HWTYV+Y3cNft8NLvnZTduw+v1DwAi4f2NqPeo4Ani/znmnR92ys+ZXhdSJSdOJPggCgnPRocRxKl6rd9BUlBk99HxyMpjPFSG4iZaSZdaRxvFaYx3cCGhekxBbsCMui9e7LklKb+b/PME7Jy83OzJvdNWbg1nlQoDN4OqdtBblcPOBZz2Tn725fvndKNuihsAUgfmHanpmb4aAIXB4BLz7JTUCAtL4qiHeMCQMGWhdCA7SQOqIgzoZcVx5rScReenZwxDyHSQ5Ca1iN3XLtmAzNlSS5MPm5ylnT5//VPsW26MFsGtdQlcdhNqGryHeVW8+0GlyfAgYAR/fmFuPW46Ad05ebnqsSkDTStEbJFy1L+xdTpYUV8KDOKhDGkI6IQJREpblTJavY7KD5JrYTb3h6CLEddFNfewgvorMHq46LfcNHal0ZB1Cp24sRrwxGhbfFAEj4E0RtPqGwBYRyJafVeF8q1UT1gpPTpKkipRUmXBTqCO8NNVSzpWJMssJA7zqLO4c5NmEfCGyrJ7XqrLgHabfbW5Sf15JImdPn98NR+NAJ+V0/qJfelL3xLbmLwuxlzb8ghuXZTq2lG9qeoSAEXCPBtO60n0E0hCi5WfhpA26tIg0YrWQCuQyFG+07OVChjGRodO5/OtHMSnjZVI+1l2On4m3PBSypM04D++07iYgLleOz7zewo9YYMdDfd5h+6O3xn9c1lF1/ujtF9dgQZ0qe8HkYRtVmizNEKhHwAi4HhvLMQQ6hwAE14Q0IA/2eosd9FMvF8KB2NzsYAl7FnUQp/e+Yt7IfgJTy5VDtSvzevNcPGZsyVOaxc4qvd7s4SoeQFMt95Nwq3FsPxm4If0bys0GOMUylBsDlZMkPOPmgjpan9CIFxQOKD1ruuKD1LMeWncMgSNA4Ew8S8gEgmtKGuz1Qn4ZEReXu1nOhYzQSTmIUmH0+beQNMkterAJT7JslxLZMo953sAskvczKXi92Fdlw0cfXJ3HJDxTI4Gg5ORWIhJJrH2pvet46bVKLePoETACPvpLwADoMgI5IQ0GQik+7kv1UmxcIotDsJAXRAzRZKnZuxeCgojxBrMU50hz0QGJR6fzKLaV65JJO6sQGXq4EUBXmchlOVzI/9IvInJIGBvvJ+7Dcv+wpyhSwoUg74X/cb2KvUV9dmYI1COwIgHXK7IcQ8AQ2C4C+GeQT50MZRn1ISE5p8QbL8U2sQwihmggSHQ0qUMZ7GDJGk+Xc+wlDds4V4HUIELa0bS6EB31pOscurCTG4c6HeX0jz64/Dz9w4Z6yf4NJ+UWkXpZt50bAusgYAS8DmpWxxDYEQI8r6yqWQaGxOrEiS/qoiMjpEu/KvFGKqZRCBIdkBRLuxkZF5eopwXnb95hK17yUPZRsddFtilZspcMscYCcUO0CHVV0FH2tJ0c6MIuCBI7JclehkBnETACXmHorKghsCsEICXIx7uIudxqRyLHajWWl8YLhIwnqTidy4tXlvDOewi1SiBu8pHKypII6erNBcQrSfYyBHqBgBFwL4bROtFlBFi6hZyq+iB+p7xqckrJg8R7dJWSd3qKh7ztBiBcBN3m7W4bXdPXJgSMgNs0Gq22xYzbBQIQJsRZp9s7Jy83PyAmSIm9TwiqvDyMLnTOK2wpwn50lSrai9OxKbPv0uO1Yt8iictrPbxcBO871m1xQ6BvCBgB921ErT+dQQCijAkMooJgqzpAOgQFMWk+BMXyMGRMvqajkyVtPd9GmPjijUBZJ+1jHzZpHnu02LdI4vJaz0JD4FgQMAI+lpG2fm6EwLYrQ5AQZawXkhOe83EacYgtJl7SykI+JKjppyfJQOObhtwoLNLRxL5F9S3PEDhWBIyAj3Xkrd8HReD0ZLCAIIvbvuejcfSLzPVmQ8J5rneQfH6+fqx8o6CadPlYzy00BAyB1RAwAl4NLyttCKyNAIR4PrpIedq5SgkeLPumLClDblpGXGJPnbOnz+80rS6M651uzQt+2JrcIgRbPn6Ii6UYAqsgYAS8ClpW1hBYEYGz2U9EDkcX4VS8Xu+8L6uAeHUZl31T8iG3mExJOz1JTpYtB1OPspls7gVjPz97kenL3yep+2F+ZjFDwBBYBwEj4HVQszqGwAIEIK3M041J9wHvTv91nxJvlTrIlJ9PjAmQ5eBlJBwTt5D2gqXuqlaLaXpDEKfysNhH71++Faf1OW59MwR2hYAR8K6QNb1HhUBOuuPI031IugoKXu/r96+Wfv74+USWpCmvdZeRcFGvd+fPxu9q3VVDbiScy/sB+fJUs7PDEDAENkZg6QSwcQumwBDoGQKQLV4o5IQMRzHpFjsLceKRInFO8YGpOKc6Tnl0aS4kfPb0+ad6Xg7j9uL/MVwuV3fO/82lX97lS+boNPKtQ6yd6eejF39PxvGbnx9dXIv8+PyLFx+uZqmV3iUCRsC7RNd0dxqBs9n+rZKsTGQBOZW9XAgQckLKnYQoIStdXk68/x3KazketNL4KmGZhE9P/Bur1G9alpuLk4EblssXPetyrp23EQHvwr8Tu74anH8m8hkf/LmsiPxnSbNXCxAwAm7BIJgJ+0MgJlWItU6UaCFYZJGFEC4C4SIQZYGsvPslrQ8xV+2rav6yEN15Ge+wczi6CJCmTKxrLzWrTvTEN8s0BjIAAAvESURBVAuajt0at7A7CMh1+c+dDzdicf5VNu++Iuf2aoDArosYAe8aYdPfGgQgW7xXCHWZVBsdnPwFBEKCbBFIEamu45yfvtz0KBDzNGX1N9ou1vIO0pTF4neGshzOfxjyXlp12eG9d2dvPf+RyqO3Lj4uyWs5f0099GS18nf6uw27c40W2xcCcl3+iw+/fzWcePfPtM0Q/KnGLTwsAkbAh8XfWt8DAnh1EJN3wkQrtAfxQHaQbCar/6/YolcaVmi9vihkiF3YV1UqkY4imkf8dJB8VuVk4D9Xkkdy/ohyWicOZRK3eSIGpONx+RTsZOui47AcxPx2f7AOAok12icEhl+6+GrZq4O8MkK99ItCiAey2wiPaPn57j6dbKQrqoxd2If996n/o0kahN3lFZXZRnTd/epttG06tocAe79zbSFs9NW0uR6LbIyAEfDGEJqCNiNw99P0v+f2BQdhQV552m5j3jl5uemxyd7vVEHN20fvv/zTr9+/Svi60iT4/w8ZCxXLK6+Qiru8TJwrVJl+T3lXNueWWWzvCHh/svc2rcFKBIyAK2FpRaIZsQUEMgLJiGWbHmgT03ax/Lys3devXv5ZyDgVttWyEDJfH1okAQc6v1dwUt1+alIB7EHoXfiH2g0Z6v+gcQsPi4AR8GHxt9b3gACeIZ5vRsZ7aHDWhKwKR08/l9zLWZk2BOyRx8v0kC9k3QbbzIZtIRDe3JYm07M9BIyAt4eladomAqZrLwgY+e4F5oM3Ivsg87n+9tXLf3Bwg8yAKQLzQZme2ZshYAgcDQJ8Lcs832MZbqHgaVez7Zhp1N4OjoAR8MGHwAwwBB4gsPOE8teydJ945w1bA4aAITBHwAh4DoVFDIH+IDBI8ieqUjm0Z/wSGOSr54SQLw9uETfpHwJPRi8+0V6lLqn9/XAtY+H+EEj215S1ZAgYAvtAIHv6WpccndOHz9jv5ZfAYht4OK115BsbaPGNEUhc9ABWcPY70Bsjuj0FRsDbw9I0GQLtQCD68Q+8W4wq7/cGFwLkS55JfxGQm7E/ynsX3O2rl387P7fYoREwAj70CFj7hsCWERDfV16ZUrxblpy98z5LcdMf2OBXtPTcwlYhsFVjZNS/qArTkPxHjVvYDgSMgNsxDmaFIbAxAuzv4unGioajcYjP8Ygh5TjN4v1EwLzf9o+rEXD7x8gs7AECiXzSZELc+N8FVkGhxMv+ro883XJZlpyNfMuo9Pe8k95vf4ejsmcyLVSmW6IhYAhsiEAqh6qAGGVCnP+7wG2RMf9CcBnx2n6vjsLxhE9G4x/kvbW93xyLdsWMgNs1HmZNjxDg6WOWfMtd4t/+Qcbno3GK97qO8EQzy8voKuvPz4Pt9+ZgHE3s/NmL35KJ/Qva4RCS39a4he1CQMYpNsjihoAhsE0EWPJl6Tcj4sJ2rPPOebzXdWSQCIW7h0cq7i7tZXLlaf9hKUvpMwLeh1/W/qXO/fDm1ctf0XML24WAEXC7xsOs6SkCECH/FIL/r5uR8XY7ik5I9/bVpX2mtwttp7SxKqIGy71YuL2+fKrnFrYPAfuwRmNiUUNg1wiwLJ2R8aWHNPFYYxEfOXs1MISC6IB40dmgihXpMQLnowtxePMO3lxf2fyew9HKmA1QK4ele0ady34m8mT04uvds/4wFkOaeKwI/4838YF1ZVamFxqkpHtzfZmgY2FhyzwKBHjoyjsun6y73JRlMXtvMwJGwG0enb3atn5jw9FF8G766fcuhH/s7GiEAA9fcdMyHI1DtqcrKFbWlMVEAVaJ10i3EqSjTSw/dCVu8A+PFoyOddwIuGMD1jZzh0K+zuXEgRfn7JgjAMnyxDJfFzofXaTgNRTCRXj4SpCT17y4RIJjSZq9YryYTK48y4lGvAKPvR4gUH7o6tb2fR9g1NYEI+C2jkyL7YJUzkdjIZOxbEOW+CMi4xZ34YFp6yaARU6wYHIRIFcVSBbvNvFO1gfl5XxlUwIkq9D/jQe1WJJmr7iyoCUaAhECw9GFXDqaEJyRr2LRjdAIuBvj1AorxYu75wMPqQiNyKsVZu3ECIi1TgQHufnIiBYscoKFXZvCEpzMnEGXldnPvXl1+dd20hlT2ksE+Cw6LjmXHdy8ZTF77woCRsBdGak92wn55J4dS6fjIF7cwEUfeCcHJMIyqYNO5JxXWx7Eevp0/Ih+NJUysUKuVSI4CMvKi84ulIxkWVJWogWrTFhWbstDVAs7YZktRGA4Kq4+heDtxzZaOE7LTDICXoZQj/MhJkiH5eTzESSbeXV8uCGe3LNj6TQGIvuFJYgEz42cNHjhYmJCxWl68Aexzp+NvzU5ca/pR1NpTqxZP7P3MN2zhWBDcLKEfOnBJZOMZFlStv3bDC173xwBPp+xFq61G/uxjRiSzsSNgDszVOsZmpNskWD5EENMkI74csKw8ip5t+UWhWFD6vw3WOoqE0qQxVQt771o1JMDhfeTyV/erOmMWNPgQpUw6WVy5ZVgb2wJeTPID1S7K83KTeW7fG5je7kG43OLdwsBI+BujddSayHc81H+MFBOsrBiU2IU1sGRlSB+Ghdv9/b65deqjEjTPLUNT0LzEBNeaRV5LkpjQsskI1bItUry3lrMENg9ApCvfILfiVviOo3PLd49BIyAuzdmDpLN92fH6fl0+Xg8ffoWwhWazV61fRNmdWHq2UFSMcnyocbDnZLtq8sEIqtVE2UUy0nzUd6honjpVeS5KO1Qth5zu1y/yDFjsKjvsk10WyTf4PicLqrTPM9KHhIBI+A9og9xyodJCFNJkz3XJpKRK8tPCCSb7886+WzKq6YfQrVTok2nS8e6P3k1/V4pRARJFcmzRpElGwI7QGA4ugheLmGEm8odNNFplTJf3Mo20WPtBJ9nbpD13MJuI2AEvGT8zufLuU2IsqpMTp4Qp3yYYEsReTkvrTcRKdboJR9PWTrGq+UOGbm5vkog2tuapeNGahsWYo9Yi3KzoXELDYEqBDLC5frPcr3P41nKcb8L+U5kvpiTr2ydpDfyeT5uVLbb+0NrMwJeMAKPRxcvZUrIXo3JUooXyi5oYKUsoTcHweZLxxDtQ8/2cF9tSWWG0C4lcmjcQkOgjADkO0iKjDtJ05+Uyx3r+fnoIk28m8/P8tF6LTfSA2dHrxCYD3CverWlzry+vvpL21FVJM6He666NLwovPIsPXEHLB/E6Y/ws3x8uwfPtikGqRxaNpHZQ+MWGgIxAmdvPf/kIfmG8PEH730uLneM8fNn428NR+Ppsrz2f0a+T/Tcwv4gcFgCbj+Otyzjbi7Hseca7yXLOoC82j/AZuH+ETgdJG/GrcrtaeBmMk47xjjkK2sCvxj33cg3RqN/cSPg/o2p9cgQaC0Cw9EFeykF+25sX9Ox5FwmX278ZbXLPN/C1dKvEyPgw41nT1vO59e2/CRlT4HuVLfY8x3K0qqbPh/h5sf9JPxofnKEEbxecPFO6HfWf1YEIN/ZqQU9RsAIuMeDe4iupS37ScpDYGBt5gicPX3+KQRT3vOlBETz0QdXZ8SPUSBfod3SkrP/sa0IHM/VYAR8PGO9l56GdJJqQ957jT4MLaXXCEC8LKueniRv1HX0mIkGbOTjUSBfvN7bVy+P/kG0uuulj+lGwH0c1QP2Kc1XoF0bfpLygFAcbdOQC8TrS8uqMSCTNERXSpzT7zheLysCZWwg33733HpXhYARcBUqlrY2AvGT0M55Z0clAr1M1H1e78S3i3p4d5/+NP6tcOeCO8anniFfQabg9abBlpyjS+XookbARzfk++hw7tzYg1j7wPuwbbDcjFdX3ufFy8Wz+/gH770Z591P3EeHtXj/rbMqUCZfsLEl5/2PRZtaNAJu02j0xBbZBZ4zcGjB/wbuCayt6wbEC7Gw3Bwbx8NVkIt6uXjGeX5wH31wNf95xTy9n7Eno/G3uTmJVwUUn3722Hq1CgJGwKugZWUbIZDKoQUTu8IUil6FSrxVxFJ+uOpYvV8wksv/F+KBtyXnGA2L/wkAAAD//39Ddb8AAAAGSURBVAMAcAfWcShy/kQAAAAASUVORK5CYII=','2026-04-02 10:33:49','::ffff:127.0.0.1','','2026-04-02 10:33:49');
/*!40000 ALTER TABLE `installation_signoffs` ENABLE KEYS */;
UNLOCK TABLES;

--
-- Table structure for table `installation_time_records`
--

DROP TABLE IF EXISTS `installation_time_records`;
/*!40101 SET @saved_cs_client     = @@character_set_client */;
/*!40101 SET character_set_client = utf8mb4 */;
CREATE TABLE `installation_time_records` (
  `id` bigint(20) unsigned NOT NULL AUTO_INCREMENT,
  `job_id` bigint(20) unsigned NOT NULL,
  `company_id` int(10) unsigned NOT NULL,
  `event` enum('start','pause','resume','end') NOT NULL,
  `recorded_at` datetime NOT NULL DEFAULT current_timestamp(),
  `recorded_by` int(10) unsigned DEFAULT NULL,
  `note` varchar(255) DEFAULT NULL,
  PRIMARY KEY (`id`),
  KEY `idx_itr_job` (`job_id`),
  KEY `idx_itr_company` (`company_id`),
  KEY `idx_itr_event` (`event`),
  CONSTRAINT `fk_itr_job` FOREIGN KEY (`job_id`) REFERENCES `installation_jobs` (`id`) ON DELETE CASCADE
) ENGINE=InnoDB AUTO_INCREMENT=25 DEFAULT CHARSET=utf8mb4 COLLATE=utf8mb4_unicode_ci;
/*!40101 SET character_set_client = @saved_cs_client */;

--
-- Dumping data for table `installation_time_records`
--

LOCK TABLES `installation_time_records` WRITE;
/*!40000 ALTER TABLE `installation_time_records` DISABLE KEYS */;
INSERT INTO `installation_time_records` VALUES
(1,1,1,'start','2026-03-19 12:26:11',1,NULL),
(2,1,1,'pause','2026-03-19 12:26:14',1,NULL),
(3,1,1,'resume','2026-03-19 12:26:21',1,NULL),
(4,1,1,'pause','2026-03-19 12:26:22',1,NULL),
(5,1,1,'resume','2026-03-19 12:26:23',1,NULL),
(6,1,1,'pause','2026-03-19 12:26:23',1,NULL),
(7,1,1,'resume','2026-03-19 12:26:23',1,NULL),
(8,1,1,'pause','2026-03-19 12:26:25',1,NULL),
(9,1,1,'resume','2026-03-19 12:26:26',1,NULL),
(10,1,1,'pause','2026-03-19 12:26:28',1,NULL),
(11,6,1,'start','2026-03-22 23:22:56',1,NULL),
(12,6,1,'pause','2026-03-22 23:28:19',1,NULL),
(13,6,1,'resume','2026-03-22 23:36:54',1,NULL),
(14,6,1,'pause','2026-03-23 01:03:14',1,NULL),
(15,7,1,'start','2026-03-23 03:11:27',1,NULL),
(16,7,1,'pause','2026-03-26 22:37:49',5,NULL),
(17,8,1,'start','2026-03-31 20:03:46',1,NULL),
(18,8,1,'pause','2026-03-31 20:09:56',1,NULL),
(19,8,1,'resume','2026-03-31 20:09:59',1,NULL),
(20,8,1,'pause','2026-04-01 03:15:41',1,NULL),
(21,8,1,'resume','2026-04-01 03:15:43',1,NULL),
(22,5,1,'start','2026-04-02 08:16:34',5,NULL),
(23,5,1,'pause','2026-04-02 08:24:03',5,NULL),
(24,6,1,'resume','2026-04-02 08:43:34',5,NULL);
/*!40000 ALTER TABLE `installation_time_records` ENABLE KEYS */;
UNLOCK TABLES;

--
-- Table structure for table `job_role_modules`
--

DROP TABLE IF EXISTS `job_role_modules`;
/*!40101 SET @saved_cs_client     = @@character_set_client */;
/*!40101 SET character_set_client = utf8mb4 */;
CREATE TABLE `job_role_modules` (
  `job_role_id` int(10) unsigned NOT NULL,
  `module_key` varchar(80) NOT NULL,
  PRIMARY KEY (`job_role_id`,`module_key`),
  KEY `fk_jrm_module` (`module_key`),
  CONSTRAINT `fk_jrm_module` FOREIGN KEY (`module_key`) REFERENCES `modules` (`key_name`) ON DELETE CASCADE,
  CONSTRAINT `fk_jrm_role` FOREIGN KEY (`job_role_id`) REFERENCES `job_roles` (`id`) ON DELETE CASCADE
) ENGINE=InnoDB DEFAULT CHARSET=utf8mb4 COLLATE=utf8mb4_unicode_ci;
/*!40101 SET character_set_client = @saved_cs_client */;

--
-- Dumping data for table `job_role_modules`
--

LOCK TABLES `job_role_modules` WRITE;
/*!40000 ALTER TABLE `job_role_modules` DISABLE KEYS */;
INSERT INTO `job_role_modules` VALUES
(1,'attendance'),
(1,'installation'),
(1,'leads'),
(1,'messages'),
(1,'on_field'),
(1,'projects'),
(1,'site_inspection'),
(2,'attendance'),
(2,'installation'),
(2,'messages'),
(2,'on_field'),
(3,'leads'),
(3,'messages'),
(3,'referrals'),
(4,'leads'),
(4,'messages'),
(5,'attendance'),
(5,'leads'),
(5,'messages'),
(5,'on_field'),
(5,'operations'),
(5,'projects'),
(5,'referrals'),
(6,'attendance'),
(6,'leads'),
(6,'messages'),
(6,'projects'),
(6,'referrals'),
(7,'attendance'),
(7,'installation'),
(7,'leads'),
(7,'messages'),
(7,'on_field'),
(7,'operations'),
(7,'projects'),
(7,'referrals'),
(7,'site_inspection');
/*!40000 ALTER TABLE `job_role_modules` ENABLE KEYS */;
UNLOCK TABLES;

--
-- Table structure for table `job_roles`
--

DROP TABLE IF EXISTS `job_roles`;
/*!40101 SET @saved_cs_client     = @@character_set_client */;
/*!40101 SET character_set_client = utf8mb4 */;
CREATE TABLE `job_roles` (
  `id` int(10) unsigned NOT NULL AUTO_INCREMENT,
  `company_id` int(10) unsigned NOT NULL,
  `code` varchar(50) NOT NULL,
  `name` varchar(150) NOT NULL,
  `description` varchar(255) DEFAULT NULL,
  `created_at` timestamp NOT NULL DEFAULT current_timestamp(),
  PRIMARY KEY (`id`),
  UNIQUE KEY `uk_jobrole_company_code` (`company_id`,`code`),
  CONSTRAINT `fk_jobrole_company` FOREIGN KEY (`company_id`) REFERENCES `companies` (`id`) ON DELETE CASCADE
) ENGINE=InnoDB AUTO_INCREMENT=8 DEFAULT CHARSET=utf8mb4 COLLATE=utf8mb4_unicode_ci;
/*!40101 SET character_set_client = @saved_cs_client */;

--
-- Dumping data for table `job_roles`
--

LOCK TABLES `job_roles` WRITE;
/*!40000 ALTER TABLE `job_roles` DISABLE KEYS */;
INSERT INTO `job_roles` VALUES
(1,1,'ELE-LEAD','Lead Electrician',NULL,'2026-02-24 01:48:59'),
(2,1,'APP','Apprentice',NULL,'2026-02-24 01:48:59'),
(3,1,'SAL-MGR','Sales Manager',NULL,'2026-02-24 01:48:59'),
(4,1,'SAL-EXE','Sales Executive',NULL,'2026-02-24 01:48:59'),
(5,1,'OPS-MGR','Operations Manager',NULL,'2026-02-24 01:48:59'),
(6,1,'PM-MGR','Project Manager',NULL,'2026-02-24 01:48:59'),
(7,1,'DIR','Director',NULL,'2026-02-24 01:48:59');
/*!40000 ALTER TABLE `job_roles` ENABLE KEYS */;
UNLOCK TABLES;

--
-- Table structure for table `lead_communications`
--

DROP TABLE IF EXISTS `lead_communications`;
/*!40101 SET @saved_cs_client     = @@character_set_client */;
/*!40101 SET character_set_client = utf8mb4 */;
CREATE TABLE `lead_communications` (
  `id` bigint(20) unsigned NOT NULL AUTO_INCREMENT,
  `lead_id` bigint(20) unsigned NOT NULL,
  `direction` enum('outbound','inbound') NOT NULL,
  `channel` enum('email','sms','call') NOT NULL DEFAULT 'email',
  `subject` varchar(255) DEFAULT NULL,
  `body` mediumtext DEFAULT NULL,
  `automated` tinyint(1) NOT NULL DEFAULT 0,
  `provider_message_id` varchar(255) DEFAULT NULL,
  `related_message_id` varchar(255) DEFAULT NULL,
  `sent_at` datetime DEFAULT NULL,
  `delivered_at` datetime DEFAULT NULL,
  `created_at` datetime NOT NULL DEFAULT current_timestamp(),
  PRIMARY KEY (`id`),
  KEY `idx_lead` (`lead_id`),
  CONSTRAINT `fk_comm_lead` FOREIGN KEY (`lead_id`) REFERENCES `leads` (`id`) ON DELETE CASCADE
) ENGINE=InnoDB AUTO_INCREMENT=52 DEFAULT CHARSET=utf8mb4 COLLATE=utf8mb4_unicode_ci;
/*!40101 SET character_set_client = @saved_cs_client */;

--
-- Dumping data for table `lead_communications`
--

LOCK TABLES `lead_communications` WRITE;
/*!40000 ALTER TABLE `lead_communications` DISABLE KEYS */;
INSERT INTO `lead_communications` VALUES
(51,1,'outbound','email','Lead #1 — Missing documents','\n  <!doctype html>\n  <html><head><meta charset=\"utf-8\"/><meta name=\"viewport\" content=\"width=device-width,initial-scale=1\"/>\n    <title>Action needed: Lead #1 is missing documents</title>\n  </head>\n  <body style=\"margin:0;padding:0;background:#f6f9fc;font-family:Arial,sans-serif;color:#0f172a;\">\n    <table width=\"100%\" cellpadding=\"0\" cellspacing=\"0\" style=\"background:#f6f9fc;\">\n      <tr><td align=\"center\" style=\"padding:24px\">\n        <table width=\"600\" cellpadding=\"0\" cellspacing=\"0\" style=\"background:#fff;border-radius:12px;overflow:hidden;border:1px solid #e5e7eb\">\n          <tr>\n            <td style=\"background:#1A7B7B;color:#fff;padding:16px 20px;font-weight:700;font-size:16px;\">\n              XVRYTHNG — Missing document reminder\n            </td>\n          </tr>\n          <tr>\n            <td style=\"padding:20px;\">\n              <p style=\"margin:0 0 12px;\">Hi Admin,</p>\n              <p style=\"margin:0 0 12px;\">Lead <strong>#1</strong> (MInwerwe) currently has <strong>no uploaded documents</strong>.</p>\n              <p style=\"margin:0 0 12px;\">Please chase the customer and upload or mark received in the CRM so reminders stop automatically.</p>\n              <p style=\"margin:0;\">Thanks,<br/>Sales Ops</p>\n              <hr style=\"border:none;border-top:1px solid #e5e7eb;margin:20px 0\"/>\n              <p style=\"font-size:12px;color:#6b7280;margin:0;\">Automated internal reminder • This will stop when at least one document is received.</p>\n            </td>\n          </tr>\n          <tr>\n            <td style=\"padding:16px 20px;background:#f9fafb;border-top:1px solid #e5e7eb;color:#6b7280;font-size:12px;\">\n              © 2026 XVRYTHNG\n            </td>\n          </tr>\n        </table>\n      </td></tr>\n    </table>\n  </body></html>',1,'15e287ee-1561-4a85-8456-10f19dc1b32b',NULL,'2026-02-28 22:40:14',NULL,'2026-02-28 22:40:14');
/*!40000 ALTER TABLE `lead_communications` ENABLE KEYS */;
UNLOCK TABLES;

--
-- Table structure for table `lead_documents`
--

DROP TABLE IF EXISTS `lead_documents`;
/*!40101 SET @saved_cs_client     = @@character_set_client */;
/*!40101 SET character_set_client = utf8mb4 */;
CREATE TABLE `lead_documents` (
  `id` bigint(20) unsigned NOT NULL AUTO_INCREMENT,
  `lead_id` bigint(20) unsigned NOT NULL,
  `status` enum('requested','received') NOT NULL DEFAULT 'requested',
  `filename` varchar(255) DEFAULT NULL,
  `storage_url` text DEFAULT NULL,
  `created_at` datetime NOT NULL DEFAULT current_timestamp(),
  PRIMARY KEY (`id`),
  KEY `idx_lead` (`lead_id`),
  KEY `idx_lead_type` (`lead_id`),
  CONSTRAINT `fk_lead_documents_lead` FOREIGN KEY (`lead_id`) REFERENCES `leads` (`id`) ON DELETE CASCADE
) ENGINE=InnoDB AUTO_INCREMENT=5 DEFAULT CHARSET=utf8mb4 COLLATE=utf8mb4_unicode_ci;
/*!40101 SET character_set_client = @saved_cs_client */;

--
-- Dumping data for table `lead_documents`
--

LOCK TABLES `lead_documents` WRITE;
/*!40000 ALTER TABLE `lead_documents` DISABLE KEYS */;
INSERT INTO `lead_documents` VALUES
(3,1,'received','1773790088105-Complete.pdf','/uploads/lead-1/1773790088105-Complete.pdf','2026-03-18 10:28:08'),
(4,82,'received','1774307267124-Electrical_Safety_(General)_Regulations_2019_-_Apprentices_and_A_grade.pdf','/uploads/lead-82/1774307267124-Electrical_Safety_(General)_Regulations_2019_-_Apprentices_and_A_grade.pdf','2026-03-23 23:07:47');
/*!40000 ALTER TABLE `lead_documents` ENABLE KEYS */;
UNLOCK TABLES;

--
-- Table structure for table `lead_notes`
--

DROP TABLE IF EXISTS `lead_notes`;
/*!40101 SET @saved_cs_client     = @@character_set_client */;
/*!40101 SET character_set_client = utf8mb4 */;
CREATE TABLE `lead_notes` (
  `id` bigint(20) unsigned NOT NULL AUTO_INCREMENT,
  `lead_id` bigint(20) unsigned NOT NULL,
  `body` text NOT NULL,
  `follow_up_at` datetime DEFAULT NULL,
  `created_by` bigint(20) unsigned DEFAULT NULL,
  `created_at` timestamp NOT NULL DEFAULT current_timestamp(),
  PRIMARY KEY (`id`),
  KEY `idx_lead_notes_lead` (`lead_id`),
  CONSTRAINT `fk_lead_notes_lead` FOREIGN KEY (`lead_id`) REFERENCES `leads` (`id`) ON DELETE CASCADE
) ENGINE=InnoDB AUTO_INCREMENT=4 DEFAULT CHARSET=utf8mb4 COLLATE=utf8mb4_unicode_ci;
/*!40101 SET character_set_client = @saved_cs_client */;

--
-- Dumping data for table `lead_notes`
--

LOCK TABLES `lead_notes` WRITE;
/*!40000 ALTER TABLE `lead_notes` DISABLE KEYS */;
INSERT INTO `lead_notes` VALUES
(1,78,'test','2026-03-19 00:00:00',1,'2026-03-18 00:19:46'),
(2,78,'testtsdsđ','2026-03-20 00:00:00',1,'2026-03-18 00:20:23');
/*!40000 ALTER TABLE `lead_notes` ENABLE KEYS */;
UNLOCK TABLES;

--
-- Table structure for table `lead_site_inspections`
--

DROP TABLE IF EXISTS `lead_site_inspections`;
/*!40101 SET @saved_cs_client     = @@character_set_client */;
/*!40101 SET character_set_client = utf8mb4 */;
CREATE TABLE `lead_site_inspections` (
  `id` bigint(20) unsigned NOT NULL AUTO_INCREMENT,
  `lead_id` bigint(20) unsigned NOT NULL,
  `inspector_id` int(10) unsigned DEFAULT NULL,
  `status` enum('draft','submitted') NOT NULL DEFAULT 'draft',
  `inspected_at` datetime DEFAULT NULL,
  `inspector_name` varchar(120) DEFAULT NULL,
  `customer_name` varchar(120) DEFAULT NULL,
  `signature_url` varchar(255) DEFAULT NULL,
  `customer_notes` text DEFAULT NULL,
  `scheduled_at` datetime DEFAULT NULL,
  `roof_type` varchar(60) DEFAULT NULL,
  `roof_pitch_deg` decimal(5,2) DEFAULT NULL,
  `house_storey` enum('single','double','triple') DEFAULT NULL,
  `meter_phase` enum('single','three') DEFAULT NULL,
  `inverter_location` varchar(255) DEFAULT NULL,
  `msb_condition` text DEFAULT NULL,
  `shading` varchar(255) DEFAULT NULL,
  `additional_notes` text DEFAULT NULL,
  `form_data_json` longtext DEFAULT NULL COMMENT 'Inspection form fields JSON (_t,_v,...)',
  `template_key` varchar(64) DEFAULT NULL,
  `template_version` int(11) DEFAULT NULL,
  `created_at` datetime NOT NULL DEFAULT current_timestamp(),
  `updated_at` datetime DEFAULT NULL,
  `si_jobdetails_inspectioncompany` longtext DEFAULT NULL,
  `si_jobdetails_ismultioccupancy` longtext DEFAULT NULL,
  `si_jobdetails_consumermains` longtext DEFAULT NULL,
  `si_jobdetails_storey` longtext DEFAULT NULL,
  `si_jobdetails_lifesupportrequired` longtext DEFAULT NULL,
  `si_jobdetails_licenseselfie` longtext DEFAULT NULL,
  `si_jobdetails_fullhousephoto` longtext DEFAULT NULL,
  `si_switchboard_meterphoto` longtext DEFAULT NULL,
  `si_switchboard_meternumber` longtext DEFAULT NULL,
  `si_switchboard_nmi` longtext DEFAULT NULL,
  `si_switchboard_iscompliant` longtext DEFAULT NULL,
  `si_switchboard_phases` longtext DEFAULT NULL,
  `si_switchboard_bidirectionalmeter` longtext DEFAULT NULL,
  `si_switchboard_neutralearthphoto` longtext DEFAULT NULL,
  `si_switchboard_asbestospresent` longtext DEFAULT NULL,
  `si_switchboard_mainswitchratingamps` longtext DEFAULT NULL,
  `si_switchboard_pointofattachment` longtext DEFAULT NULL,
  `si_switchboard_distancetxtopoa` longtext DEFAULT NULL,
  `si_switchboard_distancepoatomsb` longtext DEFAULT NULL,
  `si_switchboard_consumermainscablesize` longtext DEFAULT NULL,
  `si_switchboard_consumermainscabletype` longtext DEFAULT NULL,
  `si_switchboard_mainsrunmethod` longtext DEFAULT NULL,
  `si_switchboard_photoswitchboardon` longtext DEFAULT NULL,
  `si_switchboard_photoswitchboardoff` longtext DEFAULT NULL,
  `si_switchboard_voltagereadingphotos` longtext DEFAULT NULL,
  `si_switchboard_inverterconnectedtomsb` longtext DEFAULT NULL,
  `si_switchboard_spaceforsmartmeter` longtext DEFAULT NULL,
  `si_switchboard_sparespacesolarbreaker` longtext DEFAULT NULL,
  `si_switchboard_distanceinverterfrommsb` longtext DEFAULT NULL,
  `si_subboard_msbfeedssubboard` longtext DEFAULT NULL,
  `si_subboard_subboardpocphoto` longtext DEFAULT NULL,
  `si_inverterlocation_locationphoto` longtext DEFAULT NULL,
  `si_inverterlocation_requireacisolator` longtext DEFAULT NULL,
  `si_inverterlocation_mountingmethod` longtext DEFAULT NULL,
  `si_inverterlocation_conduitrundiscussed` longtext DEFAULT NULL,
  `si_inverterlocation_notes` longtext DEFAULT NULL,
  `si_battery_installingbattery` longtext DEFAULT NULL,
  `si_monitoring_wifiatlocation` longtext DEFAULT NULL,
  `si_monitoring_strongreception` longtext DEFAULT NULL,
  `si_monitoring_ethernetrunnable` longtext DEFAULT NULL,
  `si_monitoring_sparerouterport` longtext DEFAULT NULL,
  `si_monitoring_wifiname` longtext DEFAULT NULL,
  `si_monitoring_wifipassword` longtext DEFAULT NULL,
  `si_monitoring_distancetoethernetport` longtext DEFAULT NULL,
  `si_existingsystem_existingsolar` longtext DEFAULT NULL,
  `si_existingsystem_existingbattery` longtext DEFAULT NULL,
  `si_roofprofile_roofheightmeters` longtext DEFAULT NULL,
  `si_roofprofile_safeaccess` longtext DEFAULT NULL,
  `si_roofprofile_accessmethod` longtext DEFAULT NULL,
  `si_roofprofile_panelcarrymethod` longtext DEFAULT NULL,
  `si_roofprofile_edgeprotectionrequired` longtext DEFAULT NULL,
  `si_roofprofile_edgeprotectionavailable` longtext DEFAULT NULL,
  `si_roofprofile_edgeprotectionmeters` longtext DEFAULT NULL,
  `si_roofprofile_edgeprotectionphoto` longtext DEFAULT NULL,
  `si_roofprofile_roofmaterial` longtext DEFAULT NULL,
  `si_roofprofile_roofconditionok` longtext DEFAULT NULL,
  `si_roofprofile_section1pitch` longtext DEFAULT NULL,
  `si_roofprofile_section1photo` longtext DEFAULT NULL,
  `si_roofprofile_section2pitch` longtext DEFAULT NULL,
  `si_roofprofile_section2photo` longtext DEFAULT NULL,
  `si_roofprofile_section3pitch` longtext DEFAULT NULL,
  `si_roofprofile_section3photo` longtext DEFAULT NULL,
  `si_roofprofile_anchorpoints` longtext DEFAULT NULL,
  `si_roofprofile_skylightspresent` longtext DEFAULT NULL,
  `si_roofprofile_proposeddesignfits` longtext DEFAULT NULL,
  `si_roofprofile_tiltsrequired` longtext DEFAULT NULL,
  `si_roofprofile_tiltangle` longtext DEFAULT NULL,
  `si_roofprofile_sparetilesonsite` longtext DEFAULT NULL,
  `si_roofprofile_structuretomountmodules` longtext DEFAULT NULL,
  `si_roofprofile_anyshadingissues` longtext DEFAULT NULL,
  `si_roofprofile_dccablerunmeters` longtext DEFAULT NULL,
  `si_roofprofile_dcconduitmeters` longtext DEFAULT NULL,
  `si_mudmap_mapphoto` longtext DEFAULT NULL,
  `si_mudmap_accessnotes` longtext DEFAULT NULL,
  `si_shading_sources` longtext DEFAULT NULL,
  `si_shading_other` longtext DEFAULT NULL,
  `si_electrical_hazards` longtext DEFAULT NULL,
  `si_electrical_other` longtext DEFAULT NULL,
  `si_electrical_describeother` longtext DEFAULT NULL,
  `si_electrical_notes` longtext DEFAULT NULL,
  `si_electrical_mitigations` longtext DEFAULT NULL,
  `si_recommendations_count` longtext DEFAULT NULL,
  `si_recommendations_summary` longtext DEFAULT NULL,
  `si_recommendations_items_0` longtext DEFAULT NULL,
  `si_recommendations_items_1` longtext DEFAULT NULL,
  `si_recommendations_items_2` longtext DEFAULT NULL,
  `si_recommendations_items_3` longtext DEFAULT NULL,
  `si_recommendations_items_4` longtext DEFAULT NULL,
  `si_recommendations_items_5` longtext DEFAULT NULL,
  `si_recommendations_items_6` longtext DEFAULT NULL,
  `si_recommendations_items_7` longtext DEFAULT NULL,
  `si_recommendations_items_8` longtext DEFAULT NULL,
  `si_recommendations_items_9` longtext DEFAULT NULL,
  `si_mediasummary_note` longtext DEFAULT NULL,
  PRIMARY KEY (`id`),
  KEY `idx_lead_site_inspections_inspector` (`inspector_id`),
  KEY `idx_customer_name` (`customer_name`),
  CONSTRAINT `fk_lead_site_inspections_inspector` FOREIGN KEY (`inspector_id`) REFERENCES `employees` (`id`) ON DELETE SET NULL ON UPDATE CASCADE
) ENGINE=InnoDB AUTO_INCREMENT=21 DEFAULT CHARSET=utf8mb4 COLLATE=utf8mb4_unicode_ci;
/*!40101 SET character_set_client = @saved_cs_client */;

--
-- Dumping data for table `lead_site_inspections`
--

LOCK TABLES `lead_site_inspections` WRITE;
/*!40000 ALTER TABLE `lead_site_inspections` DISABLE KEYS */;
INSERT INTO `lead_site_inspections` VALUES
(1,1,NULL,'submitted','2555-09-10 17:15:00','MInh',NULL,NULL,NULL,NULL,'sdfFF',NULL,'','single','sdfs','gôd','','{\"_t\":\"default\",\"_v\":1,\"id\":2,\"lead_id\":1,\"status\":\"submitted\",\"inspected_at\":\"2555-09-10T17:15:00.000Z\",\"inspector_name\":\"MInh\",\"roof_type\":\"sdfFF\",\"roof_pitch_deg\":null,\"house_storey\":\"\",\"meter_phase\":\"single\",\"inverter_location\":\"sdfs\",\"msb_condition\":\"gôd\",\"shading\":\"\",\"additional_notes\":\"{\\\"_t\\\":\\\"default\\\",\\\"_v\\\":1,\\\"id\\\":2,\\\"lead_id\\\":1,\\\"status\\\":\\\"submitted\\\",\\\"inspected_at\\\":\\\"2555-09-11T03:15:00.000Z\\\",\\\"inspector_name\\\":\\\"MInh\\\",\\\"roof_type\\\":\\\"sdfFF\\\",\\\"roof_pitch_deg\\\":null,\\\"house_storey\\\":\\\"\\\",\\\"meter_phase\\\":\\\"single\\\",\\\"inverter_location\\\":\\\"sdfs\\\",\\\"msb_condition\\\":\\\"gôd\\\",\\\"shading\\\":\\\"\\\",\\\"additional_notes\\\":\\\"{\\\\\\\"_t\\\\\\\":\\\\\\\"default\\\\\\\",\\\\\\\"_v\\\\\\\":1,\\\\\\\"id\\\\\\\":2,\\\\\\\"lead_id\\\\\\\":1,\\\\\\\"status\\\\\\\":\\\\\\\"submitted\\\\\\\",\\\\\\\"inspected_at\\\\\\\":\\\\\\\"2555-09-11T13:15:00.000Z\\\\\\\",\\\\\\\"inspector_name\\\\\\\":\\\\\\\"MInh\\\\\\\",\\\\\\\"roof_type\\\\\\\":\\\\\\\"sdf\\\\\\\",\\\\\\\"roof_pitch_deg\\\\\\\":null,\\\\\\\"house_storey\\\\\\\":\\\\\\\"\\\\\\\",\\\\\\\"meter_phase\\\\\\\":\\\\\\\"single\\\\\\\",\\\\\\\"inverter_location\\\\\\\":\\\\\\\"sdfs\\\\\\\",\\\\\\\"msb_condition\\\\\\\":\\\\\\\"gôd\\\\\\\",\\\\\\\"shading\\\\\\\":\\\\\\\"\\\\\\\",\\\\\\\"additional_notes\\\\\\\":\\\\\\\"{\\\\\\\\\\\\\\\"_t\\\\\\\\\\\\\\\":\\\\\\\\\\\\\\\"default\\\\\\\\\\\\\\\",\\\\\\\\\\\\\\\"_v\\\\\\\\\\\\\\\":1,\\\\\\\\\\\\\\\"id\\\\\\\\\\\\\\\":2,\\\\\\\\\\\\\\\"lead_id\\\\\\\\\\\\\\\":1,\\\\\\\\\\\\\\\"status\\\\\\\\\\\\\\\":\\\\\\\\\\\\\\\"submitted\\\\\\\\\\\\\\\",\\\\\\\\\\\\\\\"inspected_at\\\\\\\\\\\\\\\":\\\\\\\\\\\\\\\"2555-09-11T23:15:00.000Z\\\\\\\\\\\\\\\",\\\\\\\\\\\\\\\"inspector_name\\\\\\\\\\\\\\\":\\\\\\\\\\\\\\\"MInh\\\\\\\\\\\\\\\",\\\\\\\\\\\\\\\"roof_type\\\\\\\\\\\\\\\":\\\\\\\\\\\\\\\"sdf\\\\\\\\\\\\\\\",\\\\\\\\\\\\\\\"roof_pitch_deg\\\\\\\\\\\\\\\":null,\\\\\\\\\\\\\\\"house_storey\\\\\\\\\\\\\\\":\\\\\\\\\\\\\\\"\\\\\\\\\\\\\\\",\\\\\\\\\\\\\\\"meter_phase\\\\\\\\\\\\\\\":\\\\\\\\\\\\\\\"single\\\\\\\\\\\\\\\",\\\\\\\\\\\\\\\"inverter_location\\\\\\\\\\\\\\\":\\\\\\\\\\\\\\\"sdfs\\\\\\\\\\\\\\\",\\\\\\\\\\\\\\\"msb_condition\\\\\\\\\\\\\\\":\\\\\\\\\\\\\\\"gôd\\\\\\\\\\\\\\\",\\\\\\\\\\\\\\\"shading\\\\\\\\\\\\\\\":\\\\\\\\\\\\\\\"\\\\\\\\\\\\\\\",\\\\\\\\\\\\\\\"additional_notes\\\\\\\\\\\\\\\":\\\\\\\\\\\\\\\"{\\\\\\\\\\\\\\\\\\\\\\\\\\\\\\\"_t\\\\\\\\\\\\\\\\\\\\\\\\\\\\\\\":\\\\\\\\\\\\\\\\\\\\\\\\\\\\\\\"default\\\\\\\\\\\\\\\\\\\\\\\\\\\\\\\",\\\\\\\\\\\\\\\\\\\\\\\\\\\\\\\"_v\\\\\\\\\\\\\\\\\\\\\\\\\\\\\\\":1,\\\\\\\\\\\\\\\\\\\\\\\\\\\\\\\"jobDetails\\\\\\\\\\\\\\\\\\\\\\\\\\\\\\\":{\\\\\\\\\\\\\\\\\\\\\\\\\\\\\\\"lifeSupportRequired\\\\\\\\\\\\\\\\\\\\\\\\\\\\\\\":\\\\\\\\\\\\\\\\\\\\\\\\\\\\\\\"\\\\\\\\\\\\\\\\\\\\\\\\\\\\\\\",\\\\\\\\\\\\\\\\\\\\\\\\\\\\\\\"consumerMains\\\\\\\\\\\\\\\\\\\\\\\\\\\\\\\":\\\\\\\\\\\\\\\\\\\\\\\\\\\\\\\"\\\\\\\\\\\\\\\\\\\\\\\\\\\\\\\",\\\\\\\\\\\\\\\\\\\\\\\\\\\\\\\"isMultiOccupancy\\\\\\\\\\\\\\\\\\\\\\\\\\\\\\\":\\\\\\\\\\\\\\\\\\\\\\\\\\\\\\\"\\\\\\\\\\\\\\\\\\\\\\\\\\\\\\\",\\\\\\\\\\\\\\\\\\\\\\\\\\\\\\\"storey\\\\\\\\\\\\\\\\\\\\\\\\\\\\\\\":\\\\\\\\\\\\\\\\\\\\\\\\\\\\\\\"\\\\\\\\\\\\\\\\\\\\\\\\\\\\\\\",\\\\\\\\\\\\\\\\\\\\\\\\\\\\\\\"inspectionCompany\\\\\\\\\\\\\\\\\\\\\\\\\\\\\\\":\\\\\\\\\\\\\\\\\\\\\\\\\\\\\\\"xTechs Renewables\\\\\\\\\\\\\\\\\\\\\\\\\\\\\\\",\\\\\\\\\\\\\\\\\\\\\\\\\\\\\\\"licenseSelfie\\\\\\\\\\\\\\\\\\\\\\\\\\\\\\\":null,\\\\\\\\\\\\\\\\\\\\\\\\\\\\\\\"fullHousePhoto\\\\\\\\\\\\\\\\\\\\\\\\\\\\\\\":null},\\\\\\\\\\\\\\\\\\\\\\\\\\\\\\\"switchboard\\\\\\\\\\\\\\\\\\\\\\\\\\\\\\\":{\\\\\\\\\\\\\\\\\\\\\\\\\\\\\\\"meterNumber\\\\\\\\\\\\\\\\\\\\\\\\\\\\\\\":\\\\\\\\\\\\\\\\\\\\\\\\\\\\\\\"\\\\\\\\\\\\\\\\\\\\\\\\\\\\\\\",\\\\\\\\\\\\\\\\\\\\\\\\\\\\\\\"nmi\\\\\\\\\\\\\\\\\\\\\\\\\\\\\\\":\\\\\\\\\\\\\\\\\\\\\\\\\\\\\\\"\\\\\\\\\\\\\\\\\\\\\\\\\\\\\\\",\\\\\\\\\\\\\\\\\\\\\\\\\\\\\\\"isCompliant\\\\\\\\\\\\\\\\\\\\\\\\\\\\\\\":\\\\\\\\\\\\\\\\\\\\\\\\\\\\\\\"\\\\\\\\\\\\\\\\\\\\\\\\\\\\\\\",\\\\\\\\\\\\\\\\\\\\\\\\\\\\\\\"phases\\\\\\\\\\\\\\\\\\\\\\\\\\\\\\\":\\\\\\\\\\\\\\\\\\\\\\\\\\\\\\\"\\\\\\\\\\\\\\\\\\\\\\\\\\\\\\\",\\\\\\\\\\\\\\\\\\\\\\\\\\\\\\\"biDirectionalMeter\\\\\\\\\\\\\\\\\\\\\\\\\\\\\\\":\\\\\\\\\\\\\\\\\\\\\\\\\\\\\\\"\\\\\\\\\\\\\\\\\\\\\\\\\\\\\\\",\\\\\\\\\\\\\\\\\\\\\\\\\\\\\\\"asbestosPresent\\\\\\\\\\\\\\\\\\\\\\\\\\\\\\\":\\\\\\\\\\\\\\\\\\\\\\\\\\\\\\\"\\\\\\\\\\\\\\\\\\\\\\\\\\\\\\\",\\\\\\\\\\\\\\\\\\\\\\\\\\\\\\\"mainSwitchRatingAmps\\\\\\\\\\\\\\\\\\\\\\\\\\\\\\\":\\\\\\\\\\\\\\\\\\\\\\\\\\\\\\\"\\\\\\\\\\\\\\\\\\\\\\\\\\\\\\\",\\\\\\\\\\\\\\\\\\\\\\\\\\\\\\\"pointOfAttachment\\\\\\\\\\\\\\\\\\\\\\\\\\\\\\\":\\\\\\\\\\\\\\\\\\\\\\\\\\\\\\\"\\\\\\\\\\\\\\\\\\\\\\\\\\\\\\\",\\\\\\\\\\\\\\\\\\\\\\\\\\\\\\\"distanceTxToPOA\\\\\\\\\\\\\\\\\\\\\\\\\\\\\\\":\\\\\\\\\\\\\\\\\\\\\\\\\\\\\\\"\\\\\\\\\\\\\\\\\\\\\\\\\\\\\\\",\\\\\\\\\\\\\\\\\\\\\\\\\\\\\\\"distancePOAToMSB\\\\\\\\\\\\\\\\\\\\\\\\\\\\\\\":\\\\\\\\\\\\\\\\\\\\\\\\\\\\\\\"\\\\\\\\\\\\\\\\\\\\\\\\\\\\\\\",\\\\\\\\\\\\\\\\\\\\\\\\\\\\\\\"consumerMainsCableSize\\\\\\\\\\\\\\\\\\\\\\\\\\\\\\\":\\\\\\\\\\\\\\\\\\\\\\\\\\\\\\\"\\\\\\\\\\\\\\\\\\\\\\\\\\\\\\\",\\\\\\\\\\\\\\\\\\\\\\\\\\\\\\\"consumerMainsCableType\\\\\\\\\\\\\\\\\\\\\\\\\\\\\\\":\\\\\\\\\\\\\\\\\\\\\\\\\\\\\\\"\\\\\\\\\\\\\\\\\\\\\\\\\\\\\\\",\\\\\\\\\\\\\\\\\\\\\\\\\\\\\\\"mainsRunMethod\\\\\\\\\\\\\\\\\\\\\\\\\\\\\\\":\\\\\\\\\\\\\\\\\\\\\\\\\\\\\\\"\\\\\\\\\\\\\\\\\\\\\\\\\\\\\\\",\\\\\\\\\\\\\\\\\\\\\\\\\\\\\\\"inverterToThisMSB\\\\\\\\\\\\\\\\\\\\\\\\\\\\\\\":\\\\\\\\\\\\\\\\\\\\\\\\\\\\\\\"\\\\\\\\\\\\\\\\\\\\\\\\\\\\\\\",\\\\\\\\\\\\\\\\\\\\\\\\\\\\\\\"spareForSolarMainBreaker\\\\\\\\\\\\\\\\\\\\\\\\\\\\\\\":\\\\\\\\\\\\\\\\\\\\\\\\\\\\\\\"\\\\\\\\\\\\\\\\\\\\\\\\\\\\\\\",\\\\\\\\\\\\\\\\\\\\\\\\\\\\\\\"spaceForSmartMeter\\\\\\\\\\\\\\\\\\\\\\\\\\\\\\\":\\\\\\\\\\\\\\\\\\\\\\\\\\\\\\\"\\\\\\\\\\\\\\\\\\\\\\\\\\\\\\\",\\\\\\\\\\\\\\\\\\\\\\\\\\\\\\\"distanceInverterFromMSB\\\\\\\\\\\\\\\\\\\\\\\\\\\\\\\":\\\\\\\\\\\\\\\\\\\\\\\\\\\\\\\"\\\\\\\\\\\\\\\\\\\\\\\\\\\\\\\",\\\\\\\\\\\\\\\\\\\\\\\\\\\\\\\"meterPhoto\\\\\\\\\\\\\\\\\\\\\\\\\\\\\\\":null,\\\\\\\\\\\\\\\\\\\\\\\\\\\\\\\"neutralEarthPhoto\\\\\\\\\\\\\\\\\\\\\\\\\\\\\\\":null,\\\\\\\\\\\\\\\\\\\\\\\\\\\\\\\"photoSwitchboardOn\\\\\\\\\\\\\\\\\\\\\\\\\\\\\\\":null,\\\\\\\\\\\\\\\\\\\\\\\\\\\\\\\"photoSwitchboardOff\\\\\\\\\\\\\\\\\\\\\\\\\\\\\\\":null,\\\\\\\\\\\\\\\\\\\\\\\\\\\\\\\"voltageReadingPhotos\\\\\\\\\\\\\\\\\\\\\\\\\\\\\\\":[]},\\\\\\\\\\\\\\\\\\\\\\\\\\\\\\\"subBoard\\\\\\\\\\\\\\\\\\\\\\\\\\\\\\\":{\\\\\\\\\\\\\\\\\\\\\\\\\\\\\\\"msbFeedsSubBoard\\\\\\\\\\\\\\\\\\\\\\\\\\\\\\\":\\\\\\\\\\\\\\\\\\\\\\\\\\\\\\\"\\\\\\\\\\\\\\\\\\\\\\\\\\\\\\\",\\\\\\\\\\\\\\\\\\\\\\\\\\\\\\\"subBoardPOCPhoto\\\\\\\\\\\\\\\\\\\\\\\\\\\\\\\":null},\\\\\\\\\\\\\\\\\\\\\\\\\\\\\\\"inverterLocation\\\\\\\\\\\\\\\\\\\\\\\\\\\\\\\":{\\\\\\\\\\\\\\\\\\\\\\\\\\\\\\\"requireACIsolator\\\\\\\\\\\\\\\\\\\\\\\\\\\\\\\":\\\\\\\\\\\\\\\\\\\\\\\\\\\\\\\"\\\\\\\\\\\\\\\\\\\\\\\\\\\\\\\",\\\\\\\\\\\\\\\\\\\\\\\\\\\\\\\"mountingMethod\\\\\\\\\\\\\\\\\\\\\\\\\\\\\\\":\\\\\\\\\\\\\\\\\\\\\\\\\\\\\\\"\\\\\\\\\\\\\\\\\\\\\\\\\\\\\\\",\\\\\\\\\\\\\\\\\\\\\\\\\\\\\\\"ventilationOK\\\\\\\\\\\\\\\\\\\\\\\\\\\\\\\":\\\\\\\\\\\\\\\\\\\\\\\\\\\\\\\"\\\\\\\\\\\\\\\\\\\\\\\\\\\\\\\",\\\\\\\\\\\\\\\\\\\\\\\\\\\\\\\"backingBoardNeeded\\\\\\\\\\\\\\\\\\\\\\\\\\\\\\\":\\\\\\\\\\\\\\\\\\\\\\\\\\\\\\\"\\\\\\\\\\\\\\\\\\\\\\\\\\\\\\\",\\\\\\\\\\\\\\\\\\\\\\\\\\\\\\\"directSunlight\\\\\\\\\\\\\\\\\\\\\\\\\\\\\\\":\\\\\\\\\\\\\\\\\\\\\\\\\\\\\\\"\\\\\\\\\\\\\\\\\\\\\\\\\\\\\\\",\\\\\\\\\\\\\\\\\\\\\\\\\\\\\\\"conduitRunDiscussed\\\\\\\\\\\\\\\\\\\\\\\\\\\\\\\":\\\\\\\\\\\\\\\\\\\\\\\\\\\\\\\"\\\\\\\\\\\\\\\\\\\\\\\\\\\\\\\",\\\\\\\\\\\\\\\\\\\\\\\\\\\\\\\"notes\\\\\\\\\\\\\\\\\\\\\\\\\\\\\\\":\\\\\\\\\\\\\\\\\\\\\\\\\\\\\\\"\\\\\\\\\\\\\\\\\\\\\\\\\\\\\\\",\\\\\\\\\\\\\\\\\\\\\\\\\\\\\\\"locationPhoto\\\\\\\\\\\\\\\\\\\\\\\\\\\\\\\":null},\\\\\\\\\\\\\\\\\\\\\\\\\\\\\\\"batteryDetails\\\\\\\\\\\\\\\\\\\\\\\\\\\\\\\":{\\\\\\\\\\\\\\\\\\\\\\\\\\\\\\\"installingBattery\\\\\\\\\\\\\\\\\\\\\\\\\\\\\\\":\\\\\\\\\\\\\\\\\\\\\\\\\\\\\\\"\\\\\\\\\\\\\\\\\\\\\\\\\\\\\\\",\\\\\\\\\\\\\\\\\\\\\\\\\\\\\\\"notes\\\\\\\\\\\\\\\\\\\\\\\\\\\\\\\":\\\\\\\\\\\\\\\\\\\\\\\\\\\\\\\"\\\\\\\\\\\\\\\\\\\\\\\\\\\\\\\"},\\\\\\\\\\\\\\\\\\\\\\\\\\\\\\\"monitoring\\\\\\\\\\\\\\\\\\\\\\\\\\\\\\\":{\\\\\\\\\\\\\\\\\\\\\\\\\\\\\\\"wifiAtLocation\\\\\\\\\\\\\\\\\\\\\\\\\\\\\\\":\\\\\\\\\\\\\\\\\\\\\\\\\\\\\\\"\\\\\\\\\\\\\\\\\\\\\\\\\\\\\\\",\\\\\\\\\\\\\\\\\\\\\\\\\\\\\\\"strongReception\\\\\\\\\\\\\\\\\\\\\\\\\\\\\\\":\\\\\\\\\\\\\\\\\\\\\\\\\\\\\\\"\\\\\\\\\\\\\\\\\\\\\\\\\\\\\\\",\\\\\\\\\\\\\\\\\\\\\\\\\\\\\\\"ethernetRunnable\\\\\\\\\\\\\\\\\\\\\\\\\\\\\\\":\\\\\\\\\\\\\\\\\\\\\\\\\\\\\\\"\\\\\\\\\\\\\\\\\\\\\\\\\\\\\\\",\\\\\\\\\\\\\\\\\\\\\\\\\\\\\\\"spareRouterPort\\\\\\\\\\\\\\\\\\\\\\\\\\\\\\\":\\\\\\\\\\\\\\\\\\\\\\\\\\\\\\\"\\\\\\\\\\\\\\\\\\\\\\\\\\\\\\\",\\\\\\\\\\\\\\\\\\\\\\\\\\\\\\\"wifiName\\\\\\\\\\\\\\\\\\\\\\\\\\\\\\\":\\\\\\\\\\\\\\\\\\\\\\\\\\\\\\\"\\\\\\\\\\\\\\\\\\\\\\\\\\\\\\\",\\\\\\\\\\\\\\\\\\\\\\\\\\\\\\\"wifiPassword\\\\\\\\\\\\\\\\\\\\\\\\\\\\\\\":\\\\\\\\\\\\\\\\\\\\\\\\\\\\\\\"\\\\\\\\\\\\\\\\\\\\\\\\\\\\\\\",\\\\\\\\\\\\\\\\\\\\\\\\\\\\\\\"distanceToEthernetPort\\\\\\\\\\\\\\\\\\\\\\\\\\\\\\\":\\\\\\\\\\\\\\\\\\\\\\\\\\\\\\\"\\\\\\\\\\\\\\\\\\\\\\\\\\\\\\\"},\\\\\\\\\\\\\\\\\\\\\\\\\\\\\\\"existingSystem\\\\\\\\\\\\\\\\\\\\\\\\\\\\\\\":{\\\\\\\\\\\\\\\\\\\\\\\\\\\\\\\"existingSolar\\\\\\\\\\\\\\\\\\\\\\\\\\\\\\\":\\\\\\\\\\\\\\\\\\\\\\\\\\\\\\\"\\\\\\\\\\\\\\\\\\\\\\\\\\\\\\\",\\\\\\\\\\\\\\\\\\\\\\\\\\\\\\\"existingBattery\\\\\\\\\\\\\\\\\\\\\\\\\\\\\\\":\\\\\\\\\\\\\\\\\\\\\\\\\\\\\\\"\\\\\\\\\\\\\\\\\\\\\\\\\\\\\\\"},\\\\\\\\\\\\\\\\\\\\\\\\\\\\\\\"roofProfile\\\\\\\\\\\\\\\\\\\\\\\\\\\\\\\":{\\\\\\\\\\\\\\\\\\\\\\\\\\\\\\\"roofHeightMeters\\\\\\\\\\\\\\\\\\\\\\\\\\\\\\\":\\\\\\\\\\\\\\\\\\\\\\\\\\\\\\\"\\\\\\\\\\\\\\\\\\\\\\\\\\\\\\\",\\\\\\\\\\\\\\\\\\\\\\\\\\\\\\\"safeAccess\\\\\\\\\\\\\\\\\\\\\\\\\\\\\\\":\\\\\\\\\\\\\\\\\\\\\\\\\\\\\\\"\\\\\\\\\\\\\\\\\\\\\\\\\\\\\\\",\\\\\\\\\\\\\\\\\\\\\\\\\\\\\\\"accessMethod\\\\\\\\\\\\\\\\\\\\\\\\\\\\\\\":\\\\\\\\\\\\\\\\\\\\\\\\\\\\\\\"\\\\\\\\\\\\\\\\\\\\\\\\\\\\\\\",\\\\\\\\\\\\\\\\\\\\\\\\\\\\\\\"panelCarryMethod\\\\\\\\\\\\\\\\\\\\\\\\\\\\\\\":\\\\\\\\\\\\\\\\\\\\\\\\\\\\\\\"\\\\\\\\\\\\\\\\\\\\\\\\\\\\\\\",\\\\\\\\\\\\\\\\\\\\\\\\\\\\\\\"edgeProtectionRequired\\\\\\\\\\\\\\\\\\\\\\\\\\\\\\\":\\\\\\\\\\\\\\\\\\\\\\\\\\\\\\\"\\\\\\\\\\\\\\\\\\\\\\\\\\\\\\\",\\\\\\\\\\\\\\\\\\\\\\\\\\\\\\\"edgeProtectionAvailable\\\\\\\\\\\\\\\\\\\\\\\\\\\\\\\":\\\\\\\\\\\\\\\\\\\\\\\\\\\\\\\"\\\\\\\\\\\\\\\\\\\\\\\\\\\\\\\",\\\\\\\\\\\\\\\\\\\\\\\\\\\\\\\"edgeProtectionMeters\\\\\\\\\\\\\\\\\\\\\\\\\\\\\\\":\\\\\\\\\\\\\\\\\\\\\\\\\\\\\\\"\\\\\\\\\\\\\\\\\\\\\\\\\\\\\\\",\\\\\\\\\\\\\\\\\\\\\\\\\\\\\\\"roofMaterial\\\\\\\\\\\\\\\\\\\\\\\\\\\\\\\":\\\\\\\\\\\\\\\\\\\\\\\\\\\\\\\"\\\\\\\\\\\\\\\\\\\\\\\\\\\\\\\",\\\\\\\\\\\\\\\\\\\\\\\\\\\\\\\"roofConditionOK\\\\\\\\\\\\\\\\\\\\\\\\\\\\\\\":\\\\\\\\\\\\\\\\\\\\\\\\\\\\\\\"\\\\\\\\\\\\\\\\\\\\\\\\\\\\\\\",\\\\\\\\\\\\\\\\\\\\\\\\\\\\\\\"section1Pitch\\\\\\\\\\\\\\\\\\\\\\\\\\\\\\\":\\\\\\\\\\\\\\\\\\\\\\\\\\\\\\\"\\\\\\\\\\\\\\\\\\\\\\\\\\\\\\\",\\\\\\\\\\\\\\\\\\\\\\\\\\\\\\\"section2Pitch\\\\\\\\\\\\\\\\\\\\\\\\\\\\\\\":\\\\\\\\\\\\\\\\\\\\\\\\\\\\\\\"\\\\\\\\\\\\\\\\\\\\\\\\\\\\\\\",\\\\\\\\\\\\\\\\\\\\\\\\\\\\\\\"section3Pitch\\\\\\\\\\\\\\\\\\\\\\\\\\\\\\\":\\\\\\\\\\\\\\\\\\\\\\\\\\\\\\\"\\\\\\\\\\\\\\\\\\\\\\\\\\\\\\\",\\\\\\\\\\\\\\\\\\\\\\\\\\\\\\\"anchorPoints\\\\\\\\\\\\\\\\\\\\\\\\\\\\\\\":\\\\\\\\\\\\\\\\\\\\\\\\\\\\\\\"\\\\\\\\\\\\\\\\\\\\\\\\\\\\\\\",\\\\\\\\\\\\\\\\\\\\\\\\\\\\\\\"skylights\\\\\\\\\\\\\\\\\\\\\\\\\\\\\\\":\\\\\\\\\\\\\\\\\\\\\\\\\\\\\\\"\\\\\\\\\\\\\\\\\\\\\\\\\\\\\\\",\\\\\\\\\\\\\\\\\\\\\\\\\\\\\\\"designFits\\\\\\\\\\\\\\\\\\\\\\\\\\\\\\\":\\\\\\\\\\\\\\\\\\\\\\\\\\\\\\\"\\\\\\\\\\\\\\\\\\\\\\\\\\\\\\\",\\\\\\\\\\\\\\\\\\\\\\\\\\\\\\\"tiltsRequired\\\\\\\\\\\\\\\\\\\\\\\\\\\\\\\":\\\\\\\\\\\\\\\\\\\\\\\\\\\\\\\"\\\\\\\\\\\\\\\\\\\\\\\\\\\\\\\",\\\\\\\\\\\\\\\\\\\\\\\\\\\\\\\"tiltAngle\\\\\\\\\\\\\\\\\\\\\\\\\\\\\\\":\\\\\\\\\\\\\\\\\\\\\\\\\\\\\\\"\\\\\\\\\\\\\\\\\\\\\\\\\\\\\\\",\\\\\\\\\\\\\\\\\\\\\\\\\\\\\\\"spareTilesAvailable\\\\\\\\\\\\\\\\\\\\\\\\\\\\\\\":\\\\\\\\\\\\\\\\\\\\\\\\\\\\\\\"\\\\\\\\\\\\\\\\\\\\\\\\\\\\\\\",\\\\\\\\\\\\\\\\\\\\\\\\\\\\\\\"structureForModules\\\\\\\\\\\\\\\\\\\\\\\\\\\\\\\":\\\\\\\\\\\\\\\\\\\\\\\\\\\\\\\"\\\\\\\\\\\\\\\\\\\\\\\\\\\\\\\",\\\\\\\\\\\\\\\\\\\\\\\\\\\\\\\"shadingIssues\\\\\\\\\\\\\\\\\\\\\\\\\\\\\\\":\\\\\\\\\\\\\\\\\\\\\\\\\\\\\\\"\\\\\\\\\\\\\\\\\\\\\\\\\\\\\\\",\\\\\\\\\\\\\\\\\\\\\\\\\\\\\\\"dcCableRunMeters\\\\\\\\\\\\\\\\\\\\\\\\\\\\\\\":\\\\\\\\\\\\\\\\\\\\\\\\\\\\\\\"\\\\\\\\\\\\\\\\\\\\\\\\\\\\\\\",\\\\\\\\\\\\\\\\\\\\\\\\\\\\\\\"dcConduitMeters\\\\\\\\\\\\\\\\\\\\\\\\\\\\\\\":\\\\\\\\\\\\\\\\\\\\\\\\\\\\\\\"\\\\\\\\\\\\\\\\\\\\\\\\\\\\\\\",\\\\\\\\\\\\\\\\\\\\\\\\\\\\\\\"edgeProtectionPhoto\\\\\\\\\\\\\\\\\\\\\\\\\\\\\\\":null,\\\\\\\\\\\\\\\\\\\\\\\\\\\\\\\"section1Photo\\\\\\\\\\\\\\\\\\\\\\\\\\\\\\\":null,\\\\\\\\\\\\\\\\\\\\\\\\\\\\\\\"section2Photo\\\\\\\\\\\\\\\\\\\\\\\\\\\\\\\":null,\\\\\\\\\\\\\\\\\\\\\\\\\\\\\\\"section3Photo\\\\\\\\\\\\\\\\\\\\\\\\\\\\\\\":null},\\\\\\\\\\\\\\\\\\\\\\\\\\\\\\\"mudMap\\\\\\\\\\\\\\\\\\\\\\\\\\\\\\\":{\\\\\\\\\\\\\\\\\\\\\\\\\\\\\\\"accessNotes\\\\\\\\\\\\\\\\\\\\\\\\\\\\\\\":\\\\\\\\\\\\\\\\\\\\\\\\\\\\\\\"\\\\\\\\\\\\\\\\\\\\\\\\\\\\\\\",\\\\\\\\\\\\\\\\\\\\\\\\\\\\\\\"mapPhoto\\\\\\\\\\\\\\\\\\\\\\\\\\\\\\\":null},\\\\\\\\\\\\\\\\\\\\\\\\\\\\\\\"shading\\\\\\\\\\\\\\\\\\\\\\\\\\\\\\\":\\\\\\\\\\\\\\\\\\\\\\\\\\\\\\\"\\\\\\\\\\\\\\\\\\\\\\\\\\\\\\\",\\\\\\\\\\\\\\\\\\\\\\\\\\\\\\\"electrical\\\\\\\\\\\\\\\\\\\\\\\\\\\\\\\":{\\\\\\\\\\\\\\\\\\\\\\\\\\\\\\\"hazards\\\\\\\\\\\\\\\\\\\\\\\\\\\\\\\":[],\\\\\\\\\\\\\\\\\\\\\\\\\\\\\\\"other\\\\\\\\\\\\\\\\\\\\\\\\\\\\\\\":\\\\\\\\\\\\\\\\\\\\\\\\\\\\\\\"\\\\\\\\\\\\\\\\\\\\\\\\\\\\\\\",\\\\\\\\\\\\\\\\\\\\\\\\\\\\\\\"notes\\\\\\\\\\\\\\\\\\\\\\\\\\\\\\\":\\\\\\\\\\\\\\\\\\\\\\\\\\\\\\\"\\\\\\\\\\\\\\\\\\\\\\\\\\\\\\\"},\\\\\\\\\\\\\\\\\\\\\\\\\\\\\\\"recommendations\\\\\\\\\\\\\\\\\\\\\\\\\\\\\\\":{\\\\\\\\\\\\\\\\\\\\\\\\\\\\\\\"count\\\\\\\\\\\\\\\\\\\\\\\\\\\\\\\":0,\\\\\\\\\\\\\\\\\\\\\\\\\\\\\\\"summary\\\\\\\\\\\\\\\\\\\\\\\\\\\\\\\":\\\\\\\\\\\\\\\\\\\\\\\\\\\\\\\"\\\\\\\\\\\\\\\\\\\\\\\\\\\\\\\",\\\\\\\\\\\\\\\\\\\\\\\\\\\\\\\"items\\\\\\\\\\\\\\\\\\\\\\\\\\\\\\\":[]},\\\\\\\\\\\\\\\\\\\\\\\\\\\\\\\"id\\\\\\\\\\\\\\\\\\\\\\\\\\\\\\\":2,\\\\\\\\\\\\\\\\\\\\\\\\\\\\\\\"lead_id\\\\\\\\\\\\\\\\\\\\\\\\\\\\\\\":1,\\\\\\\\\\\\\\\\\\\\\\\\\\\\\\\"status\\\\\\\\\\\\\\\\\\\\\\\\\\\\\\\":\\\\\\\\\\\\\\\\\\\\\\\\\\\\\\\"draft\\\\\\\\\\\\\\\\\\\\\\\\\\\\\\\",\\\\\\\\\\\\\\\\\\\\\\\\\\\\\\\"inspected_at\\\\\\\\\\\\\\\\\\\\\\\\\\\\\\\":\\\\\\\\\\\\\\\\\\\\\\\\\\\\\\\"2555-09-12T09:15\\\\\\\\\\\\\\\\\\\\\\\\\\\\\\\",\\\\\\\\\\\\\\\\\\\\\\\\\\\\\\\"inspector_name\\\\\\\\\\\\\\\\\\\\\\\\\\\\\\\":\\\\\\\\\\\\\\\\\\\\\\\\\\\\\\\"MInh\\\\\\\\\\\\\\\\\\\\\\\\\\\\\\\",\\\\\\\\\\\\\\\\\\\\\\\\\\\\\\\"roof_type\\\\\\\\\\\\\\\\\\\\\\\\\\\\\\\":\\\\\\\\\\\\\\\\\\\\\\\\\\\\\\\"sdf\\\\\\\\\\\\\\\\\\\\\\\\\\\\\\\",\\\\\\\\\\\\\\\\\\\\\\\\\\\\\\\"roof_pitch_deg\\\\\\\\\\\\\\\\\\\\\\\\\\\\\\\":null,\\\\\\\\\\\\\\\\\\\\\\\\\\\\\\\"house_storey\\\\\\\\\\\\\\\\\\\\\\\\\\\\\\\":\\\\\\\\\\\\\\\\\\\\\\\\\\\\\\\"\\\\\\\\\\\\\\\\\\\\\\\\\\\\\\\",\\\\\\\\\\\\\\\\\\\\\\\\\\\\\\\"meter_phase\\\\\\\\\\\\\\\\\\\\\\\\\\\\\\\":\\\\\\\\\\\\\\\\\\\\\\\\\\\\\\\"single\\\\\\\\\\\\\\\\\\\\\\\\\\\\\\\",\\\\\\\\\\\\\\\\\\\\\\\\\\\\\\\"inverter_location\\\\\\\\\\\\\\\\\\\\\\\\\\\\\\\":\\\\\\\\\\\\\\\\\\\\\\\\\\\\\\\"sdfs\\\\\\\\\\\\\\\\\\\\\\\\\\\\\\\",\\\\\\\\\\\\\\\\\\\\\\\\\\\\\\\"msb_condition\\\\\\\\\\\\\\\\\\\\\\\\\\\\\\\":\\\\\\\\\\\\\\\\\\\\\\\\\\\\\\\"gôd\\\\\\\\\\\\\\\\\\\\\\\\\\\\\\\",\\\\\\\\\\\\\\\\\\\\\\\\\\\\\\\"additional_notes\\\\\\\\\\\\\\\\\\\\\\\\\\\\\\\":\\\\\\\\\\\\\\\\\\\\\\\\\\\\\\\"{\\\\\\\\\\\\\\\\\\\\\\\\\\\\\\\\\\\\\\\\\\\\\\\\\\\\\\\\\\\\\\\"jobDetails\\\\\\\\\\\\\\\\\\\\\\\\\\\\\\\\\\\\\\\\\\\\\\\\\\\\\\\\\\\\\\\":{\\\\\\\\\\\\\\\\\\\\\\\\\\\\\\\\\\\\\\\\\\\\\\\\\\\\\\\\\\\\\\\"lifeSupportRequired\\\\\\\\\\\\\\\\\\\\\\\\\\\\\\\\\\\\\\\\\\\\\\\\\\\\\\\\\\\\\\\":\\\\\\\\\\\\\\\\\\\\\\\\\\\\\\\\\\\\\\\\\\\\\\\\\\\\\\\\\\\\\\\"\\\\\\\\\\\\\\\\\\\\\\\\\\\\\\\\\\\\\\\\\\\\\\\\\\\\\\\\\\\\\\\",\\\\\\\\\\\\\\\\\\\\\\\\\\\\\\\\\\\\\\\\\\\\\\\\\\\\\\\\\\\\\\\"consumerMains\\\\\\\\\\\\\\\\\\\\\\\\\\\\\\\\\\\\\\\\\\\\\\\\\\\\\\\\\\\\\\\":\\\\\\\\\\\\\\\\\\\\\\\\\\\\\\\\\\\\\\\\\\\\\\\\\\\\\\\\\\\\\\\"\\\\\\\\\\\\\\\\\\\\\\\\\\\\\\\\\\\\\\\\\\\\\\\\\\\\\\\\\\\\\\\",\\\\\\\\\\\\\\\\\\\\\\\\\\\\\\\\\\\\\\\\\\\\\\\\\\\\\\\\\\\\\\\"isMultiOccupancy\\\\\\\\\\\\\\\\\\\\\\\\\\\\\\\\\\\\\\\\\\\\\\\\\\\\\\\\\\\\\\\":\\\\\\\\\\\\\\\\\\\\\\\\\\\\\\\\\\\\\\\\\\\\\\\\\\\\\\\\\\\\\\\"\\\\\\\\\\\\\\\\\\\\\\\\\\\\\\\\\\\\\\\\\\\\\\\\\\\\\\\\\\\\\\\",\\\\\\\\\\\\\\\\\\\\\\\\\\\\\\\\\\\\\\\\\\\\\\\\\\\\\\\\\\\\\\\"storey\\\\\\\\\\\\\\\\\\\\\\\\\\\\\\\\\\\\\\\\\\\\\\\\\\\\\\\\\\\\\\\":\\\\\\\\\\\\\\\\\\\\\\\\\\\\\\\\\\\\\\\\\\\\\\\\\\\\\\\\\\\\\\\"\\\\\\\\\\\\\\\\\\\\\\\\\\\\\\\\\\\\\\\\\\\\\\\\\\\\\\\\\\\\\\\",\\\\\\\\\\\\\\\\\\\\\\\\\\\\\\\\\\\\\\\\\\\\\\\\\\\\\\\\\\\\\\\"inspectionCompany\\\\\\\\\\\\\\\\\\\\\\\\\\\\\\\\\\\\\\\\\\\\\\\\\\\\\\\\\\\\\\\":\\\\\\\\\\\\\\\\\\\\\\\\\\\\\\\\\\\\\\\\\\\\\\\\\\\\\\\\\\\\\\\"xTechs Renewables\\\\\\\\\\\\\\\\\\\\\\\\\\\\\\\\\\\\\\\\\\\\\\\\\\\\\\\\\\\\\\\",\\\\\\\\\\\\\\\\\\\\\\\\\\\\\\\\\\\\\\\\\\\\\\\\\\\\\\\\\\\\\\\"licenseSelfie\\\\\\\\\\\\\\\\\\\\\\\\\\\\\\\\\\\\\\\\\\\\\\\\\\\\\\\\\\\\\\\":null,\\\\\\\\\\\\\\\\\\\\\\\\\\\\\\\\\\\\\\\\\\\\\\\\\\\\\\\\\\\\\\\"fullHousePhoto\\\\\\\\\\\\\\\\\\\\\\\\\\\\\\\\\\\\\\\\\\\\\\\\\\\\\\\\\\\\\\\":null},\\\\\\\\\\\\\\\\\\\\\\\\\\\\\\\\\\\\\\\\\\\\\\\\\\\\\\\\\\\\\\\"switchboard\\\\\\\\\\\\\\\\\\\\\\\\\\\\\\\\\\\\\\\\\\\\\\\\\\\\\\\\\\\\\\\":{\\\\\\\\\\\\\\\\\\\\\\\\\\\\\\\\\\\\\\\\\\\\\\\\\\\\\\\\\\\\\\\"meterNumber\\\\\\\\\\\\\\\\\\\\\\\\\\\\\\\\\\\\\\\\\\\\\\\\\\\\\\\\\\\\\\\":\\\\\\\\\\\\\\\\\\\\\\\\\\\\\\\\\\\\\\\\\\\\\\\\\\\\\\\\\\\\\\\"\\\\\\\\\\\\\\\\\\\\\\\\\\\\\\\\\\\\\\\\\\\\\\\\\\\\\\\\\\\\\\\",\\\\\\\\\\\\\\\\\\\\\\\\\\\\\\\\\\\\\\\\\\\\\\\\\\\\\\\\\\\\\\\"nmi\\\\\\\\\\\\\\\\\\\\\\\\\\\\\\\\\\\\\\\\\\\\\\\\\\\\\\\\\\\\\\\":\\\\\\\\\\\\\\\\\\\\\\\\\\\\\\\\\\\\\\\\\\\\\\\\\\\\\\\\\\\\\\\"\\\\\\\\\\\\\\\\\\\\\\\\\\\\\\\\\\\\\\\\\\\\\\\\\\\\\\\\\\\\\\\",\\\\\\\\\\\\\\\\\\\\\\\\\\\\\\\\\\\\\\\\\\\\\\\\\\\\\\\\\\\\\\\"isCompliant\\\\\\\\\\\\\\\\\\\\\\\\\\\\\\\\\\\\\\\\\\\\\\\\\\\\\\\\\\\\\\\":\\\\\\\\\\\\\\\\\\\\\\\\\\\\\\\\\\\\\\\\\\\\\\\\\\\\\\\\\\\\\\\"\\\\\\\\\\\\\\\\\\\\\\\\\\\\\\\\\\\\\\\\\\\\\\\\\\\\\\\\\\\\\\\",\\\\\\\\\\\\\\\\\\\\\\\\\\\\\\\\\\\\\\\\\\\\\\\\\\\\\\\\\\\\\\\"phases\\\\\\\\\\\\\\\\\\\\\\\\\\\\\\\\\\\\\\\\\\\\\\\\\\\\\\\\\\\\\\\":\\\\\\\\\\\\\\\\\\\\\\\\\\\\\\\\\\\\\\\\\\\\\\\\\\\\\\\\\\\\\\\"\\\\\\\\\\\\\\\\\\\\\\\\\\\\\\\\\\\\\\\\\\\\\\\\\\\\\\\\\\\\\\\",\\\\\\\\\\\\\\\\\\\\\\\\\\\\\\\\\\\\\\\\\\\\\\\\\\\\\\\\\\\\\\\"biDirectionalMeter\\\\\\\\\\\\\\\\\\\\\\\\\\\\\\\\\\\\\\\\\\\\\\\\\\\\\\\\\\\\\\\":\\\\\\\\\\\\\\\\\\\\\\\\\\\\\\\\\\\\\\\\\\\\\\\\\\\\\\\\\\\\\\\"\\\\\\\\\\\\\\\\\\\\\\\\\\\\\\\\\\\\\\\\\\\\\\\\\\\\\\\\\\\\\\\",\\\\\\\\\\\\\\\\\\\\\\\\\\\\\\\\\\\\\\\\\\\\\\\\\\\\\\\\\\\\\\\"asbestosPresent\\\\\\\\\\\\\\\\\\\\\\\\\\\\\\\\\\\\\\\\\\\\\\\\\\\\\\\\\\\\\\\":\\\\\\\\\\\\\\\\\\\\\\\\\\\\\\\\\\\\\\\\\\\\\\\\\\\\\\\\\\\\\\\"\\\\\\\\\\\\\\\\\\\\\\\\\\\\\\\\\\\\\\\\\\\\\\\\\\\\\\\\\\\\\\\",\\\\\\\\\\\\\\\\\\\\\\\\\\\\\\\\\\\\\\\\\\\\\\\\\\\\\\\\\\\\\\\"mainSwitchRatingAmps\\\\\\\\\\\\\\\\\\\\\\\\\\\\\\\\\\\\\\\\\\\\\\\\\\\\\\\\\\\\\\\":\\\\\\\\\\\\\\\\\\\\\\\\\\\\\\\\\\\\\\\\\\\\\\\\\\\\\\\\\\\\\\\"\\\\\\\\\\\\\\\\\\\\\\\\\\\\\\\\\\\\\\\\\\\\\\\\\\\\\\\\\\\\\\\",\\\\\\\\\\\\\\\\\\\\\\\\\\\\\\\\\\\\\\\\\\\\\\\\\\\\\\\\\\\\\\\"pointOfAttachment\\\\\\\\\\\\\\\\\\\\\\\\\\\\\\\\\\\\\\\\\\\\\\\\\\\\\\\\\\\\\\\":\\\\\\\\\\\\\\\\\\\\\\\\\\\\\\\\\\\\\\\\\\\\\\\\\\\\\\\\\\\\\\\"\\\\\\\\\\\\\\\\\\\\\\\\\\\\\\\\\\\\\\\\\\\\\\\\\\\\\\\\\\\\\\\",\\\\\\\\\\\\\\\\\\\\\\\\\\\\\\\\\\\\\\\\\\\\\\\\\\\\\\\\\\\\\\\"distanceTxToPOA\\\\\\\\\\\\\\\\\\\\\\\\\\\\\\\\\\\\\\\\\\\\\\\\\\\\\\\\\\\\\\\":\\\\\\\\\\\\\\\\\\\\\\\\\\\\\\\\\\\\\\\\\\\\\\\\\\\\\\\\\\\\\\\"\\\\\\\\\\\\\\\\\\\\\\\\\\\\\\\\\\\\\\\\\\\\\\\\\\\\\\\\\\\\\\\",\\\\\\\\\\\\\\\\\\\\\\\\\\\\\\\\\\\\\\\\\\\\\\\\\\\\\\\\\\\\\\\"distancePOAToMSB\\\\\\\\\\\\\\\\\\\\\\\\\\\\\\\\\\\\\\\\\\\\\\\\\\\\\\\\\\\\\\\":\\\\\\\\\\\\\\\\\\\\\\\\\\\\\\\\\\\\\\\\\\\\\\\\\\\\\\\\\\\\\\\"\\\\\\\\\\\\\\\\\\\\\\\\\\\\\\\\\\\\\\\\\\\\\\\\\\\\\\\\\\\\\\\",\\\\\\\\\\\\\\\\\\\\\\\\\\\\\\\\\\\\\\\\\\\\\\\\\\\\\\\\\\\\\\\"consumerMainsCableSize\\\\\\\\\\\\\\\\\\\\\\\\\\\\\\\\\\\\\\\\\\\\\\\\\\\\\\\\\\\\\\\":\\\\\\\\\\\\\\\\\\\\\\\\\\\\\\\\\\\\\\\\\\\\\\\\\\\\\\\\\\\\\\\"\\\\\\\\\\\\\\\\\\\\\\\\\\\\\\\\\\\\\\\\\\\\\\\\\\\\\\\\\\\\\\\",\\\\\\\\\\\\\\\\\\\\\\\\\\\\\\\\\\\\\\\\\\\\\\\\\\\\\\\\\\\\\\\"consumerMainsCableType\\\\\\\\\\\\\\\\\\\\\\\\\\\\\\\\\\\\\\\\\\\\\\\\\\\\\\\\\\\\\\\":\\\\\\\\\\\\\\\\\\\\\\\\\\\\\\\\\\\\\\\\\\\\\\\\\\\\\\\\\\\\\\\"\\\\\\\\\\\\\\\\\\\\\\\\\\\\\\\\\\\\\\\\\\\\\\\\\\\\\\\\\\\\\\\",\\\\\\\\\\\\\\\\\\\\\\\\\\\\\\\\\\\\\\\\\\\\\\\\\\\\\\\\\\\\\\\"mainsRunMethod\\\\\\\\\\\\\\\\\\\\\\\\\\\\\\\\\\\\\\\\\\\\\\\\\\\\\\\\\\\\\\\":\\\\\\\\\\\\\\\\\\\\\\\\\\\\\\\\\\\\\\\\\\\\\\\\\\\\\\\\\\\\\\\"\\\\\\\\\\\\\\\\\\\\\\\\\\\\\\\\\\\\\\\\\\\\\\\\\\\\\\\\\\\\\\\",\\\\\\\\\\\\\\\\\\\\\\\\\\\\\\\\\\\\\\\\\\\\\\\\\\\\\\\\\\\\\\\"inverterToThisMSB\\\\\\\\\\\\\\\\\\\\\\\\\\\\\\\\\\\\\\\\\\\\\\\\\\\\\\\\\\\\\\\":\\\\\\\\\\\\\\\\\\\\\\\\\\\\\\\\\\\\\\\\\\\\\\\\\\\\\\\\\\\\\\\"\\\\\\\\\\\\\\\\\\\\\\\\\\\\\\\\\\\\\\\\\\\\\\\\\\\\\\\\\\\\\\\",\\\\\\\\\\\\\\\\\\\\\\\\\\\\\\\\\\\\\\\\\\\\\\\\\\\\\\\\\\\\\\\"spareForSolarMainBreaker\\\\\\\\\\\\\\\\\\\\\\\\\\\\\\\\\\\\\\\\\\\\\\\\\\\\\\\\\\\\\\\":\\\\\\\\\\\\\\\\\\\\\\\\\\\\\\\\\\\\\\\\\\\\\\\\\\\\\\\\\\\\\\\"\\\\\\\\\\\\\\\\\\\\\\\\\\\\\\\\\\\\\\\\\\\\\\\\\\\\\\\\\\\\\\\",\\\\\\\\\\\\\\\\\\\\\\\\\\\\\\\\\\\\\\\\\\\\\\\\\\\\\\\\\\\\\\\"spaceForSmartMeter\\\\\\\\\\\\\\\\\\\\\\\\\\\\\\\\\\\\\\\\\\\\\\\\\\\\\\\\\\\\\\\":\\\\\\\\\\\\\\\\\\\\\\\\\\\\\\\\\\\\\\\\\\\\\\\\\\\\\\\\\\\\\\\"\\\\\\\\\\\\\\\\\\\\\\\\\\\\\\\\\\\\\\\\\\\\\\\\\\\\\\\\\\\\\\\",\\\\\\\\\\\\\\\\\\\\\\\\\\\\\\\\\\\\\\\\\\\\\\\\\\\\\\\\\\\\\\\"distanceInverterFromMSB\\\\\\\\\\\\\\\\\\\\\\\\\\\\\\\\\\\\\\\\\\\\\\\\\\\\\\\\\\\\\\\":\\\\\\\\\\\\\\\\\\\\\\\\\\\\\\\\\\\\\\\\\\\\\\\\\\\\\\\\\\\\\\\"\\\\\\\\\\\\\\\\\\\\\\\\\\\\\\\\\\\\\\\\\\\\\\\\\\\\\\\\\\\\\\\",\\\\\\\\\\\\\\\\\\\\\\\\\\\\\\\\\\\\\\\\\\\\\\\\\\\\\\\\\\\\\\\"meterPhoto\\\\\\\\\\\\\\\\\\\\\\\\\\\\\\\\\\\\\\\\\\\\\\\\\\\\\\\\\\\\\\\":null,\\\\\\\\\\\\\\\\\\\\\\\\\\\\\\\\\\\\\\\\\\\\\\\\\\\\\\\\\\\\\\\"neutralEarthPhoto\\\\\\\\\\\\\\\\\\\\\\\\\\\\\\\\\\\\\\\\\\\\\\\\\\\\\\\\\\\\\\\":null,\\\\\\\\\\\\\\\\\\\\\\\\\\\\\\\\\\\\\\\\\\\\\\\\\\\\\\\\\\\\\\\"photoSwitchboardOn\\\\\\\\\\\\\\\\\\\\\\\\\\\\\\\\\\\\\\\\\\\\\\\\\\\\\\\\\\\\\\\":null,\\\\\\\\\\\\\\\\\\\\\\\\\\\\\\\\\\\\\\\\\\\\\\\\\\\\\\\\\\\\\\\"photoSwitchboardOff\\\\\\\\\\\\\\\\\\\\\\\\\\\\\\\\\\\\\\\\\\\\\\\\\\\\\\\\\\\\\\\":null,\\\\\\\\\\\\\\\\\\\\\\\\\\\\\\\\\\\\\\\\\\\\\\\\\\\\\\\\\\\\\\\"voltageReadingPhotos\\\\\\\\\\\\\\\\\\\\\\\\\\\\\\\\\\\\\\\\\\\\\\\\\\\\\\\\\\\\\\\":[]},\\\\\\\\\\\\\\\\\\\\\\\\\\\\\\\\\\\\\\\\\\\\\\\\\\\\\\\\\\\\\\\"subBoard\\\\\\\\\\\\\\\\\\\\\\\\\\\\\\\\\\\\\\\\\\\\\\\\\\\\\\\\\\\\\\\":{\\\\\\\\\\\\\\\\\\\\\\\\\\\\\\\\\\\\\\\\\\\\\\\\\\\\\\\\\\\\\\\"msbFeedsSubBoard\\\\\\\\\\\\\\\\\\\\\\\\\\\\\\\\\\\\\\\\\\\\\\\\\\\\\\\\\\\\\\\":\\\\\\\\\\\\\\\\\\\\\\\\\\\\\\\\\\\\\\\\\\\\\\\\\\\\\\\\\\\\\\\"\\\\\\\\\\\\\\\\\\\\\\\\\\\\\\\\\\\\\\\\\\\\\\\\\\\\\\\\\\\\\\\",\\\\\\\\\\\\\\\\\\\\\\\\\\\\\\\\\\\\\\\\\\\\\\\\\\\\\\\\\\\\\\\"subBoardPOCPhoto\\\\\\\\\\\\\\\\\\\\\\\\\\\\\\\\\\\\\\\\\\\\\\\\\\\\\\\\\\\\\\\":null},\\\\\\\\\\\\\\\\\\\\\\\\\\\\\\\\\\\\\\\\\\\\\\\\\\\\\\\\\\\\\\\"inverterLocation\\\\\\\\\\\\\\\\\\\\\\\\\\\\\\\\\\\\\\\\\\\\\\\\\\\\\\\\\\\\\\\":{\\\\\\\\\\\\\\\\\\\\\\\\\\\\\\\\\\\\\\\\\\\\\\\\\\\\\\\\\\\\\\\"requireACIsolator\\\\\\\\\\\\\\\\\\\\\\\\\\\\\\\\\\\\\\\\\\\\\\\\\\\\\\\\\\\\\\\":\\\\\\\\\\\\\\\\\\\\\\\\\\\\\\\\\\\\\\\\\\\\\\\\\\\\\\\\\\\\\\\"\\\\\\\\\\\\\\\\\\\\\\\\\\\\\\\\\\\\\\\\\\\\\\\\\\\\\\\\\\\\\\\",\\\\\\\\\\\\\\\\\\\\\\\\\\\\\\\\\\\\\\\\\\\\\\\\\\\\\\\\\\\\\\\"mountingMethod\\\\\\\\\\\\\\\\\\\\\\\\\\\\\\\\\\\\\\\\\\\\\\\\\\\\\\\\\\\\\\\":\\\\\\\\\\\\\\\\\\\\\\\\\\\\\\\\\\\\\\\\\\\\\\\\\\\\\\\\\\\\\\\"\\\\\\\\\\\\\\\\\\\\\\\\\\\\\\\\\\\\\\\\\\\\\\\\\\\\\\\\\\\\\\\",\\\\\\\\\\\\\\\\\\\\\\\\\\\\\\\\\\\\\\\\\\\\\\\\\\\\\\\\\\\\\\\"ventilationOK\\\\\\\\\\\\\\\\\\\\\\\\\\\\\\\\\\\\\\\\\\\\\\\\\\\\\\\\\\\\\\\":\\\\\\\\\\\\\\\\\\\\\\\\\\\\\\\\\\\\\\\\\\\\\\\\\\\\\\\\\\\\\\\"\\\\\\\\\\\\\\\\\\\\\\\\\\\\\\\\\\\\\\\\\\\\\\\\\\\\\\\\\\\\\\\",\\\\\\\\\\\\\\\\\\\\\\\\\\\\\\\\\\\\\\\\\\\\\\\\\\\\\\\\\\\\\\\"backingBoardNeeded\\\\\\\\\\\\\\\\\\\\\\\\\\\\\\\\\\\\\\\\\\\\\\\\\\\\\\\\\\\\\\\":\\\\\\\\\\\\\\\\\\\\\\\\\\\\\\\\\\\\\\\\\\\\\\\\\\\\\\\\\\\\\\\"\\\\\\\\\\\\\\\\\\\\\\\\\\\\\\\\\\\\\\\\\\\\\\\\\\\\\\\\\\\\\\\",\\\\\\\\\\\\\\\\\\\\\\\\\\\\\\\\\\\\\\\\\\\\\\\\\\\\\\\\\\\\\\\"directSunlight\\\\\\\\\\\\\\\\\\\\\\\\\\\\\\\\\\\\\\\\\\\\\\\\\\\\\\\\\\\\\\\":\\\\\\\\\\\\\\\\\\\\\\\\\\\\\\\\\\\\\\\\\\\\\\\\\\\\\\\\\\\\\\\"\\\\\\\\\\\\\\\\\\\\\\\\\\\\\\\\\\\\\\\\\\\\\\\\\\\\\\\\\\\\\\\",\\\\\\\\\\\\\\\\\\\\\\\\\\\\\\\\\\\\\\\\\\\\\\\\\\\\\\\\\\\\\\\"conduitRunDiscussed\\\\\\\\\\\\\\\\\\\\\\\\\\\\\\\\\\\\\\\\\\\\\\\\\\\\\\\\\\\\\\\":\\\\\\\\\\\\\\\\\\\\\\\\\\\\\\\\\\\\\\\\\\\\\\\\\\\\\\\\\\\\\\\"\\\\\\\\\\\\\\\\\\\\\\\\\\\\\\\\\\\\\\\\\\\\\\\\\\\\\\\\\\\\\\\",\\\\\\\\\\\\\\\\\\\\\\\\\\\\\\\\\\\\\\\\\\\\\\\\\\\\\\\\\\\\\\\"notes\\\\\\\\\\\\\\\\\\\\\\\\\\\\\\\\\\\\\\\\\\\\\\\\\\\\\\\\\\\\\\\":\\\\\\\\\\\\\\\\\\\\\\\\\\\\\\\\\\\\\\\\\\\\\\\\\\\\\\\\\\\\\\\"\\\\\\\\\\\\\\\\\\\\\\\\\\\\\\\\\\\\\\\\\\\\\\\\\\\\\\\\\\\\\\\",\\\\\\\\\\\\\\\\\\\\\\\\\\\\\\\\\\\\\\\\\\\\\\\\\\\\\\\\\\\\\\\"locationPhoto\\\\\\\\\\\\\\\\\\\\\\\\\\\\\\\\\\\\\\\\\\\\\\\\\\\\\\\\\\\\\\\":null},\\\\\\\\\\\\\\\\\\\\\\\\\\\\\\\\\\\\\\\\\\\\\\\\\\\\\\\\\\\\\\\"batteryDetails\\\\\\\\\\\\\\\\\\\\\\\\\\\\\\\\\\\\\\\\\\\\\\\\\\\\\\\\\\\\\\\":{\\\\\\\\\\\\\\\\\\\\\\\\\\\\\\\\\\\\\\\\\\\\\\\\\\\\\\\\\\\\\\\"installingBattery\\\\\\\\\\\\\\\\\\\\\\\\\\\\\\\\\\\\\\\\\\\\\\\\\\\\\\\\\\\\\\\":\\\\\\\\\\\\\\\\\\\\\\\\\\\\\\\\\\\\\\\\\\\\\\\\\\\\\\\\\\\\\\\"\\\\\\\\\\\\\\\\\\\\\\\\\\\\\\\\\\\\\\\\\\\\\\\\\\\\\\\\\\\\\\\",\\\\\\\\\\\\\\\\\\\\\\\\\\\\\\\\\\\\\\\\\\\\\\\\\\\\\\\\\\\\\\\"notes\\\\\\\\\\\\\\\\\\\\\\\\\\\\\\\\\\\\\\\\\\\\\\\\\\\\\\\\\\\\\\\":\\\\\\\\\\\\\\\\\\\\\\\\\\\\\\\\\\\\\\\\\\\\\\\\\\\\\\\\\\\\\\\"\\\\\\\\\\\\\\\\\\\\\\\\\\\\\\\\\\\\\\\\\\\\\\\\\\\\\\\\\\\\\\\"},\\\\\\\\\\\\\\\\\\\\\\\\\\\\\\\\\\\\\\\\\\\\\\\\\\\\\\\\\\\\\\\"monitoring\\\\\\\\\\\\\\\\\\\\\\\\\\\\\\\\\\\\\\\\\\\\\\\\\\\\\\\\\\\\\\\":{\\\\\\\\\\\\\\\\\\\\\\\\\\\\\\\\\\\\\\\\\\\\\\\\\\\\\\\\\\\\\\\"wifiAtLocation\\\\\\\\\\\\\\\\\\\\\\\\\\\\\\\\\\\\\\\\\\\\\\\\\\\\\\\\\\\\\\\":\\\\\\\\\\\\\\\\\\\\\\\\\\\\\\\\\\\\\\\\\\\\\\\\\\\\\\\\\\\\\\\"\\\\\\\\\\\\\\\\\\\\\\\\\\\\\\\\\\\\\\\\\\\\\\\\\\\\\\\\\\\\\\\",\\\\\\\\\\\\\\\\\\\\\\\\\\\\\\\\\\\\\\\\\\\\\\\\\\\\\\\\\\\\\\\"strongReception\\\\\\\\\\\\\\\\\\\\\\\\\\\\\\\\\\\\\\\\\\\\\\\\\\\\\\\\\\\\\\\":\\\\\\\\\\\\\\\\\\\\\\\\\\\\\\\\\\\\\\\\\\\\\\\\\\\\\\\\\\\\\\\"\\\\\\\\\\\\\\\\\\\\\\\\\\\\\\\\\\\\\\\\\\\\\\\\\\\\\\\\\\\\\\\",\\\\\\\\\\\\\\\\\\\\\\\\\\\\\\\\\\\\\\\\\\\\\\\\\\\\\\\\\\\\\\\"ethernetRunnable\\\\\\\\\\\\\\\\\\\\\\\\\\\\\\\\\\\\\\\\\\\\\\\\\\\\\\\\\\\\\\\":\\\\\\\\\\\\\\\\\\\\\\\\\\\\\\\\\\\\\\\\\\\\\\\\\\\\\\\\\\\\\\\"\\\\\\\\\\\\\\\\\\\\\\\\\\\\\\\\\\\\\\\\\\\\\\\\\\\\\\\\\\\\\\\",\\\\\\\\\\\\\\\\\\\\\\\\\\\\\\\\\\\\\\\\\\\\\\\\\\\\\\\\\\\\\\\"spareRouterPort\\\\\\\\\\\\\\\\\\\\\\\\\\\\\\\\\\\\\\\\\\\\\\\\\\\\\\\\\\\\\\\":\\\\\\\\\\\\\\\\\\\\\\\\\\\\\\\\\\\\\\\\\\\\\\\\\\\\\\\\\\\\\\\"\\\\\\\\\\\\\\\\\\\\\\\\\\\\\\\\\\\\\\\\\\\\\\\\\\\\\\\\\\\\\\\",\\\\\\\\\\\\\\\\\\\\\\\\\\\\\\\\\\\\\\\\\\\\\\\\\\\\\\\\\\\\\\\"wifiName\\\\\\\\\\\\\\\\\\\\\\\\\\\\\\\\\\\\\\\\\\\\\\\\\\\\\\\\\\\\\\\":\\\\\\\\\\\\\\\\\\\\\\\\\\\\\\\\\\\\\\\\\\\\\\\\\\\\\\\\\\\\\\\"\\\\\\\\\\\\\\\\\\\\\\\\\\\\\\\\\\\\\\\\\\\\\\\\\\\\\\\\\\\\\\\",\\\\\\\\\\\\\\\\\\\\\\\\\\\\\\\\\\\\\\\\\\\\\\\\\\\\\\\\\\\\\\\"wifiPassword\\\\\\\\\\\\\\\\\\\\\\\\\\\\\\\\\\\\\\\\\\\\\\\\\\\\\\\\\\\\\\\":\\\\\\\\\\\\\\\\\\\\\\\\\\\\\\\\\\\\\\\\\\\\\\\\\\\\\\\\\\\\\\\"\\\\\\\\\\\\\\\\\\\\\\\\\\\\\\\\\\\\\\\\\\\\\\\\\\\\\\\\\\\\\\\",\\\\\\\\\\\\\\\\\\\\\\\\\\\\\\\\\\\\\\\\\\\\\\\\\\\\\\\\\\\\\\\"distanceToEthernetPort\\\\\\\\\\\\\\\\\\\\\\\\\\\\\\\\\\\\\\\\\\\\\\\\\\\\\\\\\\\\\\\":\\\\\\\\\\\\\\\\\\\\\\\\\\\\\\\\\\\\\\\\\\\\\\\\\\\\\\\\\\\\\\\"\\\\\\\\\\\\\\\\\\\\\\\\\\\\\\\\\\\\\\\\\\\\\\\\\\\\\\\\\\\\\\\"},\\\\\\\\\\\\\\\\\\\\\\\\\\\\\\\\\\\\\\\\\\\\\\\\\\\\\\\\\\\\\\\"existingSystem\\\\\\\\\\\\\\\\\\\\\\\\\\\\\\\\\\\\\\\\\\\\\\\\\\\\\\\\\\\\\\\":{\\\\\\\\\\\\\\\\\\\\\\\\\\\\\\\\\\\\\\\\\\\\\\\\\\\\\\\\\\\\\\\"existingSolar\\\\\\\\\\\\\\\\\\\\\\\\\\\\\\\\\\\\\\\\\\\\\\\\\\\\\\\\\\\\\\\":\\\\\\\\\\\\\\\\\\\\\\\\\\\\\\\\\\\\\\\\\\\\\\\\\\\\\\\\\\\\\\\"\\\\\\\\\\\\\\\\\\\\\\\\\\\\\\\\\\\\\\\\\\\\\\\\\\\\\\\\\\\\\\\",\\\\\\\\\\\\\\\\\\\\\\\\\\\\\\\\\\\\\\\\\\\\\\\\\\\\\\\\\\\\\\\"existingBattery\\\\\\\\\\\\\\\\\\\\\\\\\\\\\\\\\\\\\\\\\\\\\\\\\\\\\\\\\\\\\\\":\\\\\\\\\\\\\\\\\\\\\\\\\\\\\\\\\\\\\\\\\\\\\\\\\\\\\\\\\\\\\\\"\\\\\\\\\\\\\\\\\\\\\\\\\\\\\\\\\\\\\\\\\\\\\\\\\\\\\\\\\\\\\\\"},\\\\\\\\\\\\\\\\\\\\\\\\\\\\\\\\\\\\\\\\\\\\\\\\\\\\\\\\\\\\\\\"roofProfile\\\\\\\\\\\\\\\\\\\\\\\\\\\\\\\\\\\\\\\\\\\\\\\\\\\\\\\\\\\\\\\":{\\\\\\\\\\\\\\\\\\\\\\\\\\\\\\\\\\\\\\\\\\\\\\\\\\\\\\\\\\\\\\\"roofHeightMeters\\\\\\\\\\\\\\\\\\\\\\\\\\\\\\\\\\\\\\\\\\\\\\\\\\\\\\\\\\\\\\\":\\\\\\\\\\\\\\\\\\\\\\\\\\\\\\\\\\\\\\\\\\\\\\\\\\\\\\\\\\\\\\\"\\\\\\\\\\\\\\\\\\\\\\\\\\\\\\\\\\\\\\\\\\\\\\\\\\\\\\\\\\\\\\\",\\\\\\\\\\\\\\\\\\\\\\\\\\\\\\\\\\\\\\\\\\\\\\\\\\\\\\\\\\\\\\\"safeAccess\\\\\\\\\\\\\\\\\\\\\\\\\\\\\\\\\\\\\\\\\\\\\\\\\\\\\\\\\\\\\\\":\\\\\\\\\\\\\\\\\\\\\\\\\\\\\\\\\\\\\\\\\\\\\\\\\\\\\\\\\\\\\\\"\\\\\\\\\\\\\\\\\\\\\\\\\\\\\\\\\\\\\\\\\\\\\\\\\\\\\\\\\\\\\\\",\\\\\\\\\\\\\\\\\\\\\\\\\\\\\\\\\\\\\\\\\\\\\\\\\\\\\\\\\\\\\\\"accessMethod\\\\\\\\\\\\\\\\\\\\\\\\\\\\\\\\\\\\\\\\\\\\\\\\\\\\\\\\\\\\\\\":\\\\\\\\\\\\\\\\\\\\\\\\\\\\\\\\\\\\\\\\\\\\\\\\\\\\\\\\\\\\\\\"\\\\\\\\\\\\\\\\\\\\\\\\\\\\\\\\\\\\\\\\\\\\\\\\\\\\\\\\\\\\\\\",\\\\\\\\\\\\\\\\\\\\\\\\\\\\\\\\\\\\\\\\\\\\\\\\\\\\\\\\\\\\\\\"panelCarryMethod\\\\\\\\\\\\\\\\\\\\\\\\\\\\\\\\\\\\\\\\\\\\\\\\\\\\\\\\\\\\\\\":\\\\\\\\\\\\\\\\\\\\\\\\\\\\\\\\\\\\\\\\\\\\\\\\\\\\\\\\\\\\\\\"\\\\\\\\\\\\\\\\\\\\\\\\\\\\\\\\\\\\\\\\\\\\\\\\\\\\\\\\\\\\\\\",\\\\\\\\\\\\\\\\\\\\\\\\\\\\\\\\\\\\\\\\\\\\\\\\\\\\\\\\\\\\\\\"edgeProtectionRequired\\\\\\\\\\\\\\\\\\\\\\\\\\\\\\\\\\\\\\\\\\\\\\\\\\\\\\\\\\\\\\\":\\\\\\\\\\\\\\\\\\\\\\\\\\\\\\\\\\\\\\\\\\\\\\\\\\\\\\\\\\\\\\\"\\\\\\\\\\\\\\\\\\\\\\\\\\\\\\\\\\\\\\\\\\\\\\\\\\\\\\\\\\\\\\\",\\\\\\\\\\\\\\\\\\\\\\\\\\\\\\\\\\\\\\\\\\\\\\\\\\\\\\\\\\\\\\\"edgeProtectionAvailable\\\\\\\\\\\\\\\\\\\\\\\\\\\\\\\\\\\\\\\\\\\\\\\\\\\\\\\\\\\\\\\":\\\\\\\\\\\\\\\\\\\\\\\\\\\\\\\\\\\\\\\\\\\\\\\\\\\\\\\\\\\\\\\"\\\\\\\\\\\\\\\\\\\\\\\\\\\\\\\\\\\\\\\\\\\\\\\\\\\\\\\\\\\\\\\",\\\\\\\\\\\\\\\\\\\\\\\\\\\\\\\\\\\\\\\\\\\\\\\\\\\\\\\\\\\\\\\"edgeProtectionMeters\\\\\\\\\\\\\\\\\\\\\\\\\\\\\\\\\\\\\\\\\\\\\\\\\\\\\\\\\\\\\\\":\\\\\\\\\\\\\\\\\\\\\\\\\\\\\\\\\\\\\\\\\\\\\\\\\\\\\\\\\\\\\\\"\\\\\\\\\\\\\\\\\\\\\\\\\\\\\\\\\\\\\\\\\\\\\\\\\\\\\\\\\\\\\\\",\\\\\\\\\\\\\\\\\\\\\\\\\\\\\\\\\\\\\\\\\\\\\\\\\\\\\\\\\\\\\\\"roofMaterial\\\\\\\\\\\\\\\\\\\\\\\\\\\\\\\\\\\\\\\\\\\\\\\\\\\\\\\\\\\\\\\":\\\\\\\\\\\\\\\\\\\\\\\\\\\\\\\\\\\\\\\\\\\\\\\\\\\\\\\\\\\\\\\"\\\\\\\\\\\\\\\\\\\\\\\\\\\\\\\\\\\\\\\\\\\\\\\\\\\\\\\\\\\\\\\",\\\\\\\\\\\\\\\\\\\\\\\\\\\\\\\\\\\\\\\\\\\\\\\\\\\\\\\\\\\\\\\"roofConditionOK\\\\\\\\\\\\\\\\\\\\\\\\\\\\\\\\\\\\\\\\\\\\\\\\\\\\\\\\\\\\\\\":\\\\\\\\\\\\\\\\\\\\\\\\\\\\\\\\\\\\\\\\\\\\\\\\\\\\\\\\\\\\\\\"\\\\\\\\\\\\\\\\\\\\\\\\\\\\\\\\\\\\\\\\\\\\\\\\\\\\\\\\\\\\\\\",\\\\\\\\\\\\\\\\\\\\\\\\\\\\\\\\\\\\\\\\\\\\\\\\\\\\\\\\\\\\\\\"section1Pitch\\\\\\\\\\\\\\\\\\\\\\\\\\\\\\\\\\\\\\\\\\\\\\\\\\\\\\\\\\\\\\\":\\\\\\\\\\\\\\\\\\\\\\\\\\\\\\\\\\\\\\\\\\\\\\\\\\\\\\\\\\\\\\\"\\\\\\\\\\\\\\\\\\\\\\\\\\\\\\\\\\\\\\\\\\\\\\\\\\\\\\\\\\\\\\\",\\\\\\\\\\\\\\\\\\\\\\\\\\\\\\\\\\\\\\\\\\\\\\\\\\\\\\\\\\\\\\\"section2Pitch\\\\\\\\\\\\\\\\\\\\\\\\\\\\\\\\\\\\\\\\\\\\\\\\\\\\\\\\\\\\\\\":\\\\\\\\\\\\\\\\\\\\\\\\\\\\\\\\\\\\\\\\\\\\\\\\\\\\\\\\\\\\\\\"\\\\\\\\\\\\\\\\\\\\\\\\\\\\\\\\\\\\\\\\\\\\\\\\\\\\\\\\\\\\\\\",\\\\\\\\\\\\\\\\\\\\\\\\\\\\\\\\\\\\\\\\\\\\\\\\\\\\\\\\\\\\\\\"section3Pitch\\\\\\\\\\\\\\\\\\\\\\\\\\\\\\\\\\\\\\\\\\\\\\\\\\\\\\\\\\\\\\\":\\\\\\\\\\\\\\\\\\\\\\\\\\\\\\\\\\\\\\\\\\\\\\\\\\\\\\\\\\\\\\\"\\\\\\\\\\\\\\\\\\\\\\\\\\\\\\\\\\\\\\\\\\\\\\\\\\\\\\\\\\\\\\\",\\\\\\\\\\\\\\\\\\\\\\\\\\\\\\\\\\\\\\\\\\\\\\\\\\\\\\\\\\\\\\\"anchorPoints\\\\\\\\\\\\\\\\\\\\\\\\\\\\\\\\\\\\\\\\\\\\\\\\\\\\\\\\\\\\\\\":\\\\\\\\\\\\\\\\\\\\\\\\\\\\\\\\\\\\\\\\\\\\\\\\\\\\\\\\\\\\\\\"\\\\\\\\\\\\\\\\\\\\\\\\\\\\\\\\\\\\\\\\\\\\\\\\\\\\\\\\\\\\\\\",\\\\\\\\\\\\\\\\\\\\\\\\\\\\\\\\\\\\\\\\\\\\\\\\\\\\\\\\\\\\\\\"skylights\\\\\\\\\\\\\\\\\\\\\\\\\\\\\\\\\\\\\\\\\\\\\\\\\\\\\\\\\\\\\\\":\\\\\\\\\\\\\\\\\\\\\\\\\\\\\\\\\\\\\\\\\\\\\\\\\\\\\\\\\\\\\\\"\\\\\\\\\\\\\\\\\\\\\\\\\\\\\\\\\\\\\\\\\\\\\\\\\\\\\\\\\\\\\\\",\\\\\\\\\\\\\\\\\\\\\\\\\\\\\\\\\\\\\\\\\\\\\\\\\\\\\\\\\\\\\\\"designFits\\\\\\\\\\\\\\\\\\\\\\\\\\\\\\\\\\\\\\\\\\\\\\\\\\\\\\\\\\\\\\\":\\\\\\\\\\\\\\\\\\\\\\\\\\\\\\\\\\\\\\\\\\\\\\\\\\\\\\\\\\\\\\\"\\\\\\\\\\\\\\\\\\\\\\\\\\\\\\\\\\\\\\\\\\\\\\\\\\\\\\\\\\\\\\\",\\\\\\\\\\\\\\\\\\\\\\\\\\\\\\\\\\\\\\\\\\\\\\\\\\\\\\\\\\\\\\\"tiltsRequired\\\\\\\\\\\\\\\\\\\\\\\\\\\\\\\\\\\\\\\\\\\\\\\\\\\\\\\\\\\\\\\":\\\\\\\\\\\\\\\\\\\\\\\\\\\\\\\\\\\\\\\\\\\\\\\\\\\\\\\\\\\\\\\"\\\\\\\\\\\\\\\\\\\\\\\\\\\\\\\\\\\\\\\\\\\\\\\\\\\\\\\\\\\\\\\",\\\\\\\\\\\\\\\\\\\\\\\\\\\\\\\\\\\\\\\\\\\\\\\\\\\\\\\\\\\\\\\"tiltAngle\\\\\\\\\\\\\\\\\\\\\\\\\\\\\\\\\\\\\\\\\\\\\\\\\\\\\\\\\\\\\\\":\\\\\\\\\\\\\\\\\\\\\\\\\\\\\\\\\\\\\\\\\\\\\\\\\\\\\\\\\\\\\\\"\\\\\\\\\\\\\\\\\\\\\\\\\\\\\\\\\\\\\\\\\\\\\\\\\\\\\\\\\\\\\\\",\\\\\\\\\\\\\\\\\\\\\\\\\\\\\\\\\\\\\\\\\\\\\\\\\\\\\\\\\\\\\\\"spareTilesAvailable\\\\\\\\\\\\\\\\\\\\\\\\\\\\\\\\\\\\\\\\\\\\\\\\\\\\\\\\\\\\\\\":\\\\\\\\\\\\\\\\\\\\\\\\\\\\\\\\\\\\\\\\\\\\\\\\\\\\\\\\\\\\\\\"\\\\\\\\\\\\\\\\\\\\\\\\\\\\\\\\\\\\\\\\\\\\\\\\\\\\\\\\\\\\\\\",\\\\\\\\\\\\\\\\\\\\\\\\\\\\\\\\\\\\\\\\\\\\\\\\\\\\\\\\\\\\\\\"structureForModules\\\\\\\\\\\\\\\\\\\\\\\\\\\\\\\\\\\\\\\\\\\\\\\\\\\\\\\\\\\\\\\":\\\\\\\\\\\\\\\\\\\\\\\\\\\\\\\\\\\\\\\\\\\\\\\\\\\\\\\\\\\\\\\"\\\\\\\\\\\\\\\\\\\\\\\\\\\\\\\\\\\\\\\\\\\\\\\\\\\\\\\\\\\\\\\",\\\\\\\\\\\\\\\\\\\\\\\\\\\\\\\\\\\\\\\\\\\\\\\\\\\\\\\\\\\\\\\"shadingIssues\\\\\\\\\\\\\\\\\\\\\\\\\\\\\\\\\\\\\\\\\\\\\\\\\\\\\\\\\\\\\\\":\\\\\\\\\\\\\\\\\\\\\\\\\\\\\\\\\\\\\\\\\\\\\\\\\\\\\\\\\\\\\\\"\\\\\\\\\\\\\\\\\\\\\\\\\\\\\\\\\\\\\\\\\\\\\\\\\\\\\\\\\\\\\\\",\\\\\\\\\\\\\\\\\\\\\\\\\\\\\\\\\\\\\\\\\\\\\\\\\\\\\\\\\\\\\\\"dcCableRunMeters\\\\\\\\\\\\\\\\\\\\\\\\\\\\\\\\\\\\\\\\\\\\\\\\\\\\\\\\\\\\\\\":\\\\\\\\\\\\\\\\\\\\\\\\\\\\\\\\\\\\\\\\\\\\\\\\\\\\\\\\\\\\\\\"\\\\\\\\\\\\\\\\\\\\\\\\\\\\\\\\\\\\\\\\\\\\\\\\\\\\\\\\\\\\\\\",\\\\\\\\\\\\\\\\\\\\\\\\\\\\\\\\\\\\\\\\\\\\\\\\\\\\\\\\\\\\\\\"dcConduitMeters\\\\\\\\\\\\\\\\\\\\\\\\\\\\\\\\\\\\\\\\\\\\\\\\\\\\\\\\\\\\\\\":\\\\\\\\\\\\\\\\\\\\\\\\\\\\\\\\\\\\\\\\\\\\\\\\\\\\\\\\\\\\\\\"\\\\\\\\\\\\\\\\\\\\\\\\\\\\\\\\\\\\\\\\\\\\\\\\\\\\\\\\\\\\\\\",\\\\\\\\\\\\\\\\\\\\\\\\\\\\\\\\\\\\\\\\\\\\\\\\\\\\\\\\\\\\\\\"edgeProtectionPhoto\\\\\\\\\\\\\\\\\\\\\\\\\\\\\\\\\\\\\\\\\\\\\\\\\\\\\\\\\\\\\\\":null,\\\\\\\\\\\\\\\\\\\\\\\\\\\\\\\\\\\\\\\\\\\\\\\\\\\\\\\\\\\\\\\"section1Photo\\\\\\\\\\\\\\\\\\\\\\\\\\\\\\\\\\\\\\\\\\\\\\\\\\\\\\\\\\\\\\\":null,\\\\\\\\\\\\\\\\\\\\\\\\\\\\\\\\\\\\\\\\\\\\\\\\\\\\\\\\\\\\\\\"section2Photo\\\\\\\\\\\\\\\\\\\\\\\\\\\\\\\\\\\\\\\\\\\\\\\\\\\\\\\\\\\\\\\":null,\\\\\\\\\\\\\\\\\\\\\\\\\\\\\\\\\\\\\\\\\\\\\\\\\\\\\\\\\\\\\\\"section3Photo\\\\\\\\\\\\\\\\\\\\\\\\\\\\\\\\\\\\\\\\\\\\\\\\\\\\\\\\\\\\\\\":null},\\\\\\\\\\\\\\\\\\\\\\\\\\\\\\\\\\\\\\\\\\\\\\\\\\\\\\\\\\\\\\\"mudMap\\\\\\\\\\\\\\\\\\\\\\\\\\\\\\\\\\\\\\\\\\\\\\\\\\\\\\\\\\\\\\\":{\\\\\\\\\\\\\\\\\\\\\\\\\\\\\\\\\\\\\\\\\\\\\\\\\\\\\\\\\\\\\\\"accessNotes\\\\\\\\\\\\\\\\\\\\\\\\\\\\\\\\\\\\\\\\\\\\\\\\\\\\\\\\\\\\\\\":\\\\\\\\\\\\\\\\\\\\\\\\\\\\\\\\\\\\\\\\\\\\\\\\\\\\\\\\\\\\\\\"\\\\\\\\\\\\\\\\\\\\\\\\\\\\\\\\\\\\\\\\\\\\\\\\\\\\\\\\\\\\\\\",\\\\\\\\\\\\\\\\\\\\\\\\\\\\\\\\\\\\\\\\\\\\\\\\\\\\\\\\\\\\\\\"mapPhoto\\\\\\\\\\\\\\\\\\\\\\\\\\\\\\\\\\\\\\\\\\\\\\\\\\\\\\\\\\\\\\\":null},\\\\\\\\\\\\\\\\\\\\\\\\\\\\\\\\\\\\\\\\\\\\\\\\\\\\\\\\\\\\\\\"shading\\\\\\\\\\\\\\\\\\\\\\\\\\\\\\\\\\\\\\\\\\\\\\\\\\\\\\\\\\\\\\\":{\\\\\\\\\\\\\\\\\\\\\\\\\\\\\\\\\\\\\\\\\\\\\\\\\\\\\\\\\\\\\\\"sources\\\\\\\\\\\\\\\\\\\\\\\\\\\\\\\\\\\\\\\\\\\\\\\\\\\\\\\\\\\\\\\":[],\\\\\\\\\\\\\\\\\\\\\\\\\\\\\\\\\\\\\\\\\\\\\\\\\\\\\\\\\\\\\\\"other\\\\\\\\\\\\\\\\\\\\\\\\\\\\\\\\\\\\\\\\\\\\\\\\\\\\\\\\\\\\\\\":\\\\\\\\\\\\\\\\\\\\\\\\\\\\\\\\\\\\\\\\\\\\\\\\\\\\\\\\\\\\\\\"\\\\\\\\\\\\\\\\\\\\\\\\\\\\\\\\\\\\\\\\\\\\\\\\\\\\\\\\\\\\\\\"},\\\\\\\\\\\\\\\\\\\\\\\\\\\\\\\\\\\\\\\\\\\\\\\\\\\\\\\\\\\\\\\"electrical\\\\\\\\\\\\\\\\\\\\\\\\\\\\\\\\\\\\\\\\\\\\\\\\\\\\\\\\\\\\\\\":{\\\\\\\\\\\\\\\\\\\\\\\\\\\\\\\\\\\\\\\\\\\\\\\\\\\\\\\\\\\\\\\"hazards\\\\\\\\\\\\\\\\\\\\\\\\\\\\\\\\\\\\\\\\\\\\\\\\\\\\\\\\\\\\\\\":[],\\\\\\\\\\\\\\\\\\\\\\\\\\\\\\\\\\\\\\\\\\\\\\\\\\\\\\\\\\\\\\\"other\\\\\\\\\\\\\\\\\\\\\\\\\\\\\\\\\\\\\\\\\\\\\\\\\\\\\\\\\\\\\\\":\\\\\\\\\\\\\\\\\\\\\\\\\\\\\\\\\\\\\\\\\\\\\\\\\\\\\\\\\\\\\\\"\\\\\\\\\\\\\\\\\\\\\\\\\\\\\\\\\\\\\\\\\\\\\\\\\\\\\\\\\\\\\\\",\\\\\\\\\\\\\\\\\\\\\\\\\\\\\\\\\\\\\\\\\\\\\\\\\\\\\\\\\\\\\\\"notes\\\\\\\\\\\\\\\\\\\\\\\\\\\\\\\\\\\\\\\\\\\\\\\\\\\\\\\\\\\\\\\":\\\\\\\\\\\\\\\\\\\\\\\\\\\\\\\\\\\\\\\\\\\\\\\\\\\\\\\\\\\\\\\"\\\\\\\\\\\\\\\\\\\\\\\\\\\\\\\\\\\\\\\\\\\\\\\\\\\\\\\\\\\\\\\"},\\\\\\\\\\\\\\\\\\\\\\\\\\\\\\\\\\\\\\\\\\\\\\\\\\\\\\\\\\\\\\\"recommendations\\\\\\\\\\\\\\\\\\\\\\\\\\\\\\\\\\\\\\\\\\\\\\\\\\\\\\\\\\\\\\\":{\\\\\\\\\\\\\\\\\\\\\\\\\\\\\\\\\\\\\\\\\\\\\\\\\\\\\\\\\\\\\\\"count\\\\\\\\\\\\\\\\\\\\\\\\\\\\\\\\\\\\\\\\\\\\\\\\\\\\\\\\\\\\\\\":0,\\\\\\\\\\\\\\\\\\\\\\\\\\\\\\\\\\\\\\\\\\\\\\\\\\\\\\\\\\\\\\\"summary\\\\\\\\\\\\\\\\\\\\\\\\\\\\\\\\\\\\\\\\\\\\\\\\\\\\\\\\\\\\\\\":\\\\\\\\\\\\\\\\\\\\\\\\\\\\\\\\\\\\\\\\\\\\\\\\\\\\\\\\\\\\\\\"\\\\\\\\\\\\\\\\\\\\\\\\\\\\\\\\\\\\\\\\\\\\\\\\\\\\\\\\\\\\\\\",\\\\\\\\\\\\\\\\\\\\\\\\\\\\\\\\\\\\\\\\\\\\\\\\\\\\\\\\\\\\\\\"items\\\\\\\\\\\\\\\\\\\\\\\\\\\\\\\\\\\\\\\\\\\\\\\\\\\\\\\\\\\\\\\":[]}}\\\\\\\\\\\\\\\\\\\\\\\\\\\\\\\",\\\\\\\\\\\\\\\\\\\\\\\\\\\\\\\"template_key\\\\\\\\\\\\\\\\\\\\\\\\\\\\\\\":null,\\\\\\\\\\\\\\\\\\\\\\\\\\\\\\\"template_version\\\\\\\\\\\\\\\\\\\\\\\\\\\\\\\":null,\\\\\\\\\\\\\\\\\\\\\\\\\\\\\\\"created_at\\\\\\\\\\\\\\\\\\\\\\\\\\\\\\\":\\\\\\\\\\\\\\\\\\\\\\\\\\\\\\\"2026-02-22T17:42:34.000Z\\\\\\\\\\\\\\\\\\\\\\\\\\\\\\\",\\\\\\\\\\\\\\\\\\\\\\\\\\\\\\\"updated_at\\\\\\\\\\\\\\\\\\\\\\\\\\\\\\\":null,\\\\\\\\\\\\\\\\\\\\\\\\\\\\\\\"jobDetails.licenseSelfie\\\\\\\\\\\\\\\\\\\\\\\\\\\\\\\":{\\\\\\\\\\\\\\\\\\\\\\\\\\\\\\\"filename\\\\\\\\\\\\\\\\\\\\\\\\\\\\\\\":\\\\\\\\\\\\\\\\\\\\\\\\\\\\\\\"1771808864857-south-melb.jpg\\\\\\\\\\\\\\\\\\\\\\\\\\\\\\\",\\\\\\\\\\\\\\\\\\\\\\\\\\\\\\\"storage_url\\\\\\\\\\\\\\\\\\\\\\\\\\\\\\\":\\\\\\\\\\\\\\\\\\\\\\\\\\\\\\\"/uploads/lead-1/site-inspection/jobDetails-licenseSelfie/1771808864857-south-melb.jpg\\\\\\\\\\\\\\\\\\\\\\\\\\\\\\\",\\\\\\\\\\\\\\\\\\\\\\\\\\\\\\\"preview_data_url\\\\\\\\\\\\\\\\\\\\\\\\\\\\\\\":\\\\\\\\\\\\\\\\\\\\\\\\\\\\\\\"data:image/jpeg;base64,/9j/4AAQSkZJRgABAQEBLAEsAAD/4QCqRXhpZgAASUkqAAgAAAADAA4BAgBgAAAAMgAAABoBBQABAAAAkgAAABsBBQABAAAAmgAAAAAAAABXYXJtIG1vcm5pbmcgbGlnaHQgb24gaGlnaC1yaXNlIHRvd2VycyBpbiBNZWxib3VybmUgQ0JEIGFib3ZlIFByaW5jZXMgYnJpZGdlIGFjcm9zcyBZYXJyYSByaXZlci4sAQAAAQAAACwBAAABAAAA/+EF2Gh0dHA6Ly9ucy5hZG9iZS5jb20veGFwLzEuMC8APD94cGFja2V0IGJlZ2luPSLvu78iIGlkPSJXNU0wTXBDZWhpSHpyZVN6TlRjemtjOWQiPz4KPHg6eG1wbWV0YSB4bWxuczp4PSJhZG9iZTpuczptZXRhLyI+Cgk8cmRmOlJERiB4bWxuczpyZGY9Imh0dHA6Ly93d3cudzMub3JnLzE5OTkvMDIvMjItcmRmLXN5bnRheC1ucyMiPgoJCTxyZGY6RGVzY3JpcHRpb24gcmRmOmFib3V0PSIiIHhtbG5zOnBob3Rvc2hvcD0iaHR0cDovL25zLmFkb2JlLmNvbS9waG90b3Nob3AvMS4wLyIgeG1sbnM6SXB0YzR4bXBDb3JlPSJodHRwOi8vaXB0Yy5vcmcvc3RkL0lwdGM0eG1wQ29yZS8xLjAveG1sbnMvIiAgIHhtbG5zOkdldHR5SW1hZ2VzR0lGVD0iaHR0cDovL3htcC5nZXR0eWltYWdlcy5jb20vZ2lmdC8xLjAvIiB4bWxuczpkYz0iaHR0cDovL3B1cmwub3JnL2RjL2VsZW1lbnRzLzEuMS8iIHhtbG5zOnBsdXM9Imh0dHA6Ly9ucy51c2VwbHVzLm9yZy9sZGYveG1wLzEuMC8iICB4bWxuczppcHRjRXh0PSJodHRwOi8vaXB0Yy5vcmcvc3RkL0lwdGM0eG1wRXh0LzIwMDgtMDItMjkvIiB4bWxuczp4bXBSaWdodHM9Imh0dHA6Ly9ucy5hZG9iZS5jb20veGFwLzEuMC9yaWdodHMvIiBwaG90b3Nob3A6Q3JlZGl0PSJHZXR0eSBJbWFnZXMvaVN0b2NrcGhvdG8iIEdldHR5SW1hZ2VzR0lGVDpBc3NldElEPSI4NzYwMjYyMjQiIHhtcFJpZ2h0czpXZWJTdGF0ZW1lbnQ9Imh0dHBzOi8vd3d3LmlzdG9ja3Bob3RvLmNvbS9sZWdhbC9saWNlbnNlLWFncmVlbWVudD91dG1fbWVkaXVtPW9yZ2FuaWMmYW1wO3V0bV9zb3VyY2U9Z29vZ2xlJmFtcDt1dG1fY2FtcGFpZ249aXB0Y3VybCIgcGx1czpEYXRhTWluaW5nPSJodHRwOi8vbnMudXNlcGx1cy5vcmcvbGRmL3ZvY2FiL0RNSS1QUk9ISUJJVEVELUVYQ0VQVFNFQVJDSEVOR0lORUlOREVYSU5HIiA+CjxkYzpjcmVhdG9yPjxyZGY6U2VxPjxyZGY6bGk+emV0dGVyPC9yZGY6bGk+PC9yZGY6U2VxPjwvZGM6Y3JlYXRvcj48ZGM6ZGVzY3JpcHRpb24+PHJkZjpBbHQ+PHJkZjpsaSB4bWw6bGFuZz0ieC1kZWZhdWx0Ij5XYXJtIG1vcm5pbmcgbGlnaHQgb24gaGlnaC1yaXNlIHRvd2VycyBpbiBNZWxib3VybmUgQ0JEIGFib3ZlIFByaW5jZXMgYnJpZGdlIGFjcm9zcyBZYXJyYSByaXZlci48L3JkZjpsaT48L3JkZjpBbHQ+PC9kYzpkZXNjcmlwdGlvbj4KPHBsdXM6TGljZW5zb3I+PHJkZjpTZXE+PHJkZjpsaSByZGY6cGFyc2VUeXBlPSdSZXNvdXJjZSc+PHBsdXM6TGljZW5zb3JVUkw+aHR0cHM6Ly93d3cuaXN0b2NrcGhvdG8uY29tL3Bob3RvL2xpY2Vuc2UtZ204NzYwMjYyMjQtP3V0bV9tZWRpdW09b3JnYW5pYyZhbXA7dXRtX3NvdXJjZT1nb29nbGUmYW1wO3V0bV9jYW1wYWlnbj1pcHRjdXJsPC9wbHVzOkxpY2Vuc29yVVJMPjwvcmRmOmxpPjwvcmRmOlNlcT48L3BsdXM6TGljZW5zb3I+CgkJPC9yZGY6RGVzY3JpcHRpb24+Cgk8L3JkZjpSREY+CjwveDp4bXBtZXRhPgo8P3hwYWNrZXQgZW5kPSJ3Ij8+Cv/tAKpQaG90b3Nob3AgMy4wADhCSU0EBAAAAAAAjRwCUAAGemV0dGVyHAJ4AGBXYXJtIG1vcm5pbmcgbGlnaHQgb24gaGlnaC1yaXNlIHRvd2VycyBpbiBNZWxib3VybmUgQ0JEIGFib3ZlIFByaW5jZXMgYnJpZGdlIGFjcm9zcyBZYXJyYSByaXZlci4cAm4AGEdldHR5IEltYWdlcy9pU3RvY2twaG90bwD/2wBDAAoHBwgHBgoICAgLCgoLDhgQDg0NDh0VFhEYIx8lJCIfIiEmKzcvJik0KSEiMEExNDk7Pj4+JS5ESUM8SDc9Pjv/2wBDAQoLCw4NDhwQEBw7KCIoOzs7Ozs7Ozs7Ozs7Ozs7Ozs7Ozs7Ozs7Ozs7Ozs7Ozs7Ozs7Ozs7Ozs7Ozs7Ozs7Ozv/wgARCAGlAmQDAREAAhEBAxEB/8QAGwAAAgMBAQEAAAAAAAAAAAAAAgMBBAUABgf/xAAaAQADAQEBAQAAAAAAAAAAAAAAAQIDBAUG/9oADAMBAAIQAxAAAAHvW8xdStqRmnwEiUzmilmqgABFIGNimS7EXZzt0VI1NcDk+QikSHTT5ZDESqSqVe4Rcg1zJarXA1PMBzzDQDUBaztdACJORnLTUmmaAaMZpyiAIJRDIA5cpvm2y4TgUMOWabEzTFoGsnu4l0ltKqJGDkk2TbYo5pk0SqESOARSlNsU+KdFOmuCQW1XuQDgsRdmKaggU1VuVXK6RotTVe5q6ZquRaBrmuagJQ2a5NibZq1noIqekSBIVc8EhAjVMlyEAqkyXYi5TW0abooWEg0xCQkIDO7ORFxT1y4Bcg0LGTTZu1lpYz0RS5M5ps1yOG2alDopiYhwC0ILaJN80aZo4FUltMDgIAaXUquU1K6mKSqkGiThhSNmuHYi3xTopVKAgQUlVKrmUGmSfCBnAaZJwEpummxUgScgDQhIcGf2ctLXGjrjzGTTFSqzU3INiruOz89DVFLsRbopFKUzlknAGHAlqQlOQYnKOHwC0DRpmANSA1INBSr3HANIHItQBqpQc1ICO1nb4p0uQVSobZJqSAk+FDDT5DFXIhkpsluiiThkChnBKJHi9/CDKumVe5IVmNBc16kWSg1VjPS3lq7O2xb4rkyTNPg5Cml0k0rEUxPgJOQJCmlUiTcm1EM4VTWEXEgLXJyEtA0SZywYaa2iTsxYiJN80DVbSBagQtQyQJMkcPhQM5bZo0yRKfBwQzgEWP38bYpNSm4o7YsTYqW54aWoHIrEXYz0sZaWM9GxVrO5TYnAxaEIEthBAQDU2S5CAkGBIVqlFyFJNwupYm2K4ctA1A3Q4YASDJfBAOmnS+BVKQVUrpLcyEhwQBJsVHLgOAkEq4OAkQHBm9nK+L4KeuWbvgm4NOQt5bHLz9sk0pESGzWjz9FzHaznbZo5fDAQMNHBDOABQwkzTNEMgJEDQspa5I0iGmphFFnpdpQEoYmpqANNia2ltGm+WaYsTUi1wC0LQslECkcgcuRygkzTlOAIfIkPOep5l3DeznoxUmppbY17gk3RejhuaMDs5KmuUBwMl3sd7eOtrLV8UxVKADgkOCAFi3MMVF22mJ8C2pCRGGdvlnb4EC89Dx220mTUjgBDg4QsEUMEXDNBDIICUSEMgQNBSlDZqGAIkyTJORkiU5Dg8T7fkMks53oYdFvLQ01tA0DLGd2s7y+jB82uow+vlRcMRYz1tY63cdruWhKiRKcAQAwGlua7KWWujtiyWacj4UgQLua+kU9cqSaou9tjoc+9vLQkxZAcKAIcCVSBo04AgJEhAEnDQMNC6UA2WSYhASmQyRANl8Hjfa8pNTKGItZaWI0s56Wc7lMpqGlNWYu1ndbTPG6+XM6Obhvz00MOi1loyKfFumiTgAaVUrpKTzMdtbo53S5HwSgGk3KrhdTzVeaVnoXZyQF3DbQw2ZNEMkAxbmA4BaJPgBoWoCR8Lg4OYAuC1F8maZpgKR8EoJOGVOjnob45vRgppNyxKzno2asZ6Sm6LfFynIEm1PI6uXP3wW5s5bafP0Oi3Z22aOWSfBDF1OUqq+f2a3dxs1zFrghnBIKqVXGSGXjtueL6bvU88fS4IApq1lrZzt82yXAJqQaJNifAISDJZDBoWhaVUg0yaNOAZLZNcAgSchwQytvhI+BVxR2xq6Z1NcgctmiVEmyabNFNNmpCGpCnrkDOSsZ66fN0WM9HRUp8HBmUvMzWj5nbfyq97vli0toKUhDXCyx4Wek657Xmd6MNrHVz3/S8+KmEGqZNOimzUhKcp8DJZD5EhwQC6QtcDE+AGhCUQOQKWafALUNeW9bynRdjO3To6alFXXOtpkm4r3nDODkSNk0ScChqGimpGU0c3Zy1tZa2stLMXyPJWq2Ot3j6SRsdWGhvjKIYmpq65i589c5OWtnbLa83uymtCNNnv4puOQScpsVFLJPgOa4JRwcEBwczg4JFAQwREnI5QScByBYFLheZ9Xywci54CTdOjJrmhEu4EAqeFASBKnRdnPUGlVItcglT89LGemhhu2LkPDUjw21fN7RDS6ufV6ucg4OAGkaR5jbLGi7Wme753bjXOtjro+hxTpnyZpsmzlkjhiBJsmuRDORwcENQ0LUMgUM4JTJM5fBAQAtGnDWB6HBDXBAQ1wcIWpDhry2ZrgLUMFzApGc0ybbNShdSukUuxnrcy1uZa8n4y5dhts+X6BEt6sb/AGcpyzTkOAReV6cMJVcuN7ze3G1jWw10u7knSM7HbL5+k5exrlpbYcq4UMKWSfJ81m1OSPY8vqvd2Ab5A1zODhQEpyOUHNSHBDQsraZKua2maLzFqRmnIGiVVDh9C73+bDXBAcEA+LbNEmaoKlF5ouOA5p8XYjTzE6RF2+Tp0cNbOuWh1c4NEnTy0qJ3srwe/jx6m5U7nn9mJvns8nRqdnMdzk8vVjZ3zL+ejBql2M61u/isXnAcmkPPdGOdNel8Tv0O/mjqxhrggOYIpCUzmpCA4Bakcpi0upEQ0k1CbgKnmoi6Hle1s+p45BKZJwKRkhdJVxwhahoXIs4GS2TfmsOkIsMtbM1v3nob4AJ0aeWz1phr8m+d6vmZ7Lae1ydOLc+i5d9Xoy7TPM5OrJy0XorOd1ypC1hpp9/De2xlPzk3iBZ7eQw9B5Pdd1gujKGua4BFDIDgZNSEBwcEpknKcohgNC0LUNDSz5rL8v2t72fn11MBKCVNTJMKmGuCGoa5kBwpTkfnMOiZoMtLaehcHtjmJ2+XpzbVcWpy70fV8usNuel/LXPuPSY1pu2XGbx9WNFq0mxFoK4LON6ffw39cpT8tnpjM1O3jJm95Pc7K39eEdGUBAha4OCRsmhDhQHBwVNczmjlmqKWQ+CBczGz2zvL9v1HsfPdUwzkDUrqRaYmKeQqHi67WVFtm/XKx1c8tcn5rPcYpMVdTrPMN+Qubq2fL9WWqG+c1nV9Pzk5bBpF/m3q7Y7vNtr6zOuefydOTjqrROloL4H51pd/Bf1x4fmsNsYer28bZrc8ztflZ9nOPRjAAmxqA4OCU+DgkJHwZnRzQHI4cptmmTTJps15Xn7E8fo+h7fLZvzWKnmCImQGIPLQWel/g63YaLtHJs+x5zLiU/KzoqWiavJgZBpzXuPvfw+hdWaKdPTPP9bzqzZOdTHXM0z2sL19pnSKPF15OOq9JbNVaQhby01e3i0NshDzWG+SnqbYFrnv+Z2ux0Z2c4dOOdjtj47aqVrbK5tlwcHBwSjh8CrmBA0DQtCLmiTma8p5/rdltp1nT0w9D0c9rXGtN2NMuDziaVdri6rXNs/DTmoa0vY849c6uWmCWtFVO8nCziue5ydzuPuvTAOsrfKr6vnVZubjXw1y9I1ktXWXNUuHrxstVaJ6dcCTfnep28WlrmOVeYnTLT0+jnnO9zj3tY6F28/nldXO1sENrl11/W8/g5HBwcEo4JbgIFDIAakGs+aLzO7AXYyav4XF8t/q5p7OZU7X+rikPP4dES73B1Mx1OGbQVNz2POpaxkYbpGtqsD0yMnacl3i9G15/o3lCmZW+dL1/MrxrGuezz65ekbErX0HNZvH042es2jl1WSnYzvW7OPT1yz+bfEVhU6UKt0Z7fB0Px0Ps5/I59AtMaEWvy663q+fIcPkcHBI+ALjmciA5i0eWz10eHrjPXK00XUbnD1J6uJ/PpXov9uOl3+bzXneXrbjpqc1p59l6Qyai4z+znfrlXjTP2zmnVCy0hFzTgt8XpWeHv0MkqjL3zz/AGvJRh0Dtlt822XtntQauiWFLj6sKzSea1VJWLQhaxu/jc7Z5uqip0sitotzi1sZUfVl5Q2Bpoga1+TXX9XgkIRwSHBw+ANc4DgkOAU8DO28+2J1Ra8v1VaTr8etD0vN1MNMyNdW3d9HzM7m3qY77sqxeed5vV3RBoilmbYgxOj3eDavrOD6XNYl1KVDbmtYdPofM7r2SXTy986fs+VXjTqi7hvna56Odeh0jIkRj0ZlqySls8tIB0WzG7OaTtMtq0iMbqaL1OBflEp8ttvVubEC7nX5ddn0eHmSHBwQEhwRpPMEUtQFCboxVRlE0t+Z6VfWNDl1Ls476XnzW9y9FqcreBIp6pbcZuOz9cs/eC0lnLqmstPLZiSNJzOvJFzYw2FDYdnLS3CgrzfpcruvjPm2djeN2416XJ7Hn913Jr6+fNVTed7HRFoBsivQymOa0XHFthelz9Imn6jNXqk4XmV10dIfCVc7XJpr+jxyzkQ1IcEj5A7xIVU83OxHGsCGYxeO93z+90NaqNua9jplbFvDa+YMlJt0umpzYac8aZXuToDt5q+W9W464qbYkHBdyu9hstKZICQsTWN2Yr6OfW4O53PpjelwuYjSdHm2t46eeudnl1rRZyreNZ3Zg3PSyptbxXz0zt88nu5rPLvoc+8qmpo6uSjZa5+i9z1l93Nt8Wu13cstcHBwSEIz+bcvS5VM81OhXGnndlC0/OUALS5evU5eila1eclqlTW2WkzpnU1yikeWrouzCr2M6OXJ2yytYkdmQBCOzndnDZG2TJbJZy97j2aqr7x1GLvlp5VM1ndvKttcGZJqcnQzLW1jo2HT350azkduF3n3vc2t3DSh1YVtDS59eTZRkdvLnb4+o8r0LXPfnfY4N7g33urm5nBwSiE8PLXE1n0+yVKnGqG+TcbBklZW5XqW56ej5t0a5N5N16StKNKr6inca8i4CjS7ndiWFIOvix9MwVGDopQk3NzDRmejKmlrFXXN+den4ukGYHXhuY6ee6sdjO6eNxFd044twacw7GGuly9MqZRldvPteftpctUegXU19Aloy1Y5tbU5ZfQpKDfOzhrW3z0+e9PfmVjYZ2m1LB0nJbTarbxXMdDl0RpGnx9OZ2Y7PB2P+g8uhyduXpHouXehrnd5ulW2VdD99E3SSYfMnOjl387uo8708rLyXZQpXIpAr/NtNSu0UVW2yFkNEns8vRZ80zO3PUx0ZlpQ7YXmVNx2WmR2cbbOw0fjo2GIpVHJp8aCizlT83W2K+lzvPYXR3zhu9lVbaLatgmIXKqXNnDRNB3FbSRpZ3Rln78trHRkVo8m9rG4dPzqt63BVeyNJsZtuuNnl6nN0tIb0ZK59qe2TFSZt0VairOmVCs7VKlUqcbPnlPbR2l0Yc1nWosw0WukhvV5dEc0Ei3pYYXU3ex57odix/RktM1bZjKUBBp47OiqnO9LkokEqsQ35LF9CT3E5UU0nRHc0u/m7TMAu822drF2Kt8fRm65Q1U6MoYSdWsWTe/5XU+Nc7q59nz96PSj3yrdUxeTlXPUTMhOHUaz6VyLszZChVdqRSqpuqa02V528yk6cNdKrpGFcWIqxNaYgVtkOZSU5gua47OO69ufrEFE5KoWAzsDm7Gg3jUEcbwOvWd0gWqTLOe/K1XlFZW0zcqHVnR87sinxeZ08F5pyctJi8DTn4GRUiOS3hQW43VWyUX2XWNRwGmgPPCuj9FNMTkJCQZNcAtMi5aXS4XDz6nyt5iIh+zjSJ0ll1RQWhubDiuPs+rteS0iitei7mnPVqYz667m5Nuvmp1J4dgLWrpz6hE1GU5tZ9as+gdOcKw0ZXXPJ5M7nO1uKWOp1ebqw21Jsp5a+P25AZANkkBZ1MG2oexs22osAwTEwTwRSz0M0acBycNMlgzoq9zb1N8V6xKCDOqcsFtEzbCwmYEAA0AAwJqRyKBsFI1NPAUzaYmsGNACRvFDKybWiRLKyCGbRAgdgSQ5NYWGpYQcHispdm6u0uzrR5NU6zndmYg5O9SGKnPTMuOZtzenUZkGbrOvj1vIuPMwUjQ0ilLsZa2sdF3FXbIhmFVrx+kSnAbKehNEJ8XUqbAVWA0QJabLFiQaFUGgpqAYCwICTWHClkpgBgQcmLUsMRgA+QbCETBAwkPOTLJbs2FAMMKW8Si9nqm83J0mSjhw1qA6Xn6RuRq/OsxrKqU0rOfTxF+o287vErqcha0ltoOEPnzLipS3YvRz2kHEy4cHD4OCsBAhqBkFULoUgtJ8Gay+HCzWtFOGqDVlN6fMrxdiphpYq001qaSmoTqgxzIS1iNAKR8Bj4khgKxFdQxNLJl8EjYkdQTNjn6sJqntjKd3Dsra8xzb40pb8u1z9e1ry2mqhVVaV1lk651KWzNehz38zPYIrRloPG3WUy2sEOFAzBImjSJo5TQ5lhpwFGlcTBrMZdlvBTMqo0pqQFrNa1po2CjKqZTvDWKAw1ICamSdmOitpzcxGg7Kk6Saawdlq5N95LJSqtZbVabY0VUOz1Rpkcs5qGFLsZa198NDfDdcg1hxWPrnUpbUXfz6BC8ZMakDQwTaFgkaAWwABrhGqJoxWE2NOQtVZSrBbHXCm00Eg0HMbLzwtAAAyjShy9VCIA/K9JqLETJAlBINCppidbR17XM5ynq5cfq5ktNjS3hum1pcvTKIaTSsY6kiGFLlqrtjA74anZx4SMfbOq16Ca0s7YJg7QUQzmZ1Ki2ua4cClOGpCUwc8w5oHHA6aOpshfC2K+mbm6mYQjLAiqyIaILU1KY1KGkNS1mcXbKetw9IMFgMCku5ZF0unnr7YQ22ardHNV1yhGxw9xzSri7jscvk6G2T8tGyEqZNDU19cwHYy0jp5s7s46NLg2Q24tMXkUsluteZK356g5RpjYy3NUus5RZy3RrjX0yt49MEhU6HL1I1y4VzDoCo5UnTFgX5dnXK5cO0gs6CbWzKqJZAGKyOzLQ589nq7LXT4e0kcAtBUq0gpdPp50bYiyUVujBNxA9bh7ZkbNGrKWDSLzbGnCVciDYpOkhUtaHXCKmq0U1apv5unP0UCTccJ0ao0xfnoLL3N1Q5rbYsjRdZjU1tc9Dl6WxouosZ1Yy0IF1KqT89aHTyi1d59xqYYYi0jQ0yjbKuDptiZCXSp1JhjZ0Uuxjtw13KdMgqeCATpAtA1wA0DUp3+fd+eoNKuWSxa4BZwcIlUpsa3lnN5Z9FBkxo5Wik/PVU0NSqpFpOmbM7dFvz0lNk0u4uc+5BW3wp6Tf5etsirmCTJZnpI6uuVjPSpviup0Obp4S7iGim9+sdH0eCu1RbrTYTRTWe41VfjNMYCU5CA5qGGnwcKU1sgOagIB8aMliEMZNQECbNlNQ0SpsVf25eUZ1urpAMONIVcDo0OW2LFhy6O+Gjy9MOX53xTYfAFIWqmudTfLW4u0XJTUORcvy1kFaZNi02qXRhf59YAhkEKtqstL0vO6lCIQodOioqBV5VTwSnAEjmGDBwECEBBVBJQEjtZaknKbo0lOAqa4ujR0XDDizH3oeZRkpWuAGWMtb3P0Qi3ltIrsVTa5VU2w4DmrGegOTCYt0XT3xXU0ujLX4PQXebocpy5KNA0zEl+elXXOtrnZzqxlqNQjSVtbmNa/seXwoCQ4OARgn87ThEhw5QQWwstwCwgFAlpIoCU7OehKuB+ekjEKumRqjl8ElHLr9fFWuQZKIHq8PY6NCiyTVrk3O3xVe0UiLQ1F3HVudq1zRpEzQiTaVpEzerx9NbXOHJJi1JNbSbOegkc3ax1DSOBVqB7MLT9TzJalnBwcEI4fzyaNHJyBIIdyk9hMAYoSFZJYCED6aZLkZTQgLFVEpkOAhp0aL35a1yLOCEa/D2MmymiGYumuQrSSiq952M9TEtkihMlRTSdcqW+PDt4ami1jrDKnRg6WxVwV7hioQBi2gqOD0CNXu4ZakJFw4DghHi5oUzAwhM2OpW6UDGbhpKSgShaABCZKmTQAtzwxAWpHwBUsmrF5IpA1wQq0OXpsZaPx05sQq74HFynAqmuTZuxlpW1zbFSnzBqSQqpYqYnV0h00tpFyScoIYNEg1TZqABzFT6Oo0urllqAkJDggJDyzaJCTMBCQs0rDBVEqABcpBaEy6yKocDZpTSaQi4cNcOAFogcLghqAZF6PH1Nz0VUBSVcnNI0g5vhDU28NV3NbXO5jsm4VcrqZTgJBsXIzl8ENEqXUOjQXIVLYo1UCClZFvaZXujnNzLOCQgIRzPNULl8AoOlIPpMHIwmiBdTXJ5NSdKXVTanyACvS5HDgOCAFqQhoAFnCOa0ebqZLVcNixaVUEOGcKrpD4uU4alPglHMgF1JzTZskzlwyUcOHLJtdQDl8aczkiZeFr7Y39+eA4RBLJCA4POawKawlEBzH0nAuNCmoqRciIRol15dOW9OE0ApoQEOGAczg4IJ5uEcHDsZ3wQHASfBAEmSa6lsW2LXc8EAyaXUi5CkyLbNSnDOFKcjgRJrqF3LouU4aINlzp6Z2tcZaIUhzICQ4PPb5yhMuWcBNMZyY56MVBUdU8JKcS68WtPkxlrBLSQEJHyCGScokQsgIHwimiHApVcEohnByYNGm/PQKUCCk6LBzDF1JzRJ8HBDOFKYOeHIl0iQaqBMC21tXGltjIpYKDa4cI5mB0ZQiAhAAxqWNmpiwGSCaNzya06ud15ZqhTNFdFRgCFsGpRI5A0QHBychKcp8HD4ORILpQHASZzUpw0LHRQtC0m5lBqoESqGoDgkAchSFo5o0+DmmudlrW0zNy1rgYwQhEszujEE0pk1CCZIMTiNOixaOogSk5HUmlwyTOaBNSK7SAhMRLpSmaIAGcAtSmyalMk5HwcgWQIKXI4DVHNSANMml1IVK6klXBAEnDQikYtcEgDUAxOUBSshsC1LgmjaMJaMRslrM1hQSAsIBQYcHD6L4QA5pQCmE0tNUV0USZIrhVGAnJ1XK2EAglrgJORtmuQLRJkmSYNQwGhFIEqJOQBok4AKldJ0VycNQENQwk+BdTASECFjE+CyF6psI06mQtNNqVA9qA//8QALhAAAgICAQMDBAEEAwEBAAAAAQIAAxESBBATIRQiMSAjMjNBBSQwNBVCQ0BE/9oACAEBAAEFAoZmZm0zMwNPmATWaQrCk1g6LB1YTUxfEzC/kNA0B6GaxuhaZmIwhmJj6D0HwYJoZ2zO14IxFhEx0x1xMTE1mIBFWfELdB0BxA3QmeYwniYExieJ8QdB0B+gr0xFmYp+gxmKzbM2iwdWMMxmFYlfkrgaxhNTMTH0ATM/kYgXyFjiFRBXCsxMfQB1zAMxQIeiiazWYmIIYJma5jrD0x1DwWxWBmvjzMzPTWazHRfHTHTMxmaCaQLjpt0MIgXxpAMQ9MQzEKwjpjoJ8TEXxEeZBmBk1mdow1wrjpiD6MT5mZ8zAg8dMdfiZ6YjeY/x0X6Q2Ils8GBRNIgjLmFcQTEx0HQwfWZmBpmZmIehxD01hWYms1mIIYIikxFwczMceG+vH0YgEH0fMx1zPmPXMEQGD4KwjpmAxbILJvA83mYOnzNYczJE90Xrnq2Zk9FXM1xNejNC026H4EMxAJj6Fm2JuYPM8xswiazSEf4B0z1xMfQohr6WDIgYzaEwp4x0zFcRWg8wQQdBD0xCsKwDoIOmJqJqIJmM+JvmYBjAQxRMeP56D6NZrDMwGL5jTSeBDD9Y/wAOJiAzImAYySwY66xRDRmOhX6FciJbFaKemeh+nEI6ZgaZ65muSRHOJviBxNsS2xtOO1jdMTExGE1MA6EZmsyBFaZhMPTEImPozAf8OJiLaYtmYGEwDGrBhoENUFWJjEqxLeOGlnHKTHVWxFsi2QPAZnpiY6Y6k9KT4zM9MdBmMgMtqhRhN8S5lNfEYLAQZiY6Y6npieJr9GJjpiaiECYmkwB0x0A65mZnqGIi3ERLoHzMAzSFJpmKk3lrA2VcZJdw1ltejQGK0VokBmeuPoIlmdaS88wZmZnpmZjQoI9ctX21+IrkRLoDn6MTWYxDCs8565mZtMw9czP1DpiY6NU69MwPiLbA8W2bgzx0M1zFbE2llFdku4hWYnxFeVvA+ZmA/Rjrb+ugopBzB1+YRDkQsZtN5afauSSIPES2K/0eYeuemOmJian6gIOgmJiY+krLuOGnpnjUuvQNBZBZNjO4RFsmw6ZMD4m6sLKhDW0xgrmV+J+UCwD6MQrOXsItbiurXSbTabTM2hmJyOT2ibWeK3j8prNIGIi2xbBNoDCRDMTXriYgExNZrMQzBMC9QZtM/V3QZss9sdAwPGjcUw1MvQWGdydwQWQXETvmd6bLNxO6MOFJxidxhEuiXAwMJn6OZc1VYyb9nMr8DWYMMwemel3LKs9m1k/h7tLBYRAMjSaTWAf5sTHXHTHTEA+jM2IguMHInqBBeJ3AY/mduGuY+jM3mMzQzQiYMBM8T5g8RWgsMV2gPTlclrWq/aw1pLMJxbGtGs1E0EauFDNTOQPvN+UP4Z2v/hfw64mPoxMfXn6M/wCDPXE1mJ5mTA82zNofPTx0xMdBAZsDCJgzE+Oi4i6xRMQy39tP7cfbKeeH9OsYS/8AdYOmBoo/usAqo9n046gzP/wZ6Z+jExMTE8TxPHXEUbHSazWY6jMGYFaYMK9BAwitA8MYZtT99fhLROL8eRNvp5I/uLJ/H/RR/dY9q/hicqxq53jBac8V2fp46YmPo5HK7LPzbmnGYmiHrj6M9cdM9O2Iao1ZEwZiYmomk7YnbnG901MxMTAmgnaiUzTz8TMKI0aiaEdBAYDP/Vvy41hIsbC8VpnoI3LCyvlFJXye5OQ+11vwB4x9uj/cA9qL7PAnMGY3StylfdaE7StiopYunV7a0nLsWyycX/W/j/DmZ+jWaTSaCGuGqGozRp5EZ9U4RwMrPbMAzQTQQJCIZqfpxMQQRyQ4mfCu2eHC0HRvz8Sj8bPysifD/r4v+yuIn4MMzk+BZmeZ/wCPSv8AHifp6c+xhbmAZGs436QeuJj/AB5memJiYmJrO3OYunG4vx25oZ5mTA0DTaZzNTNJrNZrNZrNZiag22DEo8ixVnFwsfm0pH/qTmV8q/Hy2Tmn8HHuuraV1tLcHicT/ZA9yD2YnKlgMxP/ABhlR9vE/T0/qP8Asfyo9uJxv0L+z/L5ncncm83m0z0x0/qLf29H6x56eJ4h1mBMQR7USW83IW2zC3uV9T7hahnjqP22yjyLPiyvY9sRVPcDALhGhqrL1ea2xnkPqKy5liulHDP91ZEP295yPMs8QT/x6VfhxP09P6gfv/yp9s4/6QPuHrsN+vmeemPoxMdMzadydyBptObYW5dL/Z4hL1nk1B8zMysyJ7ZyOU/c8mfErHsUYTHuiL9vSaT/ANrZR5FnwfnzONLPxwphqQBPkqO5ypR5l3+pxf8AYfxE/CciOZtGP2Mw+ZR+PC80dOf+/wDlFOk4x+yD9wnpzCQmTn1aIKuQtn+HUTUTQTSaTWazBhOo27jKe3UlxpRAJxyTVKX3q8TVZePv4iV+ah9v4mMzWIcJuYeQO4D926UDIs+PiEzjmWfH8t+tPicz448v/wBPh/7XJ/Cn9M5HiPMz/wAelX48H9HT+ofv7bGdtkUTjD7IH3DH5VuRYzFhFAzx8/4sCYmJiYniXcpamts+1xlylyDtabReLpKholrYp4uexnpyD92f+yLqj9P+22F5pxSoM7qo73bAWBC3JUhbVZiJxZdP5f8AWvx/PMnHMu/0uH/tcj8Kf0zl5wxYzRsYIpmJX8cEfYnIOEY5in7lvmY88f8AV/3Ms/NPyaD544/x+emY59igmzt6pyPZTx/0tkz+Gv1iO2nJs/tuH+GBNZyh96pNp2/aG3DYMyBAPPKy73OLagoh4zZNQWEfd0UqtY2MoYR/Kxv1ofB+eSPs0S3Ho+H/ALXIzpUccc8muXW7rY2Xz/ad0KnerE9SgnqXlL8h53r6K7Heyhon5PYJlGbjENV/3ln5r+TLAvnjjz/lf8aFyLbRQLbGccVfY2NhjW38FT7PM2FfF8M9qop5HIJYM1nHrUG0f26rqir7ej67kqTWS/I7ay2hNWrXcIQjoVrNricRma5hgRv11dOWPZQuDZZV6bj2Cq+3mrcK/wDVce+9tEJyTadMkr2ApK6zHu437OcN6Ka7Oxo5WkgPzz96o/c4H+vj3y0YsMceQJxzg/5W5VWKGVRyjveV9tHtStS1Pulitov6nbumt8DsbOB4I8VntmzkDSyz2dxaxbb3kHdje+MmRUv29sFuRWI9lMNhialBxOO0Xi1LDkyvJDfrZiGT4trDTtDQjB/nAE9SVpWozk47WnjTMQIlDnEcqZkbVcBBPRAm6rsxAcW/bv5RRjTg2cDxQWCu85P7ZZjYYnGP+Ou3e1uTlxY9g7IM9LsHGlpB1Ca8ejHZNigWU2Ow9ldCEKwUnJwpnIP2wWm2VZvFqEuUXSmpnHJs9NPXKGfng1d0Gb1Z2rLVKLCacKj6zv8Ajv8AtXl6zu7pai7hu2fArbVktr+//wAede1WRUoMt1pqN55E9F2wayJWvvatWTQZVKZbzq6TRzqt+QxtZ1tRSPK1AiulVZLRmyzVB/ULRLeY7tSDYpryO8AeK+w+s8og+qqlvLQVnuVjiftqX24WXfbp5LbNhhYWyEXWm8nXSfwiktdqAz6Tuie4yuwxGyNST7hMM0qfFfLdbXgUkACAeNfCWNU/qN68mdx8DktqOZbms71e0Sy2oSwItHqTZCOPs5pK4yjNm7k8gPFOIl7soBA8gK0sLC660TR2lVNiHzK7CZcvvHzUw28MLPbWcY1YHjD7P5VlRvwhhPpJwORzMj1twn9vCeID/bx+Tw+Oy8igz1dZLsLKimTb+ynJirmq+kmlmPcK4XjN3FvG68hdrFWHwQNYD7aPny0PiIMryKtX7QBVMjCNBUQdG1SrI7Oa146RgUsY+aQC36pdVtH+eSWficcYdlzX3DqWxFXWwghwC00lSHax9axZsiAPLPD0UTIx2WDpQMlHUN7loX3ouINIi5n2wwvqQVOSl1GbKBCwWd3x3TLmNi1q85N4VbqF7Iq7k21neBlb4VE+4tFQjKO4ilVZxY1nEQvWcnj4FD8l3BUh7M54Q+212tFjFShhfK7wN44+GY425VubKribbnbbJy+TQCDOMg3JQMLCF/KrbwXmYM5YHsIA68morKv1ntlsMG7LEkQWLLctbX4HxKyVdzh8O0rYLP8A9CusDHZc7YGQiiWgFOMM2fz3QL6d8a2Kl6H1NZBBdCEZAH5G0PJClb9j6lUlNwlllLHurSzOWfd3icV7A3HvrlCuFsVtgDYlAKKzAXcYtZEXFyWOK0FgV+QIv3qAy0PZQAvI9x2Clz4EBxKyc2bVtZ5PGXD8i4ivjva8V2j8t0fi2m3lAo1nIrC18Qgu9OQtLmGltgpAuzXSLMEncKQvGWwZ32srbxzapjBsOCye0DVtvcbQZxae4tvEaqV52wuAw12wgO0ODLSRdxmV2V8FtCrWdpe/7H5By9oUi5CENLBr/NN/GweXwxE5NIsa+nTuVid2vPdqmJWWRq2ayW2IsTklWLZHqWL2OkPJCT1IKi7NS2OVK6wsTQHEs7hWvm6iq2u91Rye3maWCBzs7u6GuwlO6A6WPSKXqb7ylqWNqnkVWa2huUli0ixhE5NqyvmXCztX2FUsZSOQSKb4i3Mr+pXj9nkGMnIrYHkiWjl7en5EdbxNLlR+NyNK6ORaO087dosFFjn0lpFXGtcnjMJ6UxOOxn/HMZ/xzGemJtbhaT0VeW4ihePwu+R/TgU/41c2cAV1U8dWnpqgnpa8rRxZbQAy8MdhuDofQfePGAaDMRjl2YnulilgSX2AwcsiNaXbbxVaQBbO8J3kneTF11fbOueIyrYl1YgtTBdSM17f+f8A3GZq3ZIMbOcHdgxYq2f6iSOPoZrEzvVZ7a0yPxtz4r8yzxxw2Uv/ACCHFhw+8uA07YIJynGP2jWWhXDooW4HWUkV2vmyFIq+5WCjuAQ4W677hIySPdxu2CLEFRtG9jI/HQATHghJWE7dg8Kyehd0Ztl9VcB3dZ8dPE1gOeqTXx/0Vp5wuTAMywBlalklX7FXM7fg1AztLt2Ro1IgqXu1INO2O3bWVDpaocXoHPIrTmd8A3OZ3GiWENVyXwOXZk81lA5pnrQCOYs9dWZ6uowc2qHk0merqjX0vByEneqMWypALazD2i24myzVA+VniaAP4niNXs3Qxayr/wAw+QlR7mPDQCPWTWi+2ZniK2AULTE9wnHGxsrVT0rgA0j2CkM7uU22XlKpKCxeWMGj/YcaVp3BNjNWMPaEFvEM8m5RiZ9tiC1XSto1AYWUbJy6Gs4+DmfxxfNdIO96tqBEGbnChaFQ18gVitVpIvrrCLxlw/HCpXxQV9NidnZxxpZUUUUGClo6W7Cm+du8RjcJnkTe6d2xYORdPUXT1Ns9TZj1Tz1bT1bT1jY9aZ6yLy56uHmYnrBPWLPWLEIE/wCxK7W4Wd8k3WBjP5sKQQsdCs1xPiazi39qco5lH70zPakt5+I99tnQV4HdFco/qHJBXm0s3mOiWyzilJtYJxjbc9o8NGnFft8ZeQuvqeM09RxoLONvmlhXXgXVF6xUyi7j7r6YYu4/srqwhrEqrbIVpclkC2wi2eTdg9BZvd7ZtXL7FKqayPbCAB+dvZzPTzsAR6k29Os9Ok9OsNFcFNbTsJF46NPRxvJmJgwAzWazUxlKuBD46Msx4iLs1zeeOo77FaRabbjq0VGJIFUZLSaqSzMG07bzjtZx6670sbzm3jK441etlnw0Mp/02IFD/sAicex4nBg4vHrneqA7zmffaFLMChXHpklddFo9LTGroW1uHQyji1AVV03K/EYsaCoFNjA03pd/cCd24S/VzW6kaKY1NZFdVfd7fHnapjUKVWu/uCu2dvkQjkiX2XJZx3sCd22d1p3BDW2O2S3agqEtrzO1iGvxiX/vBwSxaamdu1j6eyenAh1QsmZZopDeB85OFGI/7XzhlO4BIFJ7naOLK/bw+YdQI6hxZ8PD81f6Qt7iJxGY6UUzuOYEdiKK1NW2rLlQUrRuTx567ioD/VOPP+Urn/LVz/l6p/ytc/5SmL/UeNPXUTvUWrX2q0Lr3vkccXBCAYaKmjVccWdi0QVXVt3yIt9DTWpovDrFvp6p2K52BORRZK+PcF7N07V87d8w8VWI7U7K57KTs1w1U57dOdapa9KD1NInq6oOVXm7kbDuQuSV8zRnOp2FGxFWrmpVOqieNnBKgAwD7oVtrBmvj+2tHemDVls+HhnEUNx1dRO27zt6L8R+Vxqms/qyxv6lyGjX2vArEazxPeZie2DYw4mVnunsEDTNin1TiV8zkwf1SxZX/VBYU5lZLLRZYD1F1V9zcasDt3qfUXpPW1mLYrRz4JfDW3LD/UVWf8nRPVWROS5bvzvzvTvTuQMdtmnJ3aANpq81eW5zP5Q+1m9+DW769zPn27OdiPHR4x+43lrMFEZe0f1/caNVyAWD5CZXiIHoT4e+mk2/1Ro/Jtsmxi7NNdYbDDsxFJxpidu2yLQYKfL1tAsAUA1KSKligdtguwrDOEtNZSwv2mMv1WIW7JssqX1jKw5YgsqyzDX+GlvIqFp46zt3LBfckTl1NPbZDxaSe2JXUu3bWaIJ7BNlhcZ7ka0LLLdpvO7O75fLHB6IXFaBA77KEs9++9RsHcdoLAFFqtDd575B7pLK/tA0JZzDcY1z4Z2wPdXx7ezH5DuCkwkcKIAGiuuo9zHwATsmUSz8ayQ2RGZXDowijLVVNstPgrrPhEwRZlWX3U7eX9qkB1y6O2Y5yWGg/GV7myut3VzckPZtMHRq0eenUz+5WbxbMHvz1EN8N0NpMSz32WZfYzM2mxmZmbStjr7xYzttjEZgV9qzKzZe4tmF3Gvdgsbeo2OV42K9QsteoBiIAhFd6pU9hsd27ZOYF0GolY938J7Zn3J+3sFkYCtakDx6kWJXUp5KuwRl3BBXt7TOEKYVA4rz4WtmiPs38aqBkmJ5ViGGcOUUqoM4uNY9NbxuFCl9cFqw+RRxnqtz08zzPdMGYmIARCvnWazWYE1mJiKvjXyU8hCZp4FfnWBJpiaTt+e35Q+lWy1ihtyTkgscKfaPwE2NgbuNFrZqgus7QhQoT9uhK69B7CjGH8cRhhewK3NnsULK2RSWtdxsk2KlLN4qeW3We6tVXaXVe5X2KHVB4XyiZUvXvOL8fQa1eNw1jJdXO6v14gWYySOmB9I+BPkhfOJiH5EPx/Py/wAz+ot/cs69nOZnoqsUFJ7dSysNKxi7vrbQOMi1svsYmtt6wyhiP/ILorP48lD5oHcjncBV7naQthluwxFh0dl71q+2WvYHLbNV4RvefDRE0BCYrYotjAupIbjeP8BUH6MTEAip47c7UNZz2vDVw16/QOn85mZtD85hMBEDDO0sYlmzPM8zyJUVIRwEqoIjfaXwGK6jyyXOAUKpWacVBwZaMQFVnJy0z3JZjsgst4XDP7bdwwHsm3eTLNPcG7hrs7o7S1ItxJ7q7OVKzGEagiV0v270WLrOOQW+rz016fzpArRV8rWBMQpMZhSFYwMMxMdB02m02h+gEg7QgYIHUyha7FpI2PdDbBI9RIprZFazsmxtkUCBX7XsK+CtjrYzFBKziNm2LYMFq0tIVrUzn3iZd52+7O2Vnaf1AwGfstBZUpSytSb27ndeFzrkkP5imcUEf4e1CoiiazTziKBnXxrjpmeMNhoVmsIx0HQzMz1zMzMDCHMxAIcZxmVd7BrJoFi2M1auraiB/G5Sb6mqr7T2+3dQd/c1jsXDa1viur7YRMtWhPI1CwvWLO8jKbjst7dvckf9pnz5yPEzBMwERsRfniD2/wCEz3z3YgEAaYmvmeJiGeyYEYCfJ28gxmm0zMn6QfPdwTbO6ZvO8QKuQGUWk0oapyLGJ3bto79zHeDavK92rxYAQq3fbCHtKH5EPIbQW2a7FnU4bMydvONSegXM192JiDqJnrXWWNWFXP1Z6EdGxM+AWgPQOITmCfwdYApJ9sKEhqzNSZhZjMZYRiAefpGczMz0QAmmsaBMK1T7Er3DYuhsALWiC1xCzOIPnoYBkYx0/k/OOmZn6QY0BgPX4i2AypfOenn6cT+NgZ7oFbGrT5gQ5z08AwkCH4+CcYbU9ChWHGCPBEzjpnriYmrTDTUzWaRCyTWYn84mIBMT+MQCY8GNBMeAJ/OPIEx9Geg+c+SZmBpmeIPcaAEVPMB2nz9fsJPbwoUwzxB7SWZpgCeJ8FzMeenyGmoECrMAzTXoVnbmsx9OJiazEEx4xMdBMdfiAT+CPLCLCPOPJx0H15xMw9Rnpkqa3EoyIMzznxPB6eZifEX5x5+4ehUZAIgUzBwBgYmPIVYQBPM7fh621C6w+YNsFDHrWaTE/iDoP8p+j+BGizxjExGzss+ZjpmZyMTJE89MwHpvNsyn54zeBZsNgYMTTzDMDoPM1BmonyT85EHmfxPyEGIfnZo2TLMRQ8KwDI0CwgkNU2uuJ/GswM4mpxD0z0EH1GZ+j4JPT46EnoPjzMQZmxE3M2mTM/RmfMxKyC1d6b1uCPg5WZyA3hWQTYA4JmTgjUBRg42YmD5JxCBnxF+TPxhzPxnc9zNhMlzsAd94AA2Nh2xG1WHAbtYB/L+cYLfOegnwc9RB0zD1zB0OYJ56GZmfE2xC3UQ4+kdP5p8Ti+90JNlZOBZmaiCYCMpyBP/EADgRAAICAQQABQQBAgQFBAMAAAABAhEhAxASMRMgIjJBBDBRYUAUQjNxgfAjUFKRwSRicrGh0fH/2gAIAQMBAT8BGWWWWWXvRRRRW68tb3535X9yijj9yt1tf2Xv1t19mt19pfYS2oZX2kihlHEr7SFuvs0Nb1vyoUhMry19uvPRXmor7CE96OJxK/isl1uvKnQpb0Ir+XQ1tRXlQt2P+O47ocfImKQpHITL/jNll/bRZe7GUUV/CRx2ktrLGyvIpCYhC/htl7PZfZorzV/FW1DiSW9CQ9OymvIpMjMTF/EZZZYnY/NX82MxSEyhxHpo4ChRRElp2S02vInQpCkJ/cZfmaJRGiyDySl/Erevu9C1CMy9qKKEiyTyR00T0USVPaxMTF9l7ai+wyhxNNZNXApCn/yFprajoUzkKZy8lC2lCMiejXWyYpEZCey86JZWy8rGyyyHZrRxtZGYn92iv4NE9O+jhIcWu9+YplnIUy9rORaZKI4M+REdq81Eexaf5J+7O1llllj2ULFFI4pxyfU6KirRRQnQpikX5a89FeSvt8kWjBKNnhD0mNNbc2czmKZ4lHiHiHJHI5jp7c2iOoKZflZBXI5TXZxU1lFeevyItnKSuv8A9/8A4Hq0+LJ6elJ/slGnRRRX83lQtQWqeKeIjkM4nHzcir6ODOLKYmy1shMUhPdmj7kSVRE3aNRL42oocRooayLuj5J4/wB/+Rydks3/AP0n7n/yCiitrYpFljKKXlQpFpjKKLLEKheTS96KVHFWjX+PM0MXuPkl81/9j9xNZyanuf8AyCiivPRPSqEWcDicSt1tTKK2QpCYpbM0Peh9CNf42vyz7E/UfJO/95H2SpP/AGifuZRpwTyzjplQNRRrG1FeZvaEU45Jqn5K8l+fihwHAplFFHE4nE1tP/08SiituJwI6Zx3qLHp/graxMT2gJima8roveiiGnyNTEiHuZizUrI+h94/+/8AwTXqe2jlD/31skn2cYfgqI4qUaNSKi8eWTyI0/aavu+1floo4nE4HAcDizJHsnG/pTBgpHE4lFbV9lC72TNUbFs9tL5Nb/ENK82SwyTzsm2skvcxo0OiT8sTW78rwyzSfpJpt/w6KKOJwIQ9QoX9M1+hwOLMlssssspnEoooo4lFHwR2Rq7JMcEPbS+T6h5ZoQkllE4yvoZLo0kS9z20SV/7vZbxNX3braSyUaXt21Pvczmciy/LpRtmkv8AhIlGvI6K8iiQhHj0eDBrof08bwS+ma6Gq8kdka7ouTPpVkXRxizw4NkF2a/yJ10Sr+4c8UM0bfRN+pnI0CS8sTV73i9ntp+3bV3rF/brezkczmWWaH/g0Z3pH1K9RT2swWjBjZGn7RLB87Tj6mcThstkfUfG30vyLZdi90jX+dmMl0aDZqe57aHRL/fRY+iikQ+TU73h0MenLsqjS9u2rtpIo1IW7Q9KVX9mkUjijicSitkaC9EmJ8IV+j6mGL/BprBqqpbai4swUtkQWWaftHvN+pnIhFywNC2RrbfTfItvkj3I1vkbwhj2j0Pvb6fol5Ymp3t4bZFUttSDi8kJX6WaXt21TwkJJby/wn9qitq3UbP6aC+T6eK4tGtFcTWjyi0Q0uJrfTzlK0eDqReT6xcZL/IssjFOhR+RL1MSolt8mp7mISJb2aq5dbfS9MWy9xHuRryps+ESGMiPbQG/LE1O9l8b66yQ9xp+3bUW7ES/w392yyHu2bSRpY02PNI1fax6tTIztEncMn1yxFlFEYOkxQrBFnwMe3DLHpcT4KK3a9NjwaOCPWy7I9yPqPkbUoxZKxjI9Hzto+0l2Mj+zkjkcmRjyJaeMox0PbUyQi7IqltqLF7sRL/Df349jdEcyNH25JJWjUzEmskeiXtR9ZG9JEdGTdUf0rIQccGq6SIP/iDPkkIc4pnNXZfKRgcY10UjgVSHBXZp5IrG3yR7ZrxtsSqESSJbUNCIYiMe3H8lbafuNUinVFMj2T7I9knSE8Ddoe0kIfse9fb4MUHZLs0lk08IgrgX+TU97EsEfUi7icUpDZZOPJYIaNStmCbR2rJTbH9JzzY/oH8MrjhlocoDcV0ciCtZPCgKEUXt8kpNNmorIxuCNTT9KY9kRmow6JfTt5sisD032cRJJUX+S18F5PF4PolqJ5aINSWNpYZJohlmrFihyjgisMe0hD9hRRW1eZ9FppRJvCpDnI5s7ZBNEZekj0jmkT0rlZwxSNKPakekl2Mjg5r5HXwT7JQ/BXpo4nj8KP6nFUT1lI5FxMEasi6ORyZyZyZbJrJJXg04qKonDkTh66JaVfJFLo8Tjhn9SxS5YIVdEo9EY5ySSZxWRRgSlFdk4LU6FDFInGUdo6doWmou0R1c0ycsDkvweMzTXLI4I5qy7h5qKPBRRxGsEexbdIn8FNM5dUReaNSeDleydEmqJSTY5HKxSbwQlcR52obG72ryQlxZzw2WcmeILUYnZkarsUqtj1pPCG42clLA48WSlyeyYpt9nxSP3tK1LJKX4OLZCElk/YpWSjkRZxUiWELKZxcTS9h2OKvIvYUVvQlYlxPEZRg4lxQkmKhxwNWS7INl5JTufEjR4nqoUrJYVHhSZDT9VSHSngWMidI+BdEjvZo/YhraEbHH8CiPaJdHOxsa9JBUxxtWRwiVEoU8bZOJCOcE5UhSwJcrGs0Vte2R5Otp2IqxzUcEOicLY+hRbFpnhoUKJNdEVQ1gqxyS+TkvkjLHpEsijHtDq6IdZNTXcdRxSHp0RYs4MXgTzY7waTxRr0nZJ04mhJSm2J5OR+y8CZqztnbMrb4200v7h1kUhu1aLL37QiaNMo8NwKKLRLsTOiDp4JP1GXkhJLDG6lgsvdDyPrbllkU6LocVysvFo5pnIVIetGPZGSksEpqjDyNobSG7d7KDZwkjThIkjinEiqRq6EHqNmm3J5FhkpS4+kU5I8Z1RzUcSI6lLCH9Q5y9RqT+TljAnkQngv0jnfQ02cRqkNs1NdwSpdmnO0rR2N2Ss0+6ZP3YRxOJVEnSoT2TwKWCdUuLIq0Ms1HTHH+5dEdRNnij1rIypWRy2xGKxtaQmixzVikmLUic4fDHqxSJayol9RNnizPEkKQ5shq08i+oXyLWVj1I1g5nM57RZG2PUihamcnL8Hit9GpxbsjUFgcU8tHHFRPRx6M2PJFUmcWchU8JCv8AAlJHqroak2cWVI4TZK2lglpS+Twukx6bi+ip2SjJYZwcU2WKbFNlN5IwnJYJRmuxRZHTlJElKOGZKkqY9PVLlfZl/JPTnHsek6pnCsI4i+mlVj0pRlwJaEoK2cTif00h/SyRp6MtR0jihxFHJH6dyVn9JK0vyS0Goc/g4nEocTS0XqS4o/pXUn+D+krjfyL6T1uBKKvBRRQo3vZZdnJDlY5WWWXtb2tlvZOuhSkc5HKRzldnORzkLUaObqjxG+xahLVcjxM2S1eRztUVsjkQ1uConq8jmiGrxVGpqObLOWEj+pX4HK5WJmpqKWER1Y3bG9o6sIrBPVUtbmautz0+PyOtoasI3+0S+og0/wDKj6fUjpztnJSfqMW7F2aOpCEGvyiP1EE4v8InqxeiofJp6j07aMCrifk+mmtPUUpHjx9a+HZ46bj+iX1C8blF4HsuzNCpfZW0Y8h9lfdiJfBLbOzssvyYMGCkUikUijiUcSin+SmUymUxpmTJkyerbJkVllstiY5HI5HIs5HI5HLat4KyUa81KHfY5N9kU5OkakIwwnkjNxdoltpxi45JuP8Ab5Mi/Yi82PyNfbdGBlFHEo4lbVvTMmTJe3I5F7Wciyzkciy9sGDHkZyJu3vOvjyULBRQ9uRGLY3FdZObELSpXLCHOC9q/wC5FOTwTi4dl7QlH+5HhxfRKMIoe6OMvwcJfgryVe1eW9/9TJe3+gmWXtjflaoooopUcTiUUhpFFFD8isoooffne+npY5SJc5FSIxk3SHx0ussktSTtmlpOT9WCTlx9GEcJHgLw7+SScXT2jJxHLllD3RpalTRf5LrI9aPwPUbKQvtqmVvRkyMvdGDBSFvkbZbMlssplMoXeTUnyj7fJLvehac38D05Lsb/ABslY0kReBP8luiOCXvJWNO7Ms8P1YOGKJxxgjC1js/z2e6+DjGErPEfwN+ZFP8ABTKZxkU9uMjJkyuyyy9lvjzUUUUUV5Ml/k5ll/opfgUf0cY30cP0Yj7jxYHjQPEia87e8Ti5YOLs8NPsUado4pEUv+x6U8djvs/+Ql6rKd2S9ppYiamkpdDTi6Y915aMbxjJoca7Y6/B637UV/1M9AlJ5Q0vlnKPwj1HoQpfhD5f3DlEUG80ONEU26Q015bKMmTlsijJyOSPFkR1G32VE9JcTkjkcnd0W/wa/JmaKkVL8mp3vB4whyz+z2vI+N2y/wDpMDd9H6PwS/KLtku/2S6IyXFYHlfg1pLp+bg+3g9KPEZyZHlLCOPH3Mer/wBKG5S7I6X5KrqP/ccdSZHRfyKGcInF/LFEXFLA9OLeWLTiKuNxWCXG+hQTapHrasak2cJdo1cHHlGyegkrZLRz6WPTmtk93JXRxRTRbOW1IohFWcUUjByQ5o8QeqkampZzOZzJu3vBy4i4pux3VClTou45wNq8DYpYFJMeoeI10c3YpYs9vaHqvpk58ne6VoUfyRpe0cV8lRJJLAlYtRVgWWdCbsg3CJqdEG089F9ZJSUuiUWrZFWyGm/aR0+rHGjKVIjTGmvVeBK42y/hEvTG0Ncu1kuSb/BK+/gk76Y48VgcV+BaHJmpp8Omci4sW9FGTkRmeMeMPWPEHNkZ5JTyWWWX5IdGVKxvODrCY2qMItFqxSwclTOZzdniNIes3gvdJEWkhuy+NWf+1nGil0Q72jgTz+iPuR4fpodRTZFWSglRxhHCJ8mnXRCSu1guLXp7PC5ZPauKHCkRui38ii38kZJvv4F1aOKS2i8ZJSTxFl5HFURvtI+p6XkUmcy0xRry53oRW1FFFFbJFDQlZxOJQonE4nDI4E0rOi91+RdNH+ZfJZJc2Rjcc9iVdnBdDjRfGFkIxqz9pClL4P2NfA44UmPSUcnOk6IpYFxSE5t+noVrDY5URlyyRjkfJYiZSI5RPTzzFJvsTwfBlKxNN2QlJYPqL4j8ybOX8FbpFFDFt8nbH5optC03VkI/BGL/ANBe/kjnFpsWhFIlGkStO38iccfgim/k+Kvo9qs5fozVn9uT1Zsk7VEYx5ZPCj2U4TqJn57JPj2VzqvgiuPpJTmnSQ5N4NO6JZfZh4Ix41joqPSE6WSTTd2Q7RrJ+H9i/wCCt7LL2sbLQpZGx+RGm40yM0lZDRef2S/4caLd9FNdFNo1Gk7kRlFRSPCqJGS/HRPAnSuRqZ9KZh07HXHouSlSRX6PbKzmpfIvSN+Ir6KfyjPwc3F02c1VsUY8rOTuhNsTXtKpYJQrPyacceo1K+HRF/Brv0fzLLL8qZY/Lp8ZKmaffWB87Z1lkknj8mnClkepxJSusC/aEpcaG4U0Y7JSUnUkOk8EP2S9fsYtREnBS/zMOWSL/BcsluRx5jhx9o4+u2f6kqYnRGvgcslsbLtE8iNV4/hV9uy/JZZfmhzHB8akzxFLBxUlTHSLf4Layy6IQ9JLUxyE0mcs/oc5OqJJ1ZCdJEU42RWc4Ip87sqqUmclys5Yycn8EZYos+drMnWyLE0SEar/AIK8t7WWWWWWWX5bL8ilRp6to8S42R4dM1W/7D1URb5X8o48+iSi+/8AIi5OOTKsajy5WemqPSsolqs8R1gUpVRebI4ZZedq2orO63W72nb+9ZeyL2bL/iRV9mnBcbKpDi7HJW2PUVDl8oc/wcpFt97LdnwV5rL8qY9k/LN/wEL9bdD/AIdFFEW0V9lFbMRXkX2WWJ+WVD/gXs39iiiiiivsVsivsrdi8q897PdeSX8FbVtRWy/nIYvI+xeSy9873tyG9mUV563oordIqhj8i/hL7t+S35K2s5Fll+S/K0P7C+xY35Fuv4i+yxbvyWX99lb9j2//xAA5EQACAgAFAwMDAQcCBQUAAAAAAQIRAxASITEgIkEEE1EwMmFAFCMzQnGB8JGhQ7HB0fEkNFBSYv/aAAgBAgEBPwHOisqKysssssseTH0XnXWslmhfQedmo1FjyvrsvNvKumuhP6D6rzeT6UUUPpWVjkJliL6rzY2WITNRZZf0GPNssvK+mxPO86HEaL6bLLyfVZfXZfRYiyy+qxjWVmo1GovK/pP6KFm+locMrLGyy/0q6bLLLL6WxvNC+o/pxl0J9FDiOJpGivobfSsvNIorpvqZRWaEWX+jZqyi8qKyvocRoYx9d/QvoSKyWT+jZfVf6V5WKRF52NnuClfQ4koDQ/0kSiihqhZ3ki+i8mv07gOI0yxSFiGscyyRHFojiX0NDiOI4lfTXWmRkJo0k1sRiP6N5X12Xnf1WhwJQKy1Go1DkUQWxLFkQxmRlazaGiS6b6sN/QQmKRiPtMHdjiOBXTed9dfoVNPOhwNI4FG+djWUcSUSGNfObiSiOOT62R2e5z1ISKKJ8GBLfJolAa+rZfU+i+tMhitcnuxFNPKjSOBRpQ4FZUaSmiMzUsmSyvqsk9iWOntEw607ZUUUUULJzok2zVKMriz0nqJTdSLLHGxwHErpvosvKy+i+iuvQymbkZUe6LFQpJ5aUaTQOJ7Z7Z7ZTNLNAry0pksMlAa6UYr0wZpw3wa5YctmXnfR/TKkjTFpX/2/3FgtrUmQxcaK+URlasssv9Bf1aHhjwz2z22aSOxqNXTRpy1ItZVmxocRxzRj/wANkJasT/PyOMakzDb4bLLLFIUiyL2HxZ4MPeq/z+xpWkjSS/8ABD7V/wDAWXnQ4lFfRaKYiy8qGOx9HqP4TE3qtf8Ac9x6Wmen5f8Anz02JkR8ZRva/wDl/wBT+Qw3tsYf2L9VWVdFll9dkMS5SRqNRZebytFl5MaGhxyR6n+GyP3j4PTbXlXTh8D4PBCv82P5CFuK/wDJh/YssSbXBqxC5mHKTe+TdF9SjZSMbFnDFdGDPXG+i+u8qy1MUxTLRZZZqNRqMHE/fSRZZZZqNZKZqztoWJ8mrKhoaEYnA4qyWHfB6fD02Vky7yxMb26MLeKJcI8GHe2S43/5f9UQfassZ1Ii7/x5W09jVP5LkanDETMOTkt+mC2JI9Sv3rPTKsP6VFdFmo1Go1GsUzUjYlwYb/8AUm5uWzUajUXlf0pcZ4aKzWXqOYmD/DRi14I7ogttxlKL2/5kPtQmep3ZBGx5zn9yMHjoQlaKR6mK9wwZJRp/oKyssss1GonPYcqx7NZqRsUUUUUWaiyyyyyy8pZ4eToWIxZeo5ien4RjYkG+SOJD5/3I5YrMN9qLMcw6/wAos85zW6MH7c2IjLYs9Q+8swePraTSaTSVnZZNmK+9ilfQrL6HIxcSWurP2jEi+ReqnVsj6uL5E736JZMwmWY72JLcUpRPdmkY7+1mA9kVa3/JG19ood2rLGpcmGu1Gk9TsYby85z5RhcZyQiPA2Y/35YHGd719O86KNJpNJRiGLH94enl2lrKjc3NzfJmM+9je5ewjDl2o1GvJ5Mwyz1Pg8m6NToxPth/QwOELyIjzljxTMP7Fl6nkgv83KF9xZZicow+M8QXAsaF6S0+DHfflgcPLFeWDiNRpnvRuvo2y2ajUWWXkzGfdFDWud/k9PLx8mLIwnccobo3LeTMWe0a+TFfexDEzCXYjSTkoKxMecSj1HjoxeIGFwiK3k/zlHkZ5Fxl6ohl5zn4MLjJ40IumN6uC62MLEU1sYkdPdE9R9+Xp/J7smSbYrGR/wDcL6Nllll56herxJbUeolUkzCk9ZDE0PUS9Wp+DB9bhRjTI+ow8RdrPTO0/wCpWTk1Y5eBuoRHK3ZHkYuDC+xDHIhxlRRFUWep5WfgxeIGCtkR5l/URHLyLL1FeSMUsvOVk/Bh8ZPyLYku09J9rRifaz1H3lnp3yIYhi/jr6VZUUUYj7GaruiEXJoxv4kSO2pkPvR+zKUPyYmElKqowYJYq0npHvJFlkp7tEsS9zETHyLgirY3Wx7qUUR9Tq8Gq2KaZeSHLessXcls88XiJgcIitM5IRHnJ8i4LMfeSRFbZNfBpZoNCMWaw1ZDGUp9rN7tvkX5HwYG1mJLtZjO5Zenn3aRDExif75Flll/TxPtZhw1MdKOx6h9yZC6kR+9EOCf3cmBXuNnpZViMeNBK7H6yBLFUt0YO7d/Bi/wUyLbbPBDklyJbCw2o0jRpgxOS8kcXEtbikz3UKVtC4MWkhu3eSMbiJguki++RGWxFOx8FOy9iTJbyFnrvgsvg9R9h6Xbcm4qWo92F02Y1uGx6ddrRP7WVciUd9iK040f7iyg9hi/irOy/paicrRhKok2Y+8kib0zZXDMJ9q3JPcS0P8AqNd1jxZadKNIlW5hz3MTFbioIhB6jDhKRGGl0RwYo1uLaFjpcol3O0aJCwsUjDE8s9sncZUj3sRDxZPJrKMU4xsgyc6k6MDFetwfAs5Yblici9UltRe9kcVXRqXgctUtV7IStbFPyU6R7XvR2kRwHwpGJBx2Y6TIPXC0YSkrMS1FmHJWzXpk7Mb+Lhv+pHLD+1DP+Kiyyyyyyy80KFNzMONNuTFhxFhr5OFRJpkneJRi/cxQk3Rh48YwoU97kYs904ClL4IpUNGHG2OD8GnfcgiM9tzU9es96vBHC9y2fsv5I+npmkqRuTbolu1IaTNMfn/P9DTHiz24/I4KuTDfaRZNuTsw5uEjCn+7sji34JaluPB1bpn7HHyxwcNyc21Ypck5duxDEcZWLEe1DxMVGHhYk1sYMpYHK2PddtyMKeHLnKeO0/wPGclTJYNrUjDw9z2Lr8CwEjFloYsWnpo9ttElpxV0WWWN0ftDysT3J8DyW7IeS00afLJq7MGFPco8E+FRhW2QhsLDNNDiluTjucGz5NlwabILTlfROOqJ7bUkijRE9lEvTxaJR0bI1Ig3LZDi20henhHcUZ1yaZR3I4imRWlD34JKyWEk9hu3bNnsOJBRcKMLDf8AMa4xMTFhJVZtwThRhS7R8DXJbjwzClqY3TQpKXBjPvZxPc1PTsYrvGRZZZZY5Uh9/OwsCD3LZrP2iBrlP7R40lyh4kv8ZDHV1IuiPBiEVuRw3GNmk07MxYVsRi1IgqQySqI9x8kso+crNRfgZqLRizpEZ+fyPEYntuInfgcdRGGkiaoqVyJStbCkk6ZPuZHVuYeJqjvlsajEkqpmHDVIcKlt5JNxojurMXF8I3PcTVvkli+RSi9iOzOSTvcha3JSO7nUaJTqRiq5MwsXtol96JYiiP1Hwe/M92yMXdoctWxCb1GrSafwe1W62Jx37yU+21sPFnxPgi3p1ckpJvY9PgKeCptkcW+CSJ7Ci63PBtTMfkUWzDVwbMSOl0TRWTW5pMKFIfaiLjJWstrYzGc2v3ZDU4xvkcUR2dMorNtJsniyUrPTeo1Lu5PVPVCzBkoR1bk8eLgpH7RBcikq2Kd2iNUOJzwYiTjbIK4nbHYnFvdH/D7vA4srYlVWWxyb7iDadsWXtvQkYmkpP+hhS/duI470e1JO0Sw5XZLBnJ2xejnPgnguHIsGTaQ1KPb5IwkthQbVCjSqzTGJL1MYumRxsKZjOLfaQaqpDehqS4MVqT1GB6vFhgqKWxiKMUPeI4dw8Oz2mn4JXq2Q4633bFNRaRgrZooa2yaK3NNcilQpF3I/oY85QZBNwuzhbmmlyYaVmKtrRhuWnuZf5PcNeon3Kxw2K0k1eGh4bp0STUFF+Ca3PRz/AJGeDBWwpfy+SWHsexsL09eTEwU2ShUaMSqoepcmlt7Gm3RLDlHZoUZfBh4bcN0LCktn5HgzfgUMS90yODKbpoXppatiGBFcntwPbgS+EhYca4MXAUlsS9HKtmS9POrvcjgT1XKj2z2xYfyWTSktycVDwYUJPZE8C1cRKnpmewlG3/sel1LtZOGrZmmit9y38jaoRJ21RqRoKcfI2vkuPydt8lxRaexceTVBLcVXVinEn7c+RONUioUJp7o16nTKHBMeHE2Ww3FM0wke3h1wShh2RhDijRBKqNEHdo9rA+COFhx4RsvAnFnuI1WJ1sj3S1VinbLy91CxUSmoliY3SHiU6PdQppuizV5L3E7JT0nub0e7tY8Ribosvaxkp1nKO1EUqqj21H7SWG5GDhtbNmHhqBRRRRSNikUvg3Gr5HCJoiaImmPBojdntxHhpmhXZoSPbFhUe34Fh0aKdllj3NI4WKFGglCyMaNJXJ7RW1FEYtGhiWTi2aXpojGmbnkcJMWGzEi3wU1wfA1sSi3Kz25URi9Vko6md1jvUKzETa2NDuzRIcJVnXblTZfRZXTdZWup9c+C/JEWao0o0orLc3LZbLZbLZqZqNRZqNRqRqRaLRqQmi0WhUdp2mxsdo6KRSNKHE0mk0igUaTSaDQNGuizbkx3XBhYkpUuq3PjgUUuBuiMnLkasjk2b50bD/A2VtRHboT6l0o3EWWaizUi8rz2NjY2zo0lZUUUUUaSs9y2WySs8UU6MO3dntLcwYOK3zhfnovOyOVEpKIlJ87GhZOfhGmT5ZKktxJS4KrJlm7Fm+u6yvJZ0b5f2Nisv7jXTvlp3ssssbZqNReVsvKxfQi01t0J9CLJ4tvTAhogWhySN5/hCcFsieKkthON93Jqie930RqStZ0LNjW2dZbldW/TuWy8rNjYRWbNzc3HlsbGxSNjYo1oc0lZ7g8QjKhYlmvLD2jnZ7kF5Pci3sWXZqoVjW9D/BSJOyP2EaIy7aLSHiLTue55IT3pkp1zxmhZMvbrplFGxSO02KR2lIpFJmk0lPpsvOstRZqNQpFlmxsUhpFMp/Jb+TU1/Ma3zqHiYmm7Pcl8sgpy4PZxBYEz2ZmDhOKNJRI1qO5qVHutcDnapmtvcbf+pvW/BFq6H+BvtouKVEGlIxt5GFjOOzE01aIiyfTaKfxm5JGo3O1cl/CO4dLkv4RTO07hr5YmvBTNSQnZJpK2KmUV0WWjY0lMbLNjSaWexElgpI0M9tntHtGj8mlUtyl8mBpRauzVEuPwYfGc1vuxR2/AmprYWqmkV/8AYt8EVXI99z5I/DEttiPF+CH3bk4vW9xbS+TBTXB2ll0VlqXjcSk/we2ih0uS7+1Gj5Ekh4nwar5ZqhEeKvA8TbcjJeENju9xTdcDmxvupsi3XI50nbG4KSQpQSPcXDMK2OWmdEMdt7Ece09SFiYcivgaeaT5NTLT5KRpeWpmpk5ujXI1SO40sUGe2RwmzDw6NBoNBBUs5qLkyeppf7kNL7kSjtZWmW25Xbv4Ir4NLdf5uOEkLDPaT5NCocd6G9XDI4XlEcPSqKKHtIc6Ww7f3il4SLkRbY3Q4O9x7I5GlROpSMPkmk1tyU92JOPJCSdIk9jExFVksXk1Wcu2StMjTWmtyTqVIry/kj3OmJuLpPYqMor5FXHkgq5XkjLU99hN/JLHcY7GHi+5s0aU+DTIeaZqNjSSgeyeyLBFhiw0ThsQhSKKKK6Jx3KjpojBVujndoUd7o3ZT5NL0jhuaXa3PbNCocEaFzksnqslFtijRWpOj/8ASHKy/JPjKW7K2/JK9LZ7tStibk0icqIzkxznLdmG4xavklF6ae400+416djl62Kdv8E9NlDkl4JRpceTzTNTb+TjgkqZGLTuSK7RSdkq4Z6Zdz6NMTR8FNDd9GxtlZYyyyyyyyyxsvYUhyo1bmos1Go1Gs1isW4o5sfKY/wVp4FoRKSUtuByvg9x/wCgpp0fdOic5aq+C/DZKK8nnSJ7ahS3cULFc0l8Ch3LySctyVs7Et+R6ZbpFWicdO3ySlsLS95G0miTow8TbQSjpS0klctx7u+UhVJ0kO0qJqPJ6f8AiMXQiztNH6FjybLyQ8vB4EMS36JSimPEWqjEn5RKX+pK9GhmiUZJMePJyFK2RqSpeBxk1JeSTSdpHm62Zep0ad1ubKVPg4nSOzaiCp2OT07DxJVRcXC5G17cEVqWxehb+R2+4jGDjbYlSvwYi7tiPaqo3W5KWq9+S5btkqbpELSquSXDZhN+9t9Cv0LzoorKhIoaKELoxFK0Sg29JiYy2/BHvkbVyXbtjaTMKLapEoylJv4PduZKL+eTD3/sSTbqJg1Hukj7bVCvXVjUXC5McrXJHujTNDW9D7hL221ybLhm3DNKlHUkaHq0rwPEk4UUtNjSW3nYcW+6tjl7kZ32vgm+7tMLUuVZJPkwI/vProor6dFFdLRQunFcou0Yi2Tu2djS+Sr2XwRbW/wYk7faLD10Qik33cEvNMbjrtcC1WpI34+SEXBXFitrcmrutxVDaaJQ/sRjNx/oJyUbROvJ27FKJq0Clq5FJaKRX4IqSHBskm+RRWk0oSKojsNGFHuv6NdSX16zooorqxPbFNa7ihwlBWKbi9SI27/JpS88mlPZFWtvBiYncRw99D8Gltf0NPa75FCMbvgi1dE4XJk6nVkntS3JPs01uW3bihQenSe209maFW44KyjxlRtmyhpivLCX09+jfrooooooooorpooorJwt2YuE0zRU9KJrE2aMGCX3lLUSitNeC9H9iNx4/qT0qWxcXQnJw00VK7o73syOD+T2le44Ru6KpUSVoorbLVldGrYvJ5srohX1qKzrKisq/RSdcGJPuo1WxTjVii9KVChKxQ8MWH8uzRHgpLjJ5ofJfReVFdSyrpivqUU82M2yX6CyyyyyyST5LL6LzsZeSyvofTWTyRQ10oX0djYrPfKsl9CyyyzUX12Xky+m+h5ITH0v6Kz26I/VroeV9DHm87/UMQ8rLFVDyvKis9sqKy0lZIsvrvOyyyxjZz1P6N9dZP6tdCS6Lyo0lFFdFdNi+ivoJdDzf6R/RQ810UJZv6t9X//EAEEQAAEDAgIIAwQIBgEEAwEAAAEAAhEhMRJBAxAiMlFhcYEgkaETMDNCI0BSYnKSseFQgqLB0fDxBBQ0YEOywtL/2gAIAQEABj8C/iVf/Tq/Uqfxy3/tFPBT+CH3df4Lf66f4ZT61VU1V17MTzW3h7fwO/gsra7fVnfiPuqhWmtlu4f4ZfVEKykT9Q2bq4Im/u6mFRxd/A7eG/ubKW298Zbi5InAWx6KnjtruL5qpB6fwSlNVR4L66+CuqgVveNwviVGkJmUI9zha3aW0hT+D2VFbw3111X1U118exmmknESc0ZYMPEFd8/cFrWqtTrwlvfVP8Av76qp7m/gLTQCUE7mm/jKdiy8buqnnrcHOoLTqHT+JUVvcu7pvVRl5IcindvG7qv5tXZaSDqHT+CWVvC7kfdV9w7qmo5eitnwR8b+q/m1dlpbah01DCYXxD5r4hTpdPuYDZW9HRNJM/WLq6d1129zsnxPQThiVRmnX8FkaSrWTjzTeursn9EOiHTUCrNHlqMUst8+aqUS1SfBtPAUsMiNTfrJPJDw3Cy946NX7qMVDyT/AAHqsv8Ae6PZOQ1Ty4KpyX7odNQV/XU6eWty768OIxHgCj6w8pnuLe6dOo5+RW7XoU+adVfEeS2GgeqlzZpwRPNXTuyPVDZPkjsnyVCD3QXZDpqC/wCdTu2t676+3gCd297b3eHmmarareHadCI0Y81OKqE1QBauHgfqOfYFf8jNcOyqmQ3yQlWaVQZZJ9M13TIG0RdH+6MBuAoKib08F07treu+vtq76gndvBh5T9UezIN/srWRP3lg9oJGq3gOjbQDNAmqKCCGpvTW/UaT/LK/54r9tR6hN/CqgGyxBsGFpNmdpYs54pnRFfsgs03pqC/4X7p0tvC3Vb1Wk6Lvr7ap556gndBrbWKq6DYxKACPqMnJafSeXqg37pKeBSyd1VTqBi6tqdqdP2ZQ8A1YE9dkaT/LKie0nijqPUIfhXkj0Wkp8y7rR9E7/K8s0FdM/DqC/fU/trf0R/FrmKQpQlAFBO6DUQCAts4upWX50P8A+036hhwl1E+fspwhT2CiLo7UyoKeZsENekRTgM2oDgu41FCSu6CcSUThKjADmor5qOOp3ZD8Oo9FpPxLutH+FFdghqZ+HUIBKt5q17VTu2q6cu+odUKwhtJp5IddR6DUdXfgF34BCn9Pvj0TRzQ5mvktJWuFaSuS0Y+6NWcLEa8k7KVGtw4p9Mlo3FYhmh1CrRE8U0B4gD1TWkmeMLeROIQuK/ZbTR3BCxcNVDmE0/d1Hon9eK7rR8kVlMBDUw/dWdVMWKKEKHaRq3yegVGOPUrZ0YWFrmt4BS8Yk1xAgnIqiFf6kMRFuKbtCjpUhHoNRX7LdN/sLdN/sIf498emoc+aMg9SnBM5K8c18YHyQiLBNaYuo5Im/JbOiaOZUvFTeEemqOCGqiqDnVA7QpMQhworIuioCxE+i2fRyfiusIgQgbwU0ctR6LS/iXfitH3TxVYPnWN1goDSm/gTV31BuULDFCoc2ouhAT7W1Na2rg6yaygF0HBsoV7Sg6btTV3R6ajqNBfgVYX4FD30TlwVTmomQBRf5unFNp8ycIW4FuzZEgAAf5X4V7Q1kWQ1VMKBVH+yMulAhsQUdoV5KTM9Fsvg9E3aRl8RxUF4PRQGv81QeanSC6kNnuqN9dVeKK0gH2kOqZLSRVY8MON6Sv3R1AVoqulfzKRUIYpiF7ODjceCrUoYfRPORopGknsj9J6JtZUHLPisJiORTI+zxlCAosZRlN1n8XNZX5q/r7vSN+yUQw4XdFhc4VuVIe1UcOxRFey3MM8c1inJCimOC2WtA+1FVhqnjSX5okuyQjVQSZRLsIjmpxShAmVstEklezzROKx4IMLcU1U+y9VgDT5qxUmZU4ls1TpBhuU1UDQaS96L4D+FwsXsNJCAOg0gk5ofRaWqMTU5hTEppJFyrinNYeJ4LENJM5QvnnqsJwWiC1F5yUERJUh9OaaJRxFEFOxQK8NUVPGFhC2dIjhLjJyXNX2uCkGORWBypKGccVYIFFxc4d183mgRN+PuPhFXRwHayRcHESmpn4irKWUKBk800SgArzXX+6fiRpVBtqSozRrWVgpXlKn+ybTyTovjVSVU0CGF00uPAOOrEOOSe7GakUOq581GI91vU6JrrdFdVg9kXFtBUUQaIryU+zreVZ1ECLrCKuaiyo6LmodpI5rCHScipm64IuMRyWwL8FWUHYSsd6qyNI4qoQF1LmzzXFO+1+i2k1UzCrZDr4pQGiEkqP1X/wAXooPs1uyOSEaOvJDDo7ZKPZvCht+BUOGav31dCjpDQBPaLBspr8y5PPNHD3K6CFbJGlisWod1PMoJwdzlQwZLaMmLL2j6NQjmmQRM5FCl3Qvs4T8y2bYQUQXZJwALg0I0+WQm46SExgMg0ROKIVRdENbNIojOQWIFYVS2axNuc0RfWCCgpIo28J8msLDNQVidBJUQobAYURiNFiMRxQMWQULDQngjQ+igaJp6hOYS1leCbIilk05IUz4KqpqLWug8AmvzzlYQ6HGyFTIyRJc1uW0p9oPJEEY/NRojceRWFxGkhYtHAdxWAHBXNVvxUHRh3Nb+GeKHUBSKFOh5haQV3RC0f404pzYuKIBwBPFGuSJj5lYKU2c0eq0grst/utK0zSbFSJtFVdaMQaclFZ6KHh1+CeAZblVETQ3lYtGRsNh1VUzrC0Lqk8FXgobVpUc1h+cr2Y4VQwtuoI1OpqrmFDTXJSEXeag17LYG9qN+6i+rBIrWCoHHzVTZGOKe8VhEhx4r2h3uqZpCEDK3kD/ZHZd5LalSLFF/DJO0uItZm1YmzOXJe0Y/E528EXYbqikFvmqVjMIBzazndY2GvBOYd4CKrASjtxyQ9oXFlZqnYGnBipKeJRnQf2RlhPMVCGPiUGMdvHanJOcXei0R+00/oojhdH8ZVgoTI4oiM1OzUDJPfTdyaEfZnPgq6Qo3vAQHPijU0TmxwqVjkVyhHROjC9OOjY5R7J2aEfZCkrRNO9VXRNuCnmgTcIkEmTq9q3vqbSCFsVEIYwTyViFZykOIXtcWLsgR0U3HFVk9VimgyQcHS05q6GBONBF1VbJaJvVBwc2eRQBc0yJ3rKhMciAhhJdSv0inSZWGOZWL/uGMpu1or6P1U6QweRVHeiII2OKhukI4iKKjz5LePkqOd5apFEIda6Dy4t5cVD5rmseiExvBANEQa4liDQ45rc7KujMdVGi9r1ogHtfzgoDRM0gB3pzTNHhe2P7qXaF7oqOSoHiEwFgOCyh3/Tlx5OW1oiWvqBwQw/8ATkTTeRJ0ROHmo/7bnvrF/wBvWftoM9jl9pEDQilN9Bx0IgV3kCNEJJ+0gPY6OvND6Jsn7yacIM8Smxo2cLrFACut9YpkgLGWMl3VbrPX/K0ejhh4UUwz/e6rgoYspBZAruoHZ/KgBE2sqaX+gJoxzipYK4/IECH/ANIXxIH4ApLpEfZCDi8meQXxXeiGHSuGIXWEf9TpDP3l8XScd7JOAe7Z5qr33+0t53DeTpJpzWda72SEfNUbSDFtceKIJtdU3uCNu60bqbZWlr8P1Qdm5EvsFOeVFhFxeic4tdhy4qlivbUjhCa2W7ZocK9liFpnCiKUMbuqimaoHESV9JVXJ7oFrAvhgomFZRh9V8L1Xwz+ZV0b1bSJ1XhUPopxwh9Kh9LYpw9qKlT7QLD7Rt0DiFkaipWGRMIdULJpEUTOSZAzUcSt0qx1NpZTGaZTNWTvxFPEZKMOX9k133kFoqWK3T/pQJvKzJr6rDFYATOTp9EJyEBMB4Qg4boVjukWWkB9F0hE/elaRucoRfD6rR/dumOROUp9YxIVyThpHRBWhGLdNVpINH/4TBiqE9uaaOEouDqulObpL5IHgvZztcO60Nd01WOdnDCdhsfBdUlW8MhWU0AVNroVRFuKCeKqmoUF+C3RvcFpNhtQmHCPNaTYM8kzZcnb3qjtnNU0h80I0pum/SGpTdu54KcfmFic6RrxcFIYiMFlJYtxRgVWqgKqLVV1JFldVW+t9QHDzW8EDNuaurovne1udO8qqiacVlfW4yKnXYJzjY6qaiIqqiqst1buq/mdQGFVTifCAFAq/wDRS4yhhvyQZpjiP2xkutjx1NWjwuIMVqpfpS0eqoIHFyq536Ladowc5cqaTR+i0pYSW/LB5K6grionR3VAL5UUf/pFrb33vBknSB+dDYzyMrcPonyx3kicDu7UJ/8AoUYivJfJ+ZGInkVu+qJgzCFHK7gnbRW+t8LfCo4INWazQFZ66qkqpcs9Wfkr/wBK/ZWWVUTsrLVQKw81Vvqreqz81mpKlRcppCBIspBy1VQDGx31Boyz1CTGvA+rD6amofM4DyWNx7lRoh3W086pdsjmvopniVHxORCGPYepy4qHtE8VLahUcR3Ue1d5+AO/26LzonRxhVb/AEq8dkT7X+pU0o/MqaRQSHdQgJb5KrAei+ExbhbGYQkaTzW9pAjLz2CppvMK4cFvM8lbRlAeyEhf+OOxXwHeaG90W7pR2K3tJ+VEAr4zfJU0jPJYpYgMLfNbjPNfDHmp9n6powlbjluv8l835UP7qTpAt9vmt5vmt5vmqe4hxyGqo1Cdd8I5rfBTJzX6Diq+SsoAVNp/HIKTJW1sgL6MYW+uolrsXLJYaM0nDijIVKFPY6ngH+5oCIhOGQKJCoCtoj9VJA7qGV/CFs6F3eisxvqpdp4HIIH2r3A81d35kYaaGKlbibo/Zb2a3Fu+qlmMZXQjTOAU+3cI4rE3TyOiENYea+H5FV0R8kXOZB8luA918D9F8Ej+VCXFyzHcqmld+ZHDp3eabJw818f+lfFb5Le0fktuK8Fs6MEdV8D1VdAV/wCO7yVvRAREq6utzB1V1e2o9B+ioVUyqBDZW6VtuHRbEq6GHhVEm6rlQhHmVmYyXSqFzyWLjzQjyQAEotgEZ8lLTIAqRxWDTHFwUzIKrl4P94rPF0RLjEqsTzqtjR93KHaXs2i3Z6rabhKItKDTpBTioOkBUA0HJWcqaN63Ctwr4b/LVQx2W/HVFuMEFBjTQcUK5LZKPtrzTVXRt8kGYnMceBWxpj3CLgxhJ4L6TROC3gt1pRzGQW76r5vzLfeO6lhx/iW80coW81fKt1vmrhCYVgslYKzfJRhHkowN8lZvkrjVmpAchGz1Rz1d7LDwvKJVb/qgRmYPJQKmTEm9EYFG8VSMR/VBwgGbwiXCtFi5VWOf5YujDfRX9eSltWxYlF7cx4ADb91h0TMR9Ft6Ts1fRtEqtEXFwLuS+j0c9VQ4ei2tI491ZVPkreZWyPJbTx+uqiq+eio3zXAeSzPRbLR+qkuwLfc7qppHktps9Fhwmeium6Q7wt4DonaOy2cTehUs0s9Vt6OeirLVRw1bPqq6CfwuW3otI3svm8lcIbS31vq5Wa3T5onBwW4EFHNXW8oJ1ghs4r8kLF00ahiFM6oPdc7pCOCBVYsznwKJFGmOyDa7U1/um1N4Klpkwpio3VGzjjZ6Khhp3eSbsUF6K+G1k+KTQKKH+ZVAUlV+U21FxNSo0TY5raKy8lAE9ltujkFst86qslVMeqpo+7lxhbVFDQOpW05XVCAt5TMjNFzWQENjestHhZ1TnQArXE2Rc37KHEb1Vibs3UnLhmmjeDs1ULFQHij01+ze3utmW9FsvnqtvR05K8LJy+GNQVlb3U62xA7p0ipOwiw1OKtLrARSaGLLb+jrVDCZxXHNVyjEnWj9QpBhCJiEIkybcEL8+SJqC6t1DmmqhwCO808lTSO8lJf6KJT+BWzRSXKFEKMK2ZVl0VoojX0UTJRxGGpomsogSnE56sNBhqmyjeAU3AB95q84he0k4OCxOcSFDSaMkc0XNm1lLm7Ux1T67LUHDdF+a2XOEsFEQ3E6YorGo4qDbivo9JK2tGg4gYh4NpoK+j0nrKiQdV/GfcetlIzKkOEoBr6TxUYqK/7qJ4VhZ50Vj5p0NujQVUoNaPRQXStrCqN1EqMMmblONpsEyfs5LAcnI8XKEK7yNc0eNCEay0C4TWzP/CgTIKLpggQUQc2oUmuSLbZpxYPo8ualuwAhgNSjW4svZNyF4ViXZrdGIbtckBingpxUBrCO3ZiLgERttnujLZ2q8wjMUUaN2HsgZkxYI0NLBS1vy58VQ6tpgX0byORVWYh91QadVHFF2Knhv9ZwxhceKNfLW3op7JzeKrRbWVlxW012LJEmEATBe2icfs3QcWh0tiVLaY2x3WNgsdnpCaBRxdULGIdAqjo5vulMe67aJ9Zx/wCU4SWtbSE006KDbLkpaW4eAQa50kBU+XKEDmyYJUwcIso0cEZ1Rq0G63jBqF7WY5I48j5LdgOtJugKNc4UWIuPkpnK6DcNAFWhi3h2mgr6NxaqjF0WY7e4urhX1X96PBb5Vbaz1W1GBzU54fVEG6d9nEvatIM0iU4ttBRMzmuJbZYnCQ4bQ4LRn5CIRDn9Fhx7TM+Cc/Ef7hGG0cySsQG0N1SbmvRPxHDTZUXwtJVWkckHVog1raZuVd/PpKrQEwi4GPZuWDutlktI3lhgYskJ4CgRdjJxCjVEWoU3ZdLCmhsTkiXWaNqAi7G4YawmAYjX0TePuKtnx/5VF+6mgVPVZLeHvbq6ut7Er+B9b7XQL2kYsgn7W/dQK1Tdk4b0QDO/NA4ADNYUuMSIjimA7rswqnZaJW7VjaeSENxF11LjAylYGaTCQJhNIfa9L/7CDsBwupAUMBjivhxI2libIEKPafNwVRvFNcJZEqH6MVqORTXCg+bmnNLuMBYnVD4oprsmhlOAtGyVOzhbMr2WNxdEyhhOKuS9o34ny1X0og51UB+DooLiQKyqDv7qjVwWerNbqmFOEDsv8avhnstyFZWKsfc29y1jhGJObhwNFp6p2zshyJfTbWAxGk3RKwvzEp4FYhMI0YJfMyEAWCIqsJ3sSc0nLisR+S3NRpG2TQK3jNNBbh5KdG6ABxoqEPIpRSZnSAU4IhxIgKGts6ahPFgTA5Leq2hoqmlCIUNNM6Ikgfd+8iA9taQcqqJOyZ6oRiNStnRgVrVDdkC8I1uonOfe1cPJX9FGJXd2V3qpd3Koorqv6L5lUOVj5qNpfuv397ZFVaqNW6jZrYRZpH2rIRaHAwPNezdKaIxYd2qccB2dwIFwAhu1zVfmcc6IA1rfhRe0FccyrbzanimgfCw15JuEw4+qndgV49VozM4jnknisRSM1Vns3Oyhe0xbEcUxuk0mLPinPBJcTBW3o8QyqjhgbSLRsychZAFxpT3dVuwPc7wHZSC49AvmVXlV9XqkflUZnkreqoI7qq/dbvqSq1PRTTzCyPSvvR4LqKQiPsjzXtDHTiiDAX0Vui3bOlYpGNorwhUM4igXTA2QtoGmXJO3aHNe0xijbINxmorHkg5mLELSvh5zUqgaOyLcboQJMx4qrL3d4CqVb3FT6r/lbo/IqLe/3yVJPmrLgv8AnVRbQVmjVf1R2uysVP8AbVfVSvjqPBUwppJ5oilisJLQDQSU52LsFn0WJjdrMlNwaMMhGvzSiXOPDV2+sNzQMyfc/N5qhlWKzCvKqVPqrFCi6q5VlvR0KuSrSt4q/ot6i5+/o7+Awtl2LjRUcfc0PopPq5UjyCqVmUHQJ6KLKp1THmq/rq4dFn5LJQf1W6RzWw8lVgKZCo4qp+vT4L+HPwRqCc4n+XisIcDwm+qNWR1V1XW04r91/hQZlZ9FhEqKqIVVKuqqDQK2qC4BRjnkCqz5K4K+Gxb7QuKt6q31ugqqa76raqFZeXgjwRHVbtBmvs81GIH8QUR6KcR7qqsrarLorQFQhD/Csq0XHVZXVFkt2e6srt/mWy1rucQtrRjuoPsmrdxdlRhHRbju6rAVyuP1Xjrtqv4agjsrar+O+oUotqGuHJbLv7rNs5hikzI+1RUv90qC/wDOolk8AqkK+uVEKEdVaqyhEQsXFX1WyUq/orT3Uwol0zcFCfVRcKyiLomc1XVHH63T3capoeoT22COiNVhWFALNbrewjVmv//EACgQAQACAgEDBAIDAQEBAAAAAAEAESExQVFhcRCBkaGx8MHR4fEgMP/aAAgBAQABPyGqI01Lwc7o9HrAIUcMu7lCNWojxLnE6ahhiZlAOkJ0YFmYm2MuQnpWkuZTqZ0E1a+lZl1sPQDLPoSBAgzAhqLMCtSwolekHky9FxLfSEPRUPSZJqeh2IRZOJtmUegsijAJah8QwzF9RtlrcS02gEGIX6N36VfoIj6LktEcSpcsgeIxKbQV9pZ9JNTDGxg0tgqwiOZ0j0H0Kr0TEphSYYzaqbsDdRDSdJuU5lZGT1HaBEjiMbzqEzURL7wVzmPAS15haOPoswdY5TIwA3FXMseY3yMbMMtIoQuZyEq3IsWhAWR6iFmFeJV7JWFJkSsRpEC0ivEAalSBCFuCWw8SVgQrzHU64b/8RqGHoJVO8GtxUt4h3mOXHrETo9GktlCbhAr1S4A3LfCWlwBuM0gr6AqOSo0J2TM8I643NsbmZaJcQjCNNPMvIMRNsTLmGPQ5w6ph6IqWR5gv0IXHzKx6qTBRNY2xC+4QJQuYRqbShJtK44QgRLQNZIJtmAYiKsoTLUs7oUjvUHP/AICZQJR6EF6n0SAkv1pyjGYdj0vinP6DUIpgEIlXTKswvEsHT0p0ioBqIotrSLHpdencrE6M6rDx6LFUARxM+GLe4Xm2fkPzLX5QX6jCG5eIsOcwYoI9OXVxVMQTm3Mo0ikqBNTj/wAhhAypSIlSpZGWmUF3EeIGnMqmAIIMkFYjYiiWwilTiBUPqmsOZrEuCiKUSiyyJxErMSL0EbesYRHplXxK26lPDcWKIsRw5IGiJExBmBHHES4e6EYQDA9ADKczFVTKA49A/wDAXAdJU8S4S5n0CMUhckENSpqZtYirEFuWO2FnE4WIIUyep5i+4aZgvoDCMvouXfpXoyy6hJumZS2W+hFkdBGPNwohDmHHA23SuEyNlli4kowMKegdKUTR6DbcIArcpBggehHiKlM4h6i1h6DD0plMF6K2YLao3n0gkFzFusRu6CWYtQeZlSMNQTxEr0sQA3O9DlvMIS49MKblkLRuMCCcQD9LMDARlrlsudYgV1ATEZ3DRDIkflibTucu4XA+iolfQomUb4nf6QdZVG4Z3CpSEVExhRmepltgeKcELMogehKH/iuaxmwmDLA5wBxErKZk3DG+E0qEWs8zJeUS0W7TFkPQQ5iRLKOZWDKuBlVGXcJlbxOCxrTasOYEKLHouU9KGI7ymCZhvZK2KTrxHdwHcpSoymWmUKJRgcEIN+g1KzzlIJilXMVGDKBfozMtg6+mTASorl+lo3ol4l+fQF+YUajWdU94QpYBJlUXL2S5BiiYYmEKObl0JiV3jCPEyMYkvY5maic6ikKsYbMxGa4lkd2cbM5MXMxTGpgYDxK9ClRoCbgjCpitTsgzmBLr0GZSsRIxeUcTJj0tjcZc+rLiVi+noqB6jyQezaPCXD7wwsiEp5lsC5M+JwmWwNL8QKKoURSXFslq9ZaicEBNCinMoMwIEQlPQdRNVDtjCyWwjc8E3fWL0lunppK9ZTmMeIibgd2ocObAzUa2eIJbPiN5YjuZbvERzAwYiDpM9wBAJUZK8TqxDESsSTsliKSqlymUiJdw9bhFZKWpWmB0SxG6gUgyp3w6U6VPRRnEq9MH5ibrHGQZZptkMOfKYB3FO4B9MRhRVNs9I1HkF95f5Emw4icTQvELPQD09Kq3KS4ASzljWXXbKhYqvR3+oZMpqgzDXddZT9RcbQgcQ5hCkmPUhT63','{\"_t\":\"default\",\"_v\":1,\"id\":2,\"lead_id\":1,\"status\":\"submitted\",\"inspected_at\":\"2555-09-10T17:15:00.000Z\",\"inspector_name\":\"MInh\",\"roof_type\":\"sdfFF\",\"roof_pitch_deg\":null,\"house_storey\":\"\",\"meter_phase\":\"single\",\"inverter_location\":\"sdfs\",\"msb_condition\":\"gôd\",\"shading\":\"\",\"additional_notes\":\"{\\\"_t\\\":\\\"default\\\",\\\"_v\\\":1,\\\"id\\\":2,\\\"lead_id\\\":1,\\\"status\\\":\\\"submitted\\\",\\\"inspected_at\\\":\\\"2555-09-11T03:15:00.000Z\\\",\\\"inspector_name\\\":\\\"MInh\\\",\\\"roof_type\\\":\\\"sdfFF\\\",\\\"roof_pitch_deg\\\":null,\\\"house_storey\\\":\\\"\\\",\\\"meter_phase\\\":\\\"single\\\",\\\"inverter_location\\\":\\\"sdfs\\\",\\\"msb_condition\\\":\\\"gôd\\\",\\\"shading\\\":\\\"\\\",\\\"additional_notes\\\":\\\"{\\\\\\\"_t\\\\\\\":\\\\\\\"default\\\\\\\",\\\\\\\"_v\\\\\\\":1,\\\\\\\"id\\\\\\\":2,\\\\\\\"lead_id\\\\\\\":1,\\\\\\\"status\\\\\\\":\\\\\\\"submitted\\\\\\\",\\\\\\\"inspected_at\\\\\\\":\\\\\\\"2555-09-11T13:15:00.000Z\\\\\\\",\\\\\\\"inspector_name\\\\\\\":\\\\\\\"MInh\\\\\\\",\\\\\\\"roof_type\\\\\\\":\\\\\\\"sdf\\\\\\\",\\\\\\\"roof_pitch_deg\\\\\\\":null,\\\\\\\"house_storey\\\\\\\":\\\\\\\"\\\\\\\",\\\\\\\"meter_phase\\\\\\\":\\\\\\\"single\\\\\\\",\\\\\\\"inverter_location\\\\\\\":\\\\\\\"sdfs\\\\\\\",\\\\\\\"msb_condition\\\\\\\":\\\\\\\"gôd\\\\\\\",\\\\\\\"shading\\\\\\\":\\\\\\\"\\\\\\\",\\\\\\\"additional_notes\\\\\\\":\\\\\\\"{\\\\\\\\\\\\\\\"_t\\\\\\\\\\\\\\\":\\\\\\\\\\\\\\\"default\\\\\\\\\\\\\\\",\\\\\\\\\\\\\\\"_v\\\\\\\\\\\\\\\":1,\\\\\\\\\\\\\\\"id\\\\\\\\\\\\\\\":2,\\\\\\\\\\\\\\\"lead_id\\\\\\\\\\\\\\\":1,\\\\\\\\\\\\\\\"status\\\\\\\\\\\\\\\":\\\\\\\\\\\\\\\"submitted\\\\\\\\\\\\\\\",\\\\\\\\\\\\\\\"inspected_at\\\\\\\\\\\\\\\":\\\\\\\\\\\\\\\"2555-09-11T23:15:00.000Z\\\\\\\\\\\\\\\",\\\\\\\\\\\\\\\"inspector_name\\\\\\\\\\\\\\\":\\\\\\\\\\\\\\\"MInh\\\\\\\\\\\\\\\",\\\\\\\\\\\\\\\"roof_type\\\\\\\\\\\\\\\":\\\\\\\\\\\\\\\"sdf\\\\\\\\\\\\\\\",\\\\\\\\\\\\\\\"roof_pitch_deg\\\\\\\\\\\\\\\":null,\\\\\\\\\\\\\\\"house_storey\\\\\\\\\\\\\\\":\\\\\\\\\\\\\\\"\\\\\\\\\\\\\\\",\\\\\\\\\\\\\\\"meter_phase\\\\\\\\\\\\\\\":\\\\\\\\\\\\\\\"single\\\\\\\\\\\\\\\",\\\\\\\\\\\\\\\"inverter_location\\\\\\\\\\\\\\\":\\\\\\\\\\\\\\\"sdfs\\\\\\\\\\\\\\\",\\\\\\\\\\\\\\\"msb_condition\\\\\\\\\\\\\\\":\\\\\\\\\\\\\\\"gôd\\\\\\\\\\\\\\\",\\\\\\\\\\\\\\\"shading\\\\\\\\\\\\\\\":\\\\\\\\\\\\\\\"\\\\\\\\\\\\\\\",\\\\\\\\\\\\\\\"additional_notes\\\\\\\\\\\\\\\":\\\\\\\\\\\\\\\"{\\\\\\\\\\\\\\\\\\\\\\\\\\\\\\\"_t\\\\\\\\\\\\\\\\\\\\\\\\\\\\\\\":\\\\\\\\\\\\\\\\\\\\\\\\\\\\\\\"default\\\\\\\\\\\\\\\\\\\\\\\\\\\\\\\",\\\\\\\\\\\\\\\\\\\\\\\\\\\\\\\"_v\\\\\\\\\\\\\\\\\\\\\\\\\\\\\\\":1,\\\\\\\\\\\\\\\\\\\\\\\\\\\\\\\"jobDetails\\\\\\\\\\\\\\\\\\\\\\\\\\\\\\\":{\\\\\\\\\\\\\\\\\\\\\\\\\\\\\\\"lifeSupportRequired\\\\\\\\\\\\\\\\\\\\\\\\\\\\\\\":\\\\\\\\\\\\\\\\\\\\\\\\\\\\\\\"\\\\\\\\\\\\\\\\\\\\\\\\\\\\\\\",\\\\\\\\\\\\\\\\\\\\\\\\\\\\\\\"consumerMains\\\\\\\\\\\\\\\\\\\\\\\\\\\\\\\":\\\\\\\\\\\\\\\\\\\\\\\\\\\\\\\"\\\\\\\\\\\\\\\\\\\\\\\\\\\\\\\",\\\\\\\\\\\\\\\\\\\\\\\\\\\\\\\"isMultiOccupancy\\\\\\\\\\\\\\\\\\\\\\\\\\\\\\\":\\\\\\\\\\\\\\\\\\\\\\\\\\\\\\\"\\\\\\\\\\\\\\\\\\\\\\\\\\\\\\\",\\\\\\\\\\\\\\\\\\\\\\\\\\\\\\\"storey\\\\\\\\\\\\\\\\\\\\\\\\\\\\\\\":\\\\\\\\\\\\\\\\\\\\\\\\\\\\\\\"\\\\\\\\\\\\\\\\\\\\\\\\\\\\\\\",\\\\\\\\\\\\\\\\\\\\\\\\\\\\\\\"inspectionCompany\\\\\\\\\\\\\\\\\\\\\\\\\\\\\\\":\\\\\\\\\\\\\\\\\\\\\\\\\\\\\\\"xTechs Renewables\\\\\\\\\\\\\\\\\\\\\\\\\\\\\\\",\\\\\\\\\\\\\\\\\\\\\\\\\\\\\\\"licenseSelfie\\\\\\\\\\\\\\\\\\\\\\\\\\\\\\\":null,\\\\\\\\\\\\\\\\\\\\\\\\\\\\\\\"fullHousePhoto\\\\\\\\\\\\\\\\\\\\\\\\\\\\\\\":null},\\\\\\\\\\\\\\\\\\\\\\\\\\\\\\\"switchboard\\\\\\\\\\\\\\\\\\\\\\\\\\\\\\\":{\\\\\\\\\\\\\\\\\\\\\\\\\\\\\\\"meterNumber\\\\\\\\\\\\\\\\\\\\\\\\\\\\\\\":\\\\\\\\\\\\\\\\\\\\\\\\\\\\\\\"\\\\\\\\\\\\\\\\\\\\\\\\\\\\\\\",\\\\\\\\\\\\\\\\\\\\\\\\\\\\\\\"nmi\\\\\\\\\\\\\\\\\\\\\\\\\\\\\\\":\\\\\\\\\\\\\\\\\\\\\\\\\\\\\\\"\\\\\\\\\\\\\\\\\\\\\\\\\\\\\\\",\\\\\\\\\\\\\\\\\\\\\\\\\\\\\\\"isCompliant\\\\\\\\\\\\\\\\\\\\\\\\\\\\\\\":\\\\\\\\\\\\\\\\\\\\\\\\\\\\\\\"\\\\\\\\\\\\\\\\\\\\\\\\\\\\\\\",\\\\\\\\\\\\\\\\\\\\\\\\\\\\\\\"phases\\\\\\\\\\\\\\\\\\\\\\\\\\\\\\\":\\\\\\\\\\\\\\\\\\\\\\\\\\\\\\\"\\\\\\\\\\\\\\\\\\\\\\\\\\\\\\\",\\\\\\\\\\\\\\\\\\\\\\\\\\\\\\\"biDirectionalMeter\\\\\\\\\\\\\\\\\\\\\\\\\\\\\\\":\\\\\\\\\\\\\\\\\\\\\\\\\\\\\\\"\\\\\\\\\\\\\\\\\\\\\\\\\\\\\\\",\\\\\\\\\\\\\\\\\\\\\\\\\\\\\\\"asbestosPresent\\\\\\\\\\\\\\\\\\\\\\\\\\\\\\\":\\\\\\\\\\\\\\\\\\\\\\\\\\\\\\\"\\\\\\\\\\\\\\\\\\\\\\\\\\\\\\\",\\\\\\\\\\\\\\\\\\\\\\\\\\\\\\\"mainSwitchRatingAmps\\\\\\\\\\\\\\\\\\\\\\\\\\\\\\\":\\\\\\\\\\\\\\\\\\\\\\\\\\\\\\\"\\\\\\\\\\\\\\\\\\\\\\\\\\\\\\\",\\\\\\\\\\\\\\\\\\\\\\\\\\\\\\\"pointOfAttachment\\\\\\\\\\\\\\\\\\\\\\\\\\\\\\\":\\\\\\\\\\\\\\\\\\\\\\\\\\\\\\\"\\\\\\\\\\\\\\\\\\\\\\\\\\\\\\\",\\\\\\\\\\\\\\\\\\\\\\\\\\\\\\\"distanceTxToPOA\\\\\\\\\\\\\\\\\\\\\\\\\\\\\\\":\\\\\\\\\\\\\\\\\\\\\\\\\\\\\\\"\\\\\\\\\\\\\\\\\\\\\\\\\\\\\\\",\\\\\\\\\\\\\\\\\\\\\\\\\\\\\\\"distancePOAToMSB\\\\\\\\\\\\\\\\\\\\\\\\\\\\\\\":\\\\\\\\\\\\\\\\\\\\\\\\\\\\\\\"\\\\\\\\\\\\\\\\\\\\\\\\\\\\\\\",\\\\\\\\\\\\\\\\\\\\\\\\\\\\\\\"consumerMainsCableSize\\\\\\\\\\\\\\\\\\\\\\\\\\\\\\\":\\\\\\\\\\\\\\\\\\\\\\\\\\\\\\\"\\\\\\\\\\\\\\\\\\\\\\\\\\\\\\\",\\\\\\\\\\\\\\\\\\\\\\\\\\\\\\\"consumerMainsCableType\\\\\\\\\\\\\\\\\\\\\\\\\\\\\\\":\\\\\\\\\\\\\\\\\\\\\\\\\\\\\\\"\\\\\\\\\\\\\\\\\\\\\\\\\\\\\\\",\\\\\\\\\\\\\\\\\\\\\\\\\\\\\\\"mainsRunMethod\\\\\\\\\\\\\\\\\\\\\\\\\\\\\\\":\\\\\\\\\\\\\\\\\\\\\\\\\\\\\\\"\\\\\\\\\\\\\\\\\\\\\\\\\\\\\\\",\\\\\\\\\\\\\\\\\\\\\\\\\\\\\\\"inverterToThisMSB\\\\\\\\\\\\\\\\\\\\\\\\\\\\\\\":\\\\\\\\\\\\\\\\\\\\\\\\\\\\\\\"\\\\\\\\\\\\\\\\\\\\\\\\\\\\\\\",\\\\\\\\\\\\\\\\\\\\\\\\\\\\\\\"spareForSolarMainBreaker\\\\\\\\\\\\\\\\\\\\\\\\\\\\\\\":\\\\\\\\\\\\\\\\\\\\\\\\\\\\\\\"\\\\\\\\\\\\\\\\\\\\\\\\\\\\\\\",\\\\\\\\\\\\\\\\\\\\\\\\\\\\\\\"spaceForSmartMeter\\\\\\\\\\\\\\\\\\\\\\\\\\\\\\\":\\\\\\\\\\\\\\\\\\\\\\\\\\\\\\\"\\\\\\\\\\\\\\\\\\\\\\\\\\\\\\\",\\\\\\\\\\\\\\\\\\\\\\\\\\\\\\\"distanceInverterFromMSB\\\\\\\\\\\\\\\\\\\\\\\\\\\\\\\":\\\\\\\\\\\\\\\\\\\\\\\\\\\\\\\"\\\\\\\\\\\\\\\\\\\\\\\\\\\\\\\",\\\\\\\\\\\\\\\\\\\\\\\\\\\\\\\"meterPhoto\\\\\\\\\\\\\\\\\\\\\\\\\\\\\\\":null,\\\\\\\\\\\\\\\\\\\\\\\\\\\\\\\"neutralEarthPhoto\\\\\\\\\\\\\\\\\\\\\\\\\\\\\\\":null,\\\\\\\\\\\\\\\\\\\\\\\\\\\\\\\"photoSwitchboardOn\\\\\\\\\\\\\\\\\\\\\\\\\\\\\\\":null,\\\\\\\\\\\\\\\\\\\\\\\\\\\\\\\"photoSwitchboardOff\\\\\\\\\\\\\\\\\\\\\\\\\\\\\\\":null,\\\\\\\\\\\\\\\\\\\\\\\\\\\\\\\"voltageReadingPhotos\\\\\\\\\\\\\\\\\\\\\\\\\\\\\\\":[]},\\\\\\\\\\\\\\\\\\\\\\\\\\\\\\\"subBoard\\\\\\\\\\\\\\\\\\\\\\\\\\\\\\\":{\\\\\\\\\\\\\\\\\\\\\\\\\\\\\\\"msbFeedsSubBoard\\\\\\\\\\\\\\\\\\\\\\\\\\\\\\\":\\\\\\\\\\\\\\\\\\\\\\\\\\\\\\\"\\\\\\\\\\\\\\\\\\\\\\\\\\\\\\\",\\\\\\\\\\\\\\\\\\\\\\\\\\\\\\\"subBoardPOCPhoto\\\\\\\\\\\\\\\\\\\\\\\\\\\\\\\":null},\\\\\\\\\\\\\\\\\\\\\\\\\\\\\\\"inverterLocation\\\\\\\\\\\\\\\\\\\\\\\\\\\\\\\":{\\\\\\\\\\\\\\\\\\\\\\\\\\\\\\\"requireACIsolator\\\\\\\\\\\\\\\\\\\\\\\\\\\\\\\":\\\\\\\\\\\\\\\\\\\\\\\\\\\\\\\"\\\\\\\\\\\\\\\\\\\\\\\\\\\\\\\",\\\\\\\\\\\\\\\\\\\\\\\\\\\\\\\"mountingMethod\\\\\\\\\\\\\\\\\\\\\\\\\\\\\\\":\\\\\\\\\\\\\\\\\\\\\\\\\\\\\\\"\\\\\\\\\\\\\\\\\\\\\\\\\\\\\\\",\\\\\\\\\\\\\\\\\\\\\\\\\\\\\\\"ventilationOK\\\\\\\\\\\\\\\\\\\\\\\\\\\\\\\":\\\\\\\\\\\\\\\\\\\\\\\\\\\\\\\"\\\\\\\\\\\\\\\\\\\\\\\\\\\\\\\",\\\\\\\\\\\\\\\\\\\\\\\\\\\\\\\"backingBoardNeeded\\\\\\\\\\\\\\\\\\\\\\\\\\\\\\\":\\\\\\\\\\\\\\\\\\\\\\\\\\\\\\\"\\\\\\\\\\\\\\\\\\\\\\\\\\\\\\\",\\\\\\\\\\\\\\\\\\\\\\\\\\\\\\\"directSunlight\\\\\\\\\\\\\\\\\\\\\\\\\\\\\\\":\\\\\\\\\\\\\\\\\\\\\\\\\\\\\\\"\\\\\\\\\\\\\\\\\\\\\\\\\\\\\\\",\\\\\\\\\\\\\\\\\\\\\\\\\\\\\\\"conduitRunDiscussed\\\\\\\\\\\\\\\\\\\\\\\\\\\\\\\":\\\\\\\\\\\\\\\\\\\\\\\\\\\\\\\"\\\\\\\\\\\\\\\\\\\\\\\\\\\\\\\",\\\\\\\\\\\\\\\\\\\\\\\\\\\\\\\"notes\\\\\\\\\\\\\\\\\\\\\\\\\\\\\\\":\\\\\\\\\\\\\\\\\\\\\\\\\\\\\\\"\\\\\\\\\\\\\\\\\\\\\\\\\\\\\\\",\\\\\\\\\\\\\\\\\\\\\\\\\\\\\\\"locationPhoto\\\\\\\\\\\\\\\\\\\\\\\\\\\\\\\":null},\\\\\\\\\\\\\\\\\\\\\\\\\\\\\\\"batteryDetails\\\\\\\\\\\\\\\\\\\\\\\\\\\\\\\":{\\\\\\\\\\\\\\\\\\\\\\\\\\\\\\\"installingBattery\\\\\\\\\\\\\\\\\\\\\\\\\\\\\\\":\\\\\\\\\\\\\\\\\\\\\\\\\\\\\\\"\\\\\\\\\\\\\\\\\\\\\\\\\\\\\\\",\\\\\\\\\\\\\\\\\\\\\\\\\\\\\\\"notes\\\\\\\\\\\\\\\\\\\\\\\\\\\\\\\":\\\\\\\\\\\\\\\\\\\\\\\\\\\\\\\"\\\\\\\\\\\\\\\\\\\\\\\\\\\\\\\"},\\\\\\\\\\\\\\\\\\\\\\\\\\\\\\\"monitoring\\\\\\\\\\\\\\\\\\\\\\\\\\\\\\\":{\\\\\\\\\\\\\\\\\\\\\\\\\\\\\\\"wifiAtLocation\\\\\\\\\\\\\\\\\\\\\\\\\\\\\\\":\\\\\\\\\\\\\\\\\\\\\\\\\\\\\\\"\\\\\\\\\\\\\\\\\\\\\\\\\\\\\\\",\\\\\\\\\\\\\\\\\\\\\\\\\\\\\\\"strongReception\\\\\\\\\\\\\\\\\\\\\\\\\\\\\\\":\\\\\\\\\\\\\\\\\\\\\\\\\\\\\\\"\\\\\\\\\\\\\\\\\\\\\\\\\\\\\\\",\\\\\\\\\\\\\\\\\\\\\\\\\\\\\\\"ethernetRunnable\\\\\\\\\\\\\\\\\\\\\\\\\\\\\\\":\\\\\\\\\\\\\\\\\\\\\\\\\\\\\\\"\\\\\\\\\\\\\\\\\\\\\\\\\\\\\\\",\\\\\\\\\\\\\\\\\\\\\\\\\\\\\\\"spareRouterPort\\\\\\\\\\\\\\\\\\\\\\\\\\\\\\\":\\\\\\\\\\\\\\\\\\\\\\\\\\\\\\\"\\\\\\\\\\\\\\\\\\\\\\\\\\\\\\\",\\\\\\\\\\\\\\\\\\\\\\\\\\\\\\\"wifiName\\\\\\\\\\\\\\\\\\\\\\\\\\\\\\\":\\\\\\\\\\\\\\\\\\\\\\\\\\\\\\\"\\\\\\\\\\\\\\\\\\\\\\\\\\\\\\\",\\\\\\\\\\\\\\\\\\\\\\\\\\\\\\\"wifiPassword\\\\\\\\\\\\\\\\\\\\\\\\\\\\\\\":\\\\\\\\\\\\\\\\\\\\\\\\\\\\\\\"\\\\\\\\\\\\\\\\\\\\\\\\\\\\\\\",\\\\\\\\\\\\\\\\\\\\\\\\\\\\\\\"distanceToEthernetPort\\\\\\\\\\\\\\\\\\\\\\\\\\\\\\\":\\\\\\\\\\\\\\\\\\\\\\\\\\\\\\\"\\\\\\\\\\\\\\\\\\\\\\\\\\\\\\\"},\\\\\\\\\\\\\\\\\\\\\\\\\\\\\\\"existingSystem\\\\\\\\\\\\\\\\\\\\\\\\\\\\\\\":{\\\\\\\\\\\\\\\\\\\\\\\\\\\\\\\"existingSolar\\\\\\\\\\\\\\\\\\\\\\\\\\\\\\\":\\\\\\\\\\\\\\\\\\\\\\\\\\\\\\\"\\\\\\\\\\\\\\\\\\\\\\\\\\\\\\\",\\\\\\\\\\\\\\\\\\\\\\\\\\\\\\\"existingBattery\\\\\\\\\\\\\\\\\\\\\\\\\\\\\\\":\\\\\\\\\\\\\\\\\\\\\\\\\\\\\\\"\\\\\\\\\\\\\\\\\\\\\\\\\\\\\\\"},\\\\\\\\\\\\\\\\\\\\\\\\\\\\\\\"roofProfile\\\\\\\\\\\\\\\\\\\\\\\\\\\\\\\":{\\\\\\\\\\\\\\\\\\\\\\\\\\\\\\\"roofHeightMeters\\\\\\\\\\\\\\\\\\\\\\\\\\\\\\\":\\\\\\\\\\\\\\\\\\\\\\\\\\\\\\\"\\\\\\\\\\\\\\\\\\\\\\\\\\\\\\\",\\\\\\\\\\\\\\\\\\\\\\\\\\\\\\\"safeAccess\\\\\\\\\\\\\\\\\\\\\\\\\\\\\\\":\\\\\\\\\\\\\\\\\\\\\\\\\\\\\\\"\\\\\\\\\\\\\\\\\\\\\\\\\\\\\\\",\\\\\\\\\\\\\\\\\\\\\\\\\\\\\\\"accessMethod\\\\\\\\\\\\\\\\\\\\\\\\\\\\\\\":\\\\\\\\\\\\\\\\\\\\\\\\\\\\\\\"\\\\\\\\\\\\\\\\\\\\\\\\\\\\\\\",\\\\\\\\\\\\\\\\\\\\\\\\\\\\\\\"panelCarryMethod\\\\\\\\\\\\\\\\\\\\\\\\\\\\\\\":\\\\\\\\\\\\\\\\\\\\\\\\\\\\\\\"\\\\\\\\\\\\\\\\\\\\\\\\\\\\\\\",\\\\\\\\\\\\\\\\\\\\\\\\\\\\\\\"edgeProtectionRequired\\\\\\\\\\\\\\\\\\\\\\\\\\\\\\\":\\\\\\\\\\\\\\\\\\\\\\\\\\\\\\\"\\\\\\\\\\\\\\\\\\\\\\\\\\\\\\\",\\\\\\\\\\\\\\\\\\\\\\\\\\\\\\\"edgeProtectionAvailable\\\\\\\\\\\\\\\\\\\\\\\\\\\\\\\":\\\\\\\\\\\\\\\\\\\\\\\\\\\\\\\"\\\\\\\\\\\\\\\\\\\\\\\\\\\\\\\",\\\\\\\\\\\\\\\\\\\\\\\\\\\\\\\"edgeProtectionMeters\\\\\\\\\\\\\\\\\\\\\\\\\\\\\\\":\\\\\\\\\\\\\\\\\\\\\\\\\\\\\\\"\\\\\\\\\\\\\\\\\\\\\\\\\\\\\\\",\\\\\\\\\\\\\\\\\\\\\\\\\\\\\\\"roofMaterial\\\\\\\\\\\\\\\\\\\\\\\\\\\\\\\":\\\\\\\\\\\\\\\\\\\\\\\\\\\\\\\"\\\\\\\\\\\\\\\\\\\\\\\\\\\\\\\",\\\\\\\\\\\\\\\\\\\\\\\\\\\\\\\"roofConditionOK\\\\\\\\\\\\\\\\\\\\\\\\\\\\\\\":\\\\\\\\\\\\\\\\\\\\\\\\\\\\\\\"\\\\\\\\\\\\\\\\\\\\\\\\\\\\\\\",\\\\\\\\\\\\\\\\\\\\\\\\\\\\\\\"section1Pitch\\\\\\\\\\\\\\\\\\\\\\\\\\\\\\\":\\\\\\\\\\\\\\\\\\\\\\\\\\\\\\\"\\\\\\\\\\\\\\\\\\\\\\\\\\\\\\\",\\\\\\\\\\\\\\\\\\\\\\\\\\\\\\\"section2Pitch\\\\\\\\\\\\\\\\\\\\\\\\\\\\\\\":\\\\\\\\\\\\\\\\\\\\\\\\\\\\\\\"\\\\\\\\\\\\\\\\\\\\\\\\\\\\\\\",\\\\\\\\\\\\\\\\\\\\\\\\\\\\\\\"section3Pitch\\\\\\\\\\\\\\\\\\\\\\\\\\\\\\\":\\\\\\\\\\\\\\\\\\\\\\\\\\\\\\\"\\\\\\\\\\\\\\\\\\\\\\\\\\\\\\\",\\\\\\\\\\\\\\\\\\\\\\\\\\\\\\\"anchorPoints\\\\\\\\\\\\\\\\\\\\\\\\\\\\\\\":\\\\\\\\\\\\\\\\\\\\\\\\\\\\\\\"\\\\\\\\\\\\\\\\\\\\\\\\\\\\\\\",\\\\\\\\\\\\\\\\\\\\\\\\\\\\\\\"skylights\\\\\\\\\\\\\\\\\\\\\\\\\\\\\\\":\\\\\\\\\\\\\\\\\\\\\\\\\\\\\\\"\\\\\\\\\\\\\\\\\\\\\\\\\\\\\\\",\\\\\\\\\\\\\\\\\\\\\\\\\\\\\\\"designFits\\\\\\\\\\\\\\\\\\\\\\\\\\\\\\\":\\\\\\\\\\\\\\\\\\\\\\\\\\\\\\\"\\\\\\\\\\\\\\\\\\\\\\\\\\\\\\\",\\\\\\\\\\\\\\\\\\\\\\\\\\\\\\\"tiltsRequired\\\\\\\\\\\\\\\\\\\\\\\\\\\\\\\":\\\\\\\\\\\\\\\\\\\\\\\\\\\\\\\"\\\\\\\\\\\\\\\\\\\\\\\\\\\\\\\",\\\\\\\\\\\\\\\\\\\\\\\\\\\\\\\"tiltAngle\\\\\\\\\\\\\\\\\\\\\\\\\\\\\\\":\\\\\\\\\\\\\\\\\\\\\\\\\\\\\\\"\\\\\\\\\\\\\\\\\\\\\\\\\\\\\\\",\\\\\\\\\\\\\\\\\\\\\\\\\\\\\\\"spareTilesAvailable\\\\\\\\\\\\\\\\\\\\\\\\\\\\\\\":\\\\\\\\\\\\\\\\\\\\\\\\\\\\\\\"\\\\\\\\\\\\\\\\\\\\\\\\\\\\\\\",\\\\\\\\\\\\\\\\\\\\\\\\\\\\\\\"structureForModules\\\\\\\\\\\\\\\\\\\\\\\\\\\\\\\":\\\\\\\\\\\\\\\\\\\\\\\\\\\\\\\"\\\\\\\\\\\\\\\\\\\\\\\\\\\\\\\",\\\\\\\\\\\\\\\\\\\\\\\\\\\\\\\"shadingIssues\\\\\\\\\\\\\\\\\\\\\\\\\\\\\\\":\\\\\\\\\\\\\\\\\\\\\\\\\\\\\\\"\\\\\\\\\\\\\\\\\\\\\\\\\\\\\\\",\\\\\\\\\\\\\\\\\\\\\\\\\\\\\\\"dcCableRunMeters\\\\\\\\\\\\\\\\\\\\\\\\\\\\\\\":\\\\\\\\\\\\\\\\\\\\\\\\\\\\\\\"\\\\\\\\\\\\\\\\\\\\\\\\\\\\\\\",\\\\\\\\\\\\\\\\\\\\\\\\\\\\\\\"dcConduitMeters\\\\\\\\\\\\\\\\\\\\\\\\\\\\\\\":\\\\\\\\\\\\\\\\\\\\\\\\\\\\\\\"\\\\\\\\\\\\\\\\\\\\\\\\\\\\\\\",\\\\\\\\\\\\\\\\\\\\\\\\\\\\\\\"edgeProtectionPhoto\\\\\\\\\\\\\\\\\\\\\\\\\\\\\\\":null,\\\\\\\\\\\\\\\\\\\\\\\\\\\\\\\"section1Photo\\\\\\\\\\\\\\\\\\\\\\\\\\\\\\\":null,\\\\\\\\\\\\\\\\\\\\\\\\\\\\\\\"section2Photo\\\\\\\\\\\\\\\\\\\\\\\\\\\\\\\":null,\\\\\\\\\\\\\\\\\\\\\\\\\\\\\\\"section3Photo\\\\\\\\\\\\\\\\\\\\\\\\\\\\\\\":null},\\\\\\\\\\\\\\\\\\\\\\\\\\\\\\\"mudMap\\\\\\\\\\\\\\\\\\\\\\\\\\\\\\\":{\\\\\\\\\\\\\\\\\\\\\\\\\\\\\\\"accessNotes\\\\\\\\\\\\\\\\\\\\\\\\\\\\\\\":\\\\\\\\\\\\\\\\\\\\\\\\\\\\\\\"\\\\\\\\\\\\\\\\\\\\\\\\\\\\\\\",\\\\\\\\\\\\\\\\\\\\\\\\\\\\\\\"mapPhoto\\\\\\\\\\\\\\\\\\\\\\\\\\\\\\\":null},\\\\\\\\\\\\\\\\\\\\\\\\\\\\\\\"shading\\\\\\\\\\\\\\\\\\\\\\\\\\\\\\\":\\\\\\\\\\\\\\\\\\\\\\\\\\\\\\\"\\\\\\\\\\\\\\\\\\\\\\\\\\\\\\\",\\\\\\\\\\\\\\\\\\\\\\\\\\\\\\\"electrical\\\\\\\\\\\\\\\\\\\\\\\\\\\\\\\":{\\\\\\\\\\\\\\\\\\\\\\\\\\\\\\\"hazards\\\\\\\\\\\\\\\\\\\\\\\\\\\\\\\":[],\\\\\\\\\\\\\\\\\\\\\\\\\\\\\\\"other\\\\\\\\\\\\\\\\\\\\\\\\\\\\\\\":\\\\\\\\\\\\\\\\\\\\\\\\\\\\\\\"\\\\\\\\\\\\\\\\\\\\\\\\\\\\\\\",\\\\\\\\\\\\\\\\\\\\\\\\\\\\\\\"notes\\\\\\\\\\\\\\\\\\\\\\\\\\\\\\\":\\\\\\\\\\\\\\\\\\\\\\\\\\\\\\\"\\\\\\\\\\\\\\\\\\\\\\\\\\\\\\\"},\\\\\\\\\\\\\\\\\\\\\\\\\\\\\\\"recommendations\\\\\\\\\\\\\\\\\\\\\\\\\\\\\\\":{\\\\\\\\\\\\\\\\\\\\\\\\\\\\\\\"count\\\\\\\\\\\\\\\\\\\\\\\\\\\\\\\":0,\\\\\\\\\\\\\\\\\\\\\\\\\\\\\\\"summary\\\\\\\\\\\\\\\\\\\\\\\\\\\\\\\":\\\\\\\\\\\\\\\\\\\\\\\\\\\\\\\"\\\\\\\\\\\\\\\\\\\\\\\\\\\\\\\",\\\\\\\\\\\\\\\\\\\\\\\\\\\\\\\"items\\\\\\\\\\\\\\\\\\\\\\\\\\\\\\\":[]},\\\\\\\\\\\\\\\\\\\\\\\\\\\\\\\"id\\\\\\\\\\\\\\\\\\\\\\\\\\\\\\\":2,\\\\\\\\\\\\\\\\\\\\\\\\\\\\\\\"lead_id\\\\\\\\\\\\\\\\\\\\\\\\\\\\\\\":1,\\\\\\\\\\\\\\\\\\\\\\\\\\\\\\\"status\\\\\\\\\\\\\\\\\\\\\\\\\\\\\\\":\\\\\\\\\\\\\\\\\\\\\\\\\\\\\\\"draft\\\\\\\\\\\\\\\\\\\\\\\\\\\\\\\",\\\\\\\\\\\\\\\\\\\\\\\\\\\\\\\"inspected_at\\\\\\\\\\\\\\\\\\\\\\\\\\\\\\\":\\\\\\\\\\\\\\\\\\\\\\\\\\\\\\\"2555-09-12T09:15\\\\\\\\\\\\\\\\\\\\\\\\\\\\\\\",\\\\\\\\\\\\\\\\\\\\\\\\\\\\\\\"inspector_name\\\\\\\\\\\\\\\\\\\\\\\\\\\\\\\":\\\\\\\\\\\\\\\\\\\\\\\\\\\\\\\"MInh\\\\\\\\\\\\\\\\\\\\\\\\\\\\\\\",\\\\\\\\\\\\\\\\\\\\\\\\\\\\\\\"roof_type\\\\\\\\\\\\\\\\\\\\\\\\\\\\\\\":\\\\\\\\\\\\\\\\\\\\\\\\\\\\\\\"sdf\\\\\\\\\\\\\\\\\\\\\\\\\\\\\\\",\\\\\\\\\\\\\\\\\\\\\\\\\\\\\\\"roof_pitch_deg\\\\\\\\\\\\\\\\\\\\\\\\\\\\\\\":null,\\\\\\\\\\\\\\\\\\\\\\\\\\\\\\\"house_storey\\\\\\\\\\\\\\\\\\\\\\\\\\\\\\\":\\\\\\\\\\\\\\\\\\\\\\\\\\\\\\\"\\\\\\\\\\\\\\\\\\\\\\\\\\\\\\\",\\\\\\\\\\\\\\\\\\\\\\\\\\\\\\\"meter_phase\\\\\\\\\\\\\\\\\\\\\\\\\\\\\\\":\\\\\\\\\\\\\\\\\\\\\\\\\\\\\\\"single\\\\\\\\\\\\\\\\\\\\\\\\\\\\\\\",\\\\\\\\\\\\\\\\\\\\\\\\\\\\\\\"inverter_location\\\\\\\\\\\\\\\\\\\\\\\\\\\\\\\":\\\\\\\\\\\\\\\\\\\\\\\\\\\\\\\"sdfs\\\\\\\\\\\\\\\\\\\\\\\\\\\\\\\",\\\\\\\\\\\\\\\\\\\\\\\\\\\\\\\"msb_condition\\\\\\\\\\\\\\\\\\\\\\\\\\\\\\\":\\\\\\\\\\\\\\\\\\\\\\\\\\\\\\\"gôd\\\\\\\\\\\\\\\\\\\\\\\\\\\\\\\",\\\\\\\\\\\\\\\\\\\\\\\\\\\\\\\"additional_notes\\\\\\\\\\\\\\\\\\\\\\\\\\\\\\\":\\\\\\\\\\\\\\\\\\\\\\\\\\\\\\\"{\\\\\\\\\\\\\\\\\\\\\\\\\\\\\\\\\\\\\\\\\\\\\\\\\\\\\\\\\\\\\\\"jobDetails\\\\\\\\\\\\\\\\\\\\\\\\\\\\\\\\\\\\\\\\\\\\\\\\\\\\\\\\\\\\\\\":{\\\\\\\\\\\\\\\\\\\\\\\\\\\\\\\\\\\\\\\\\\\\\\\\\\\\\\\\\\\\\\\"lifeSupportRequired\\\\\\\\\\\\\\\\\\\\\\\\\\\\\\\\\\\\\\\\\\\\\\\\\\\\\\\\\\\\\\\":\\\\\\\\\\\\\\\\\\\\\\\\\\\\\\\\\\\\\\\\\\\\\\\\\\\\\\\\\\\\\\\"\\\\\\\\\\\\\\\\\\\\\\\\\\\\\\\\\\\\\\\\\\\\\\\\\\\\\\\\\\\\\\\",\\\\\\\\\\\\\\\\\\\\\\\\\\\\\\\\\\\\\\\\\\\\\\\\\\\\\\\\\\\\\\\"consumerMains\\\\\\\\\\\\\\\\\\\\\\\\\\\\\\\\\\\\\\\\\\\\\\\\\\\\\\\\\\\\\\\":\\\\\\\\\\\\\\\\\\\\\\\\\\\\\\\\\\\\\\\\\\\\\\\\\\\\\\\\\\\\\\\"\\\\\\\\\\\\\\\\\\\\\\\\\\\\\\\\\\\\\\\\\\\\\\\\\\\\\\\\\\\\\\\",\\\\\\\\\\\\\\\\\\\\\\\\\\\\\\\\\\\\\\\\\\\\\\\\\\\\\\\\\\\\\\\"isMultiOccupancy\\\\\\\\\\\\\\\\\\\\\\\\\\\\\\\\\\\\\\\\\\\\\\\\\\\\\\\\\\\\\\\":\\\\\\\\\\\\\\\\\\\\\\\\\\\\\\\\\\\\\\\\\\\\\\\\\\\\\\\\\\\\\\\"\\\\\\\\\\\\\\\\\\\\\\\\\\\\\\\\\\\\\\\\\\\\\\\\\\\\\\\\\\\\\\\",\\\\\\\\\\\\\\\\\\\\\\\\\\\\\\\\\\\\\\\\\\\\\\\\\\\\\\\\\\\\\\\"storey\\\\\\\\\\\\\\\\\\\\\\\\\\\\\\\\\\\\\\\\\\\\\\\\\\\\\\\\\\\\\\\":\\\\\\\\\\\\\\\\\\\\\\\\\\\\\\\\\\\\\\\\\\\\\\\\\\\\\\\\\\\\\\\"\\\\\\\\\\\\\\\\\\\\\\\\\\\\\\\\\\\\\\\\\\\\\\\\\\\\\\\\\\\\\\\",\\\\\\\\\\\\\\\\\\\\\\\\\\\\\\\\\\\\\\\\\\\\\\\\\\\\\\\\\\\\\\\"inspectionCompany\\\\\\\\\\\\\\\\\\\\\\\\\\\\\\\\\\\\\\\\\\\\\\\\\\\\\\\\\\\\\\\":\\\\\\\\\\\\\\\\\\\\\\\\\\\\\\\\\\\\\\\\\\\\\\\\\\\\\\\\\\\\\\\"xTechs Renewables\\\\\\\\\\\\\\\\\\\\\\\\\\\\\\\\\\\\\\\\\\\\\\\\\\\\\\\\\\\\\\\",\\\\\\\\\\\\\\\\\\\\\\\\\\\\\\\\\\\\\\\\\\\\\\\\\\\\\\\\\\\\\\\"licenseSelfie\\\\\\\\\\\\\\\\\\\\\\\\\\\\\\\\\\\\\\\\\\\\\\\\\\\\\\\\\\\\\\\":null,\\\\\\\\\\\\\\\\\\\\\\\\\\\\\\\\\\\\\\\\\\\\\\\\\\\\\\\\\\\\\\\"fullHousePhoto\\\\\\\\\\\\\\\\\\\\\\\\\\\\\\\\\\\\\\\\\\\\\\\\\\\\\\\\\\\\\\\":null},\\\\\\\\\\\\\\\\\\\\\\\\\\\\\\\\\\\\\\\\\\\\\\\\\\\\\\\\\\\\\\\"switchboard\\\\\\\\\\\\\\\\\\\\\\\\\\\\\\\\\\\\\\\\\\\\\\\\\\\\\\\\\\\\\\\":{\\\\\\\\\\\\\\\\\\\\\\\\\\\\\\\\\\\\\\\\\\\\\\\\\\\\\\\\\\\\\\\"meterNumber\\\\\\\\\\\\\\\\\\\\\\\\\\\\\\\\\\\\\\\\\\\\\\\\\\\\\\\\\\\\\\\":\\\\\\\\\\\\\\\\\\\\\\\\\\\\\\\\\\\\\\\\\\\\\\\\\\\\\\\\\\\\\\\"\\\\\\\\\\\\\\\\\\\\\\\\\\\\\\\\\\\\\\\\\\\\\\\\\\\\\\\\\\\\\\\",\\\\\\\\\\\\\\\\\\\\\\\\\\\\\\\\\\\\\\\\\\\\\\\\\\\\\\\\\\\\\\\"nmi\\\\\\\\\\\\\\\\\\\\\\\\\\\\\\\\\\\\\\\\\\\\\\\\\\\\\\\\\\\\\\\":\\\\\\\\\\\\\\\\\\\\\\\\\\\\\\\\\\\\\\\\\\\\\\\\\\\\\\\\\\\\\\\"\\\\\\\\\\\\\\\\\\\\\\\\\\\\\\\\\\\\\\\\\\\\\\\\\\\\\\\\\\\\\\\",\\\\\\\\\\\\\\\\\\\\\\\\\\\\\\\\\\\\\\\\\\\\\\\\\\\\\\\\\\\\\\\"isCompliant\\\\\\\\\\\\\\\\\\\\\\\\\\\\\\\\\\\\\\\\\\\\\\\\\\\\\\\\\\\\\\\":\\\\\\\\\\\\\\\\\\\\\\\\\\\\\\\\\\\\\\\\\\\\\\\\\\\\\\\\\\\\\\\"\\\\\\\\\\\\\\\\\\\\\\\\\\\\\\\\\\\\\\\\\\\\\\\\\\\\\\\\\\\\\\\",\\\\\\\\\\\\\\\\\\\\\\\\\\\\\\\\\\\\\\\\\\\\\\\\\\\\\\\\\\\\\\\"phases\\\\\\\\\\\\\\\\\\\\\\\\\\\\\\\\\\\\\\\\\\\\\\\\\\\\\\\\\\\\\\\":\\\\\\\\\\\\\\\\\\\\\\\\\\\\\\\\\\\\\\\\\\\\\\\\\\\\\\\\\\\\\\\"\\\\\\\\\\\\\\\\\\\\\\\\\\\\\\\\\\\\\\\\\\\\\\\\\\\\\\\\\\\\\\\",\\\\\\\\\\\\\\\\\\\\\\\\\\\\\\\\\\\\\\\\\\\\\\\\\\\\\\\\\\\\\\\"biDirectionalMeter\\\\\\\\\\\\\\\\\\\\\\\\\\\\\\\\\\\\\\\\\\\\\\\\\\\\\\\\\\\\\\\":\\\\\\\\\\\\\\\\\\\\\\\\\\\\\\\\\\\\\\\\\\\\\\\\\\\\\\\\\\\\\\\"\\\\\\\\\\\\\\\\\\\\\\\\\\\\\\\\\\\\\\\\\\\\\\\\\\\\\\\\\\\\\\\",\\\\\\\\\\\\\\\\\\\\\\\\\\\\\\\\\\\\\\\\\\\\\\\\\\\\\\\\\\\\\\\"asbestosPresent\\\\\\\\\\\\\\\\\\\\\\\\\\\\\\\\\\\\\\\\\\\\\\\\\\\\\\\\\\\\\\\":\\\\\\\\\\\\\\\\\\\\\\\\\\\\\\\\\\\\\\\\\\\\\\\\\\\\\\\\\\\\\\\"\\\\\\\\\\\\\\\\\\\\\\\\\\\\\\\\\\\\\\\\\\\\\\\\\\\\\\\\\\\\\\\",\\\\\\\\\\\\\\\\\\\\\\\\\\\\\\\\\\\\\\\\\\\\\\\\\\\\\\\\\\\\\\\"mainSwitchRatingAmps\\\\\\\\\\\\\\\\\\\\\\\\\\\\\\\\\\\\\\\\\\\\\\\\\\\\\\\\\\\\\\\":\\\\\\\\\\\\\\\\\\\\\\\\\\\\\\\\\\\\\\\\\\\\\\\\\\\\\\\\\\\\\\\"\\\\\\\\\\\\\\\\\\\\\\\\\\\\\\\\\\\\\\\\\\\\\\\\\\\\\\\\\\\\\\\",\\\\\\\\\\\\\\\\\\\\\\\\\\\\\\\\\\\\\\\\\\\\\\\\\\\\\\\\\\\\\\\"pointOfAttachment\\\\\\\\\\\\\\\\\\\\\\\\\\\\\\\\\\\\\\\\\\\\\\\\\\\\\\\\\\\\\\\":\\\\\\\\\\\\\\\\\\\\\\\\\\\\\\\\\\\\\\\\\\\\\\\\\\\\\\\\\\\\\\\"\\\\\\\\\\\\\\\\\\\\\\\\\\\\\\\\\\\\\\\\\\\\\\\\\\\\\\\\\\\\\\\",\\\\\\\\\\\\\\\\\\\\\\\\\\\\\\\\\\\\\\\\\\\\\\\\\\\\\\\\\\\\\\\"distanceTxToPOA\\\\\\\\\\\\\\\\\\\\\\\\\\\\\\\\\\\\\\\\\\\\\\\\\\\\\\\\\\\\\\\":\\\\\\\\\\\\\\\\\\\\\\\\\\\\\\\\\\\\\\\\\\\\\\\\\\\\\\\\\\\\\\\"\\\\\\\\\\\\\\\\\\\\\\\\\\\\\\\\\\\\\\\\\\\\\\\\\\\\\\\\\\\\\\\",\\\\\\\\\\\\\\\\\\\\\\\\\\\\\\\\\\\\\\\\\\\\\\\\\\\\\\\\\\\\\\\"distancePOAToMSB\\\\\\\\\\\\\\\\\\\\\\\\\\\\\\\\\\\\\\\\\\\\\\\\\\\\\\\\\\\\\\\":\\\\\\\\\\\\\\\\\\\\\\\\\\\\\\\\\\\\\\\\\\\\\\\\\\\\\\\\\\\\\\\"\\\\\\\\\\\\\\\\\\\\\\\\\\\\\\\\\\\\\\\\\\\\\\\\\\\\\\\\\\\\\\\",\\\\\\\\\\\\\\\\\\\\\\\\\\\\\\\\\\\\\\\\\\\\\\\\\\\\\\\\\\\\\\\"consumerMainsCableSize\\\\\\\\\\\\\\\\\\\\\\\\\\\\\\\\\\\\\\\\\\\\\\\\\\\\\\\\\\\\\\\":\\\\\\\\\\\\\\\\\\\\\\\\\\\\\\\\\\\\\\\\\\\\\\\\\\\\\\\\\\\\\\\"\\\\\\\\\\\\\\\\\\\\\\\\\\\\\\\\\\\\\\\\\\\\\\\\\\\\\\\\\\\\\\\",\\\\\\\\\\\\\\\\\\\\\\\\\\\\\\\\\\\\\\\\\\\\\\\\\\\\\\\\\\\\\\\"consumerMainsCableType\\\\\\\\\\\\\\\\\\\\\\\\\\\\\\\\\\\\\\\\\\\\\\\\\\\\\\\\\\\\\\\":\\\\\\\\\\\\\\\\\\\\\\\\\\\\\\\\\\\\\\\\\\\\\\\\\\\\\\\\\\\\\\\"\\\\\\\\\\\\\\\\\\\\\\\\\\\\\\\\\\\\\\\\\\\\\\\\\\\\\\\\\\\\\\\",\\\\\\\\\\\\\\\\\\\\\\\\\\\\\\\\\\\\\\\\\\\\\\\\\\\\\\\\\\\\\\\"mainsRunMethod\\\\\\\\\\\\\\\\\\\\\\\\\\\\\\\\\\\\\\\\\\\\\\\\\\\\\\\\\\\\\\\":\\\\\\\\\\\\\\\\\\\\\\\\\\\\\\\\\\\\\\\\\\\\\\\\\\\\\\\\\\\\\\\"\\\\\\\\\\\\\\\\\\\\\\\\\\\\\\\\\\\\\\\\\\\\\\\\\\\\\\\\\\\\\\\",\\\\\\\\\\\\\\\\\\\\\\\\\\\\\\\\\\\\\\\\\\\\\\\\\\\\\\\\\\\\\\\"inverterToThisMSB\\\\\\\\\\\\\\\\\\\\\\\\\\\\\\\\\\\\\\\\\\\\\\\\\\\\\\\\\\\\\\\":\\\\\\\\\\\\\\\\\\\\\\\\\\\\\\\\\\\\\\\\\\\\\\\\\\\\\\\\\\\\\\\"\\\\\\\\\\\\\\\\\\\\\\\\\\\\\\\\\\\\\\\\\\\\\\\\\\\\\\\\\\\\\\\",\\\\\\\\\\\\\\\\\\\\\\\\\\\\\\\\\\\\\\\\\\\\\\\\\\\\\\\\\\\\\\\"spareForSolarMainBreaker\\\\\\\\\\\\\\\\\\\\\\\\\\\\\\\\\\\\\\\\\\\\\\\\\\\\\\\\\\\\\\\":\\\\\\\\\\\\\\\\\\\\\\\\\\\\\\\\\\\\\\\\\\\\\\\\\\\\\\\\\\\\\\\"\\\\\\\\\\\\\\\\\\\\\\\\\\\\\\\\\\\\\\\\\\\\\\\\\\\\\\\\\\\\\\\",\\\\\\\\\\\\\\\\\\\\\\\\\\\\\\\\\\\\\\\\\\\\\\\\\\\\\\\\\\\\\\\"spaceForSmartMeter\\\\\\\\\\\\\\\\\\\\\\\\\\\\\\\\\\\\\\\\\\\\\\\\\\\\\\\\\\\\\\\":\\\\\\\\\\\\\\\\\\\\\\\\\\\\\\\\\\\\\\\\\\\\\\\\\\\\\\\\\\\\\\\"\\\\\\\\\\\\\\\\\\\\\\\\\\\\\\\\\\\\\\\\\\\\\\\\\\\\\\\\\\\\\\\",\\\\\\\\\\\\\\\\\\\\\\\\\\\\\\\\\\\\\\\\\\\\\\\\\\\\\\\\\\\\\\\"distanceInverterFromMSB\\\\\\\\\\\\\\\\\\\\\\\\\\\\\\\\\\\\\\\\\\\\\\\\\\\\\\\\\\\\\\\":\\\\\\\\\\\\\\\\\\\\\\\\\\\\\\\\\\\\\\\\\\\\\\\\\\\\\\\\\\\\\\\"\\\\\\\\\\\\\\\\\\\\\\\\\\\\\\\\\\\\\\\\\\\\\\\\\\\\\\\\\\\\\\\",\\\\\\\\\\\\\\\\\\\\\\\\\\\\\\\\\\\\\\\\\\\\\\\\\\\\\\\\\\\\\\\"meterPhoto\\\\\\\\\\\\\\\\\\\\\\\\\\\\\\\\\\\\\\\\\\\\\\\\\\\\\\\\\\\\\\\":null,\\\\\\\\\\\\\\\\\\\\\\\\\\\\\\\\\\\\\\\\\\\\\\\\\\\\\\\\\\\\\\\"neutralEarthPhoto\\\\\\\\\\\\\\\\\\\\\\\\\\\\\\\\\\\\\\\\\\\\\\\\\\\\\\\\\\\\\\\":null,\\\\\\\\\\\\\\\\\\\\\\\\\\\\\\\\\\\\\\\\\\\\\\\\\\\\\\\\\\\\\\\"photoSwitchboardOn\\\\\\\\\\\\\\\\\\\\\\\\\\\\\\\\\\\\\\\\\\\\\\\\\\\\\\\\\\\\\\\":null,\\\\\\\\\\\\\\\\\\\\\\\\\\\\\\\\\\\\\\\\\\\\\\\\\\\\\\\\\\\\\\\"photoSwitchboardOff\\\\\\\\\\\\\\\\\\\\\\\\\\\\\\\\\\\\\\\\\\\\\\\\\\\\\\\\\\\\\\\":null,\\\\\\\\\\\\\\\\\\\\\\\\\\\\\\\\\\\\\\\\\\\\\\\\\\\\\\\\\\\\\\\"voltageReadingPhotos\\\\\\\\\\\\\\\\\\\\\\\\\\\\\\\\\\\\\\\\\\\\\\\\\\\\\\\\\\\\\\\":[]},\\\\\\\\\\\\\\\\\\\\\\\\\\\\\\\\\\\\\\\\\\\\\\\\\\\\\\\\\\\\\\\"subBoard\\\\\\\\\\\\\\\\\\\\\\\\\\\\\\\\\\\\\\\\\\\\\\\\\\\\\\\\\\\\\\\":{\\\\\\\\\\\\\\\\\\\\\\\\\\\\\\\\\\\\\\\\\\\\\\\\\\\\\\\\\\\\\\\"msbFeedsSubBoard\\\\\\\\\\\\\\\\\\\\\\\\\\\\\\\\\\\\\\\\\\\\\\\\\\\\\\\\\\\\\\\":\\\\\\\\\\\\\\\\\\\\\\\\\\\\\\\\\\\\\\\\\\\\\\\\\\\\\\\\\\\\\\\"\\\\\\\\\\\\\\\\\\\\\\\\\\\\\\\\\\\\\\\\\\\\\\\\\\\\\\\\\\\\\\\",\\\\\\\\\\\\\\\\\\\\\\\\\\\\\\\\\\\\\\\\\\\\\\\\\\\\\\\\\\\\\\\"subBoardPOCPhoto\\\\\\\\\\\\\\\\\\\\\\\\\\\\\\\\\\\\\\\\\\\\\\\\\\\\\\\\\\\\\\\":null},\\\\\\\\\\\\\\\\\\\\\\\\\\\\\\\\\\\\\\\\\\\\\\\\\\\\\\\\\\\\\\\"inverterLocation\\\\\\\\\\\\\\\\\\\\\\\\\\\\\\\\\\\\\\\\\\\\\\\\\\\\\\\\\\\\\\\":{\\\\\\\\\\\\\\\\\\\\\\\\\\\\\\\\\\\\\\\\\\\\\\\\\\\\\\\\\\\\\\\"requireACIsolator\\\\\\\\\\\\\\\\\\\\\\\\\\\\\\\\\\\\\\\\\\\\\\\\\\\\\\\\\\\\\\\":\\\\\\\\\\\\\\\\\\\\\\\\\\\\\\\\\\\\\\\\\\\\\\\\\\\\\\\\\\\\\\\"\\\\\\\\\\\\\\\\\\\\\\\\\\\\\\\\\\\\\\\\\\\\\\\\\\\\\\\\\\\\\\\",\\\\\\\\\\\\\\\\\\\\\\\\\\\\\\\\\\\\\\\\\\\\\\\\\\\\\\\\\\\\\\\"mountingMethod\\\\\\\\\\\\\\\\\\\\\\\\\\\\\\\\\\\\\\\\\\\\\\\\\\\\\\\\\\\\\\\":\\\\\\\\\\\\\\\\\\\\\\\\\\\\\\\\\\\\\\\\\\\\\\\\\\\\\\\\\\\\\\\"\\\\\\\\\\\\\\\\\\\\\\\\\\\\\\\\\\\\\\\\\\\\\\\\\\\\\\\\\\\\\\\",\\\\\\\\\\\\\\\\\\\\\\\\\\\\\\\\\\\\\\\\\\\\\\\\\\\\\\\\\\\\\\\"ventilationOK\\\\\\\\\\\\\\\\\\\\\\\\\\\\\\\\\\\\\\\\\\\\\\\\\\\\\\\\\\\\\\\":\\\\\\\\\\\\\\\\\\\\\\\\\\\\\\\\\\\\\\\\\\\\\\\\\\\\\\\\\\\\\\\"\\\\\\\\\\\\\\\\\\\\\\\\\\\\\\\\\\\\\\\\\\\\\\\\\\\\\\\\\\\\\\\",\\\\\\\\\\\\\\\\\\\\\\\\\\\\\\\\\\\\\\\\\\\\\\\\\\\\\\\\\\\\\\\"backingBoardNeeded\\\\\\\\\\\\\\\\\\\\\\\\\\\\\\\\\\\\\\\\\\\\\\\\\\\\\\\\\\\\\\\":\\\\\\\\\\\\\\\\\\\\\\\\\\\\\\\\\\\\\\\\\\\\\\\\\\\\\\\\\\\\\\\"\\\\\\\\\\\\\\\\\\\\\\\\\\\\\\\\\\\\\\\\\\\\\\\\\\\\\\\\\\\\\\\",\\\\\\\\\\\\\\\\\\\\\\\\\\\\\\\\\\\\\\\\\\\\\\\\\\\\\\\\\\\\\\\"directSunlight\\\\\\\\\\\\\\\\\\\\\\\\\\\\\\\\\\\\\\\\\\\\\\\\\\\\\\\\\\\\\\\":\\\\\\\\\\\\\\\\\\\\\\\\\\\\\\\\\\\\\\\\\\\\\\\\\\\\\\\\\\\\\\\"\\\\\\\\\\\\\\\\\\\\\\\\\\\\\\\\\\\\\\\\\\\\\\\\\\\\\\\\\\\\\\\",\\\\\\\\\\\\\\\\\\\\\\\\\\\\\\\\\\\\\\\\\\\\\\\\\\\\\\\\\\\\\\\"conduitRunDiscussed\\\\\\\\\\\\\\\\\\\\\\\\\\\\\\\\\\\\\\\\\\\\\\\\\\\\\\\\\\\\\\\":\\\\\\\\\\\\\\\\\\\\\\\\\\\\\\\\\\\\\\\\\\\\\\\\\\\\\\\\\\\\\\\"\\\\\\\\\\\\\\\\\\\\\\\\\\\\\\\\\\\\\\\\\\\\\\\\\\\\\\\\\\\\\\\",\\\\\\\\\\\\\\\\\\\\\\\\\\\\\\\\\\\\\\\\\\\\\\\\\\\\\\\\\\\\\\\"notes\\\\\\\\\\\\\\\\\\\\\\\\\\\\\\\\\\\\\\\\\\\\\\\\\\\\\\\\\\\\\\\":\\\\\\\\\\\\\\\\\\\\\\\\\\\\\\\\\\\\\\\\\\\\\\\\\\\\\\\\\\\\\\\"\\\\\\\\\\\\\\\\\\\\\\\\\\\\\\\\\\\\\\\\\\\\\\\\\\\\\\\\\\\\\\\",\\\\\\\\\\\\\\\\\\\\\\\\\\\\\\\\\\\\\\\\\\\\\\\\\\\\\\\\\\\\\\\"locationPhoto\\\\\\\\\\\\\\\\\\\\\\\\\\\\\\\\\\\\\\\\\\\\\\\\\\\\\\\\\\\\\\\":null},\\\\\\\\\\\\\\\\\\\\\\\\\\\\\\\\\\\\\\\\\\\\\\\\\\\\\\\\\\\\\\\"batteryDetails\\\\\\\\\\\\\\\\\\\\\\\\\\\\\\\\\\\\\\\\\\\\\\\\\\\\\\\\\\\\\\\":{\\\\\\\\\\\\\\\\\\\\\\\\\\\\\\\\\\\\\\\\\\\\\\\\\\\\\\\\\\\\\\\"installingBattery\\\\\\\\\\\\\\\\\\\\\\\\\\\\\\\\\\\\\\\\\\\\\\\\\\\\\\\\\\\\\\\":\\\\\\\\\\\\\\\\\\\\\\\\\\\\\\\\\\\\\\\\\\\\\\\\\\\\\\\\\\\\\\\"\\\\\\\\\\\\\\\\\\\\\\\\\\\\\\\\\\\\\\\\\\\\\\\\\\\\\\\\\\\\\\\",\\\\\\\\\\\\\\\\\\\\\\\\\\\\\\\\\\\\\\\\\\\\\\\\\\\\\\\\\\\\\\\"notes\\\\\\\\\\\\\\\\\\\\\\\\\\\\\\\\\\\\\\\\\\\\\\\\\\\\\\\\\\\\\\\":\\\\\\\\\\\\\\\\\\\\\\\\\\\\\\\\\\\\\\\\\\\\\\\\\\\\\\\\\\\\\\\"\\\\\\\\\\\\\\\\\\\\\\\\\\\\\\\\\\\\\\\\\\\\\\\\\\\\\\\\\\\\\\\"},\\\\\\\\\\\\\\\\\\\\\\\\\\\\\\\\\\\\\\\\\\\\\\\\\\\\\\\\\\\\\\\"monitoring\\\\\\\\\\\\\\\\\\\\\\\\\\\\\\\\\\\\\\\\\\\\\\\\\\\\\\\\\\\\\\\":{\\\\\\\\\\\\\\\\\\\\\\\\\\\\\\\\\\\\\\\\\\\\\\\\\\\\\\\\\\\\\\\"wifiAtLocation\\\\\\\\\\\\\\\\\\\\\\\\\\\\\\\\\\\\\\\\\\\\\\\\\\\\\\\\\\\\\\\":\\\\\\\\\\\\\\\\\\\\\\\\\\\\\\\\\\\\\\\\\\\\\\\\\\\\\\\\\\\\\\\"\\\\\\\\\\\\\\\\\\\\\\\\\\\\\\\\\\\\\\\\\\\\\\\\\\\\\\\\\\\\\\\",\\\\\\\\\\\\\\\\\\\\\\\\\\\\\\\\\\\\\\\\\\\\\\\\\\\\\\\\\\\\\\\"strongReception\\\\\\\\\\\\\\\\\\\\\\\\\\\\\\\\\\\\\\\\\\\\\\\\\\\\\\\\\\\\\\\":\\\\\\\\\\\\\\\\\\\\\\\\\\\\\\\\\\\\\\\\\\\\\\\\\\\\\\\\\\\\\\\"\\\\\\\\\\\\\\\\\\\\\\\\\\\\\\\\\\\\\\\\\\\\\\\\\\\\\\\\\\\\\\\",\\\\\\\\\\\\\\\\\\\\\\\\\\\\\\\\\\\\\\\\\\\\\\\\\\\\\\\\\\\\\\\"ethernetRunnable\\\\\\\\\\\\\\\\\\\\\\\\\\\\\\\\\\\\\\\\\\\\\\\\\\\\\\\\\\\\\\\":\\\\\\\\\\\\\\\\\\\\\\\\\\\\\\\\\\\\\\\\\\\\\\\\\\\\\\\\\\\\\\\"\\\\\\\\\\\\\\\\\\\\\\\\\\\\\\\\\\\\\\\\\\\\\\\\\\\\\\\\\\\\\\\",\\\\\\\\\\\\\\\\\\\\\\\\\\\\\\\\\\\\\\\\\\\\\\\\\\\\\\\\\\\\\\\"spareRouterPort\\\\\\\\\\\\\\\\\\\\\\\\\\\\\\\\\\\\\\\\\\\\\\\\\\\\\\\\\\\\\\\":\\\\\\\\\\\\\\\\\\\\\\\\\\\\\\\\\\\\\\\\\\\\\\\\\\\\\\\\\\\\\\\"\\\\\\\\\\\\\\\\\\\\\\\\\\\\\\\\\\\\\\\\\\\\\\\\\\\\\\\\\\\\\\\",\\\\\\\\\\\\\\\\\\\\\\\\\\\\\\\\\\\\\\\\\\\\\\\\\\\\\\\\\\\\\\\"wifiName\\\\\\\\\\\\\\\\\\\\\\\\\\\\\\\\\\\\\\\\\\\\\\\\\\\\\\\\\\\\\\\":\\\\\\\\\\\\\\\\\\\\\\\\\\\\\\\\\\\\\\\\\\\\\\\\\\\\\\\\\\\\\\\"\\\\\\\\\\\\\\\\\\\\\\\\\\\\\\\\\\\\\\\\\\\\\\\\\\\\\\\\\\\\\\\",\\\\\\\\\\\\\\\\\\\\\\\\\\\\\\\\\\\\\\\\\\\\\\\\\\\\\\\\\\\\\\\"wifiPassword\\\\\\\\\\\\\\\\\\\\\\\\\\\\\\\\\\\\\\\\\\\\\\\\\\\\\\\\\\\\\\\":\\\\\\\\\\\\\\\\\\\\\\\\\\\\\\\\\\\\\\\\\\\\\\\\\\\\\\\\\\\\\\\"\\\\\\\\\\\\\\\\\\\\\\\\\\\\\\\\\\\\\\\\\\\\\\\\\\\\\\\\\\\\\\\",\\\\\\\\\\\\\\\\\\\\\\\\\\\\\\\\\\\\\\\\\\\\\\\\\\\\\\\\\\\\\\\"distanceToEthernetPort\\\\\\\\\\\\\\\\\\\\\\\\\\\\\\\\\\\\\\\\\\\\\\\\\\\\\\\\\\\\\\\":\\\\\\\\\\\\\\\\\\\\\\\\\\\\\\\\\\\\\\\\\\\\\\\\\\\\\\\\\\\\\\\"\\\\\\\\\\\\\\\\\\\\\\\\\\\\\\\\\\\\\\\\\\\\\\\\\\\\\\\\\\\\\\\"},\\\\\\\\\\\\\\\\\\\\\\\\\\\\\\\\\\\\\\\\\\\\\\\\\\\\\\\\\\\\\\\"existingSystem\\\\\\\\\\\\\\\\\\\\\\\\\\\\\\\\\\\\\\\\\\\\\\\\\\\\\\\\\\\\\\\":{\\\\\\\\\\\\\\\\\\\\\\\\\\\\\\\\\\\\\\\\\\\\\\\\\\\\\\\\\\\\\\\"existingSolar\\\\\\\\\\\\\\\\\\\\\\\\\\\\\\\\\\\\\\\\\\\\\\\\\\\\\\\\\\\\\\\":\\\\\\\\\\\\\\\\\\\\\\\\\\\\\\\\\\\\\\\\\\\\\\\\\\\\\\\\\\\\\\\"\\\\\\\\\\\\\\\\\\\\\\\\\\\\\\\\\\\\\\\\\\\\\\\\\\\\\\\\\\\\\\\",\\\\\\\\\\\\\\\\\\\\\\\\\\\\\\\\\\\\\\\\\\\\\\\\\\\\\\\\\\\\\\\"existingBattery\\\\\\\\\\\\\\\\\\\\\\\\\\\\\\\\\\\\\\\\\\\\\\\\\\\\\\\\\\\\\\\":\\\\\\\\\\\\\\\\\\\\\\\\\\\\\\\\\\\\\\\\\\\\\\\\\\\\\\\\\\\\\\\"\\\\\\\\\\\\\\\\\\\\\\\\\\\\\\\\\\\\\\\\\\\\\\\\\\\\\\\\\\\\\\\"},\\\\\\\\\\\\\\\\\\\\\\\\\\\\\\\\\\\\\\\\\\\\\\\\\\\\\\\\\\\\\\\"roofProfile\\\\\\\\\\\\\\\\\\\\\\\\\\\\\\\\\\\\\\\\\\\\\\\\\\\\\\\\\\\\\\\":{\\\\\\\\\\\\\\\\\\\\\\\\\\\\\\\\\\\\\\\\\\\\\\\\\\\\\\\\\\\\\\\"roofHeightMeters\\\\\\\\\\\\\\\\\\\\\\\\\\\\\\\\\\\\\\\\\\\\\\\\\\\\\\\\\\\\\\\":\\\\\\\\\\\\\\\\\\\\\\\\\\\\\\\\\\\\\\\\\\\\\\\\\\\\\\\\\\\\\\\"\\\\\\\\\\\\\\\\\\\\\\\\\\\\\\\\\\\\\\\\\\\\\\\\\\\\\\\\\\\\\\\",\\\\\\\\\\\\\\\\\\\\\\\\\\\\\\\\\\\\\\\\\\\\\\\\\\\\\\\\\\\\\\\"safeAccess\\\\\\\\\\\\\\\\\\\\\\\\\\\\\\\\\\\\\\\\\\\\\\\\\\\\\\\\\\\\\\\":\\\\\\\\\\\\\\\\\\\\\\\\\\\\\\\\\\\\\\\\\\\\\\\\\\\\\\\\\\\\\\\"\\\\\\\\\\\\\\\\\\\\\\\\\\\\\\\\\\\\\\\\\\\\\\\\\\\\\\\\\\\\\\\",\\\\\\\\\\\\\\\\\\\\\\\\\\\\\\\\\\\\\\\\\\\\\\\\\\\\\\\\\\\\\\\"accessMethod\\\\\\\\\\\\\\\\\\\\\\\\\\\\\\\\\\\\\\\\\\\\\\\\\\\\\\\\\\\\\\\":\\\\\\\\\\\\\\\\\\\\\\\\\\\\\\\\\\\\\\\\\\\\\\\\\\\\\\\\\\\\\\\"\\\\\\\\\\\\\\\\\\\\\\\\\\\\\\\\\\\\\\\\\\\\\\\\\\\\\\\\\\\\\\\",\\\\\\\\\\\\\\\\\\\\\\\\\\\\\\\\\\\\\\\\\\\\\\\\\\\\\\\\\\\\\\\"panelCarryMethod\\\\\\\\\\\\\\\\\\\\\\\\\\\\\\\\\\\\\\\\\\\\\\\\\\\\\\\\\\\\\\\":\\\\\\\\\\\\\\\\\\\\\\\\\\\\\\\\\\\\\\\\\\\\\\\\\\\\\\\\\\\\\\\"\\\\\\\\\\\\\\\\\\\\\\\\\\\\\\\\\\\\\\\\\\\\\\\\\\\\\\\\\\\\\\\",\\\\\\\\\\\\\\\\\\\\\\\\\\\\\\\\\\\\\\\\\\\\\\\\\\\\\\\\\\\\\\\"edgeProtectionRequired\\\\\\\\\\\\\\\\\\\\\\\\\\\\\\\\\\\\\\\\\\\\\\\\\\\\\\\\\\\\\\\":\\\\\\\\\\\\\\\\\\\\\\\\\\\\\\\\\\\\\\\\\\\\\\\\\\\\\\\\\\\\\\\"\\\\\\\\\\\\\\\\\\\\\\\\\\\\\\\\\\\\\\\\\\\\\\\\\\\\\\\\\\\\\\\",\\\\\\\\\\\\\\\\\\\\\\\\\\\\\\\\\\\\\\\\\\\\\\\\\\\\\\\\\\\\\\\"edgeProtectionAvailable\\\\\\\\\\\\\\\\\\\\\\\\\\\\\\\\\\\\\\\\\\\\\\\\\\\\\\\\\\\\\\\":\\\\\\\\\\\\\\\\\\\\\\\\\\\\\\\\\\\\\\\\\\\\\\\\\\\\\\\\\\\\\\\"\\\\\\\\\\\\\\\\\\\\\\\\\\\\\\\\\\\\\\\\\\\\\\\\\\\\\\\\\\\\\\\",\\\\\\\\\\\\\\\\\\\\\\\\\\\\\\\\\\\\\\\\\\\\\\\\\\\\\\\\\\\\\\\"edgeProtectionMeters\\\\\\\\\\\\\\\\\\\\\\\\\\\\\\\\\\\\\\\\\\\\\\\\\\\\\\\\\\\\\\\":\\\\\\\\\\\\\\\\\\\\\\\\\\\\\\\\\\\\\\\\\\\\\\\\\\\\\\\\\\\\\\\"\\\\\\\\\\\\\\\\\\\\\\\\\\\\\\\\\\\\\\\\\\\\\\\\\\\\\\\\\\\\\\\",\\\\\\\\\\\\\\\\\\\\\\\\\\\\\\\\\\\\\\\\\\\\\\\\\\\\\\\\\\\\\\\"roofMaterial\\\\\\\\\\\\\\\\\\\\\\\\\\\\\\\\\\\\\\\\\\\\\\\\\\\\\\\\\\\\\\\":\\\\\\\\\\\\\\\\\\\\\\\\\\\\\\\\\\\\\\\\\\\\\\\\\\\\\\\\\\\\\\\"\\\\\\\\\\\\\\\\\\\\\\\\\\\\\\\\\\\\\\\\\\\\\\\\\\\\\\\\\\\\\\\",\\\\\\\\\\\\\\\\\\\\\\\\\\\\\\\\\\\\\\\\\\\\\\\\\\\\\\\\\\\\\\\"roofConditionOK\\\\\\\\\\\\\\\\\\\\\\\\\\\\\\\\\\\\\\\\\\\\\\\\\\\\\\\\\\\\\\\":\\\\\\\\\\\\\\\\\\\\\\\\\\\\\\\\\\\\\\\\\\\\\\\\\\\\\\\\\\\\\\\"\\\\\\\\\\\\\\\\\\\\\\\\\\\\\\\\\\\\\\\\\\\\\\\\\\\\\\\\\\\\\\\",\\\\\\\\\\\\\\\\\\\\\\\\\\\\\\\\\\\\\\\\\\\\\\\\\\\\\\\\\\\\\\\"section1Pitch\\\\\\\\\\\\\\\\\\\\\\\\\\\\\\\\\\\\\\\\\\\\\\\\\\\\\\\\\\\\\\\":\\\\\\\\\\\\\\\\\\\\\\\\\\\\\\\\\\\\\\\\\\\\\\\\\\\\\\\\\\\\\\\"\\\\\\\\\\\\\\\\\\\\\\\\\\\\\\\\\\\\\\\\\\\\\\\\\\\\\\\\\\\\\\\",\\\\\\\\\\\\\\\\\\\\\\\\\\\\\\\\\\\\\\\\\\\\\\\\\\\\\\\\\\\\\\\"section2Pitch\\\\\\\\\\\\\\\\\\\\\\\\\\\\\\\\\\\\\\\\\\\\\\\\\\\\\\\\\\\\\\\":\\\\\\\\\\\\\\\\\\\\\\\\\\\\\\\\\\\\\\\\\\\\\\\\\\\\\\\\\\\\\\\"\\\\\\\\\\\\\\\\\\\\\\\\\\\\\\\\\\\\\\\\\\\\\\\\\\\\\\\\\\\\\\\",\\\\\\\\\\\\\\\\\\\\\\\\\\\\\\\\\\\\\\\\\\\\\\\\\\\\\\\\\\\\\\\"section3Pitch\\\\\\\\\\\\\\\\\\\\\\\\\\\\\\\\\\\\\\\\\\\\\\\\\\\\\\\\\\\\\\\":\\\\\\\\\\\\\\\\\\\\\\\\\\\\\\\\\\\\\\\\\\\\\\\\\\\\\\\\\\\\\\\"\\\\\\\\\\\\\\\\\\\\\\\\\\\\\\\\\\\\\\\\\\\\\\\\\\\\\\\\\\\\\\\",\\\\\\\\\\\\\\\\\\\\\\\\\\\\\\\\\\\\\\\\\\\\\\\\\\\\\\\\\\\\\\\"anchorPoints\\\\\\\\\\\\\\\\\\\\\\\\\\\\\\\\\\\\\\\\\\\\\\\\\\\\\\\\\\\\\\\":\\\\\\\\\\\\\\\\\\\\\\\\\\\\\\\\\\\\\\\\\\\\\\\\\\\\\\\\\\\\\\\"\\\\\\\\\\\\\\\\\\\\\\\\\\\\\\\\\\\\\\\\\\\\\\\\\\\\\\\\\\\\\\\",\\\\\\\\\\\\\\\\\\\\\\\\\\\\\\\\\\\\\\\\\\\\\\\\\\\\\\\\\\\\\\\"skylights\\\\\\\\\\\\\\\\\\\\\\\\\\\\\\\\\\\\\\\\\\\\\\\\\\\\\\\\\\\\\\\":\\\\\\\\\\\\\\\\\\\\\\\\\\\\\\\\\\\\\\\\\\\\\\\\\\\\\\\\\\\\\\\"\\\\\\\\\\\\\\\\\\\\\\\\\\\\\\\\\\\\\\\\\\\\\\\\\\\\\\\\\\\\\\\",\\\\\\\\\\\\\\\\\\\\\\\\\\\\\\\\\\\\\\\\\\\\\\\\\\\\\\\\\\\\\\\"designFits\\\\\\\\\\\\\\\\\\\\\\\\\\\\\\\\\\\\\\\\\\\\\\\\\\\\\\\\\\\\\\\":\\\\\\\\\\\\\\\\\\\\\\\\\\\\\\\\\\\\\\\\\\\\\\\\\\\\\\\\\\\\\\\"\\\\\\\\\\\\\\\\\\\\\\\\\\\\\\\\\\\\\\\\\\\\\\\\\\\\\\\\\\\\\\\",\\\\\\\\\\\\\\\\\\\\\\\\\\\\\\\\\\\\\\\\\\\\\\\\\\\\\\\\\\\\\\\"tiltsRequired\\\\\\\\\\\\\\\\\\\\\\\\\\\\\\\\\\\\\\\\\\\\\\\\\\\\\\\\\\\\\\\":\\\\\\\\\\\\\\\\\\\\\\\\\\\\\\\\\\\\\\\\\\\\\\\\\\\\\\\\\\\\\\\"\\\\\\\\\\\\\\\\\\\\\\\\\\\\\\\\\\\\\\\\\\\\\\\\\\\\\\\\\\\\\\\",\\\\\\\\\\\\\\\\\\\\\\\\\\\\\\\\\\\\\\\\\\\\\\\\\\\\\\\\\\\\\\\"tiltAngle\\\\\\\\\\\\\\\\\\\\\\\\\\\\\\\\\\\\\\\\\\\\\\\\\\\\\\\\\\\\\\\":\\\\\\\\\\\\\\\\\\\\\\\\\\\\\\\\\\\\\\\\\\\\\\\\\\\\\\\\\\\\\\\"\\\\\\\\\\\\\\\\\\\\\\\\\\\\\\\\\\\\\\\\\\\\\\\\\\\\\\\\\\\\\\\",\\\\\\\\\\\\\\\\\\\\\\\\\\\\\\\\\\\\\\\\\\\\\\\\\\\\\\\\\\\\\\\"spareTilesAvailable\\\\\\\\\\\\\\\\\\\\\\\\\\\\\\\\\\\\\\\\\\\\\\\\\\\\\\\\\\\\\\\":\\\\\\\\\\\\\\\\\\\\\\\\\\\\\\\\\\\\\\\\\\\\\\\\\\\\\\\\\\\\\\\"\\\\\\\\\\\\\\\\\\\\\\\\\\\\\\\\\\\\\\\\\\\\\\\\\\\\\\\\\\\\\\\",\\\\\\\\\\\\\\\\\\\\\\\\\\\\\\\\\\\\\\\\\\\\\\\\\\\\\\\\\\\\\\\"structureForModules\\\\\\\\\\\\\\\\\\\\\\\\\\\\\\\\\\\\\\\\\\\\\\\\\\\\\\\\\\\\\\\":\\\\\\\\\\\\\\\\\\\\\\\\\\\\\\\\\\\\\\\\\\\\\\\\\\\\\\\\\\\\\\\"\\\\\\\\\\\\\\\\\\\\\\\\\\\\\\\\\\\\\\\\\\\\\\\\\\\\\\\\\\\\\\\",\\\\\\\\\\\\\\\\\\\\\\\\\\\\\\\\\\\\\\\\\\\\\\\\\\\\\\\\\\\\\\\"shadingIssues\\\\\\\\\\\\\\\\\\\\\\\\\\\\\\\\\\\\\\\\\\\\\\\\\\\\\\\\\\\\\\\":\\\\\\\\\\\\\\\\\\\\\\\\\\\\\\\\\\\\\\\\\\\\\\\\\\\\\\\\\\\\\\\"\\\\\\\\\\\\\\\\\\\\\\\\\\\\\\\\\\\\\\\\\\\\\\\\\\\\\\\\\\\\\\\",\\\\\\\\\\\\\\\\\\\\\\\\\\\\\\\\\\\\\\\\\\\\\\\\\\\\\\\\\\\\\\\"dcCableRunMeters\\\\\\\\\\\\\\\\\\\\\\\\\\\\\\\\\\\\\\\\\\\\\\\\\\\\\\\\\\\\\\\":\\\\\\\\\\\\\\\\\\\\\\\\\\\\\\\\\\\\\\\\\\\\\\\\\\\\\\\\\\\\\\\"\\\\\\\\\\\\\\\\\\\\\\\\\\\\\\\\\\\\\\\\\\\\\\\\\\\\\\\\\\\\\\\",\\\\\\\\\\\\\\\\\\\\\\\\\\\\\\\\\\\\\\\\\\\\\\\\\\\\\\\\\\\\\\\"dcConduitMeters\\\\\\\\\\\\\\\\\\\\\\\\\\\\\\\\\\\\\\\\\\\\\\\\\\\\\\\\\\\\\\\":\\\\\\\\\\\\\\\\\\\\\\\\\\\\\\\\\\\\\\\\\\\\\\\\\\\\\\\\\\\\\\\"\\\\\\\\\\\\\\\\\\\\\\\\\\\\\\\\\\\\\\\\\\\\\\\\\\\\\\\\\\\\\\\",\\\\\\\\\\\\\\\\\\\\\\\\\\\\\\\\\\\\\\\\\\\\\\\\\\\\\\\\\\\\\\\"edgeProtectionPhoto\\\\\\\\\\\\\\\\\\\\\\\\\\\\\\\\\\\\\\\\\\\\\\\\\\\\\\\\\\\\\\\":null,\\\\\\\\\\\\\\\\\\\\\\\\\\\\\\\\\\\\\\\\\\\\\\\\\\\\\\\\\\\\\\\"section1Photo\\\\\\\\\\\\\\\\\\\\\\\\\\\\\\\\\\\\\\\\\\\\\\\\\\\\\\\\\\\\\\\":null,\\\\\\\\\\\\\\\\\\\\\\\\\\\\\\\\\\\\\\\\\\\\\\\\\\\\\\\\\\\\\\\"section2Photo\\\\\\\\\\\\\\\\\\\\\\\\\\\\\\\\\\\\\\\\\\\\\\\\\\\\\\\\\\\\\\\":null,\\\\\\\\\\\\\\\\\\\\\\\\\\\\\\\\\\\\\\\\\\\\\\\\\\\\\\\\\\\\\\\"section3Photo\\\\\\\\\\\\\\\\\\\\\\\\\\\\\\\\\\\\\\\\\\\\\\\\\\\\\\\\\\\\\\\":null},\\\\\\\\\\\\\\\\\\\\\\\\\\\\\\\\\\\\\\\\\\\\\\\\\\\\\\\\\\\\\\\"mudMap\\\\\\\\\\\\\\\\\\\\\\\\\\\\\\\\\\\\\\\\\\\\\\\\\\\\\\\\\\\\\\\":{\\\\\\\\\\\\\\\\\\\\\\\\\\\\\\\\\\\\\\\\\\\\\\\\\\\\\\\\\\\\\\\"accessNotes\\\\\\\\\\\\\\\\\\\\\\\\\\\\\\\\\\\\\\\\\\\\\\\\\\\\\\\\\\\\\\\":\\\\\\\\\\\\\\\\\\\\\\\\\\\\\\\\\\\\\\\\\\\\\\\\\\\\\\\\\\\\\\\"\\\\\\\\\\\\\\\\\\\\\\\\\\\\\\\\\\\\\\\\\\\\\\\\\\\\\\\\\\\\\\\",\\\\\\\\\\\\\\\\\\\\\\\\\\\\\\\\\\\\\\\\\\\\\\\\\\\\\\\\\\\\\\\"mapPhoto\\\\\\\\\\\\\\\\\\\\\\\\\\\\\\\\\\\\\\\\\\\\\\\\\\\\\\\\\\\\\\\":null},\\\\\\\\\\\\\\\\\\\\\\\\\\\\\\\\\\\\\\\\\\\\\\\\\\\\\\\\\\\\\\\"shading\\\\\\\\\\\\\\\\\\\\\\\\\\\\\\\\\\\\\\\\\\\\\\\\\\\\\\\\\\\\\\\":{\\\\\\\\\\\\\\\\\\\\\\\\\\\\\\\\\\\\\\\\\\\\\\\\\\\\\\\\\\\\\\\"sources\\\\\\\\\\\\\\\\\\\\\\\\\\\\\\\\\\\\\\\\\\\\\\\\\\\\\\\\\\\\\\\":[],\\\\\\\\\\\\\\\\\\\\\\\\\\\\\\\\\\\\\\\\\\\\\\\\\\\\\\\\\\\\\\\"other\\\\\\\\\\\\\\\\\\\\\\\\\\\\\\\\\\\\\\\\\\\\\\\\\\\\\\\\\\\\\\\":\\\\\\\\\\\\\\\\\\\\\\\\\\\\\\\\\\\\\\\\\\\\\\\\\\\\\\\\\\\\\\\"\\\\\\\\\\\\\\\\\\\\\\\\\\\\\\\\\\\\\\\\\\\\\\\\\\\\\\\\\\\\\\\"},\\\\\\\\\\\\\\\\\\\\\\\\\\\\\\\\\\\\\\\\\\\\\\\\\\\\\\\\\\\\\\\"electrical\\\\\\\\\\\\\\\\\\\\\\\\\\\\\\\\\\\\\\\\\\\\\\\\\\\\\\\\\\\\\\\":{\\\\\\\\\\\\\\\\\\\\\\\\\\\\\\\\\\\\\\\\\\\\\\\\\\\\\\\\\\\\\\\"hazards\\\\\\\\\\\\\\\\\\\\\\\\\\\\\\\\\\\\\\\\\\\\\\\\\\\\\\\\\\\\\\\":[],\\\\\\\\\\\\\\\\\\\\\\\\\\\\\\\\\\\\\\\\\\\\\\\\\\\\\\\\\\\\\\\"other\\\\\\\\\\\\\\\\\\\\\\\\\\\\\\\\\\\\\\\\\\\\\\\\\\\\\\\\\\\\\\\":\\\\\\\\\\\\\\\\\\\\\\\\\\\\\\\\\\\\\\\\\\\\\\\\\\\\\\\\\\\\\\\"\\\\\\\\\\\\\\\\\\\\\\\\\\\\\\\\\\\\\\\\\\\\\\\\\\\\\\\\\\\\\\\",\\\\\\\\\\\\\\\\\\\\\\\\\\\\\\\\\\\\\\\\\\\\\\\\\\\\\\\\\\\\\\\"notes\\\\\\\\\\\\\\\\\\\\\\\\\\\\\\\\\\\\\\\\\\\\\\\\\\\\\\\\\\\\\\\":\\\\\\\\\\\\\\\\\\\\\\\\\\\\\\\\\\\\\\\\\\\\\\\\\\\\\\\\\\\\\\\"\\\\\\\\\\\\\\\\\\\\\\\\\\\\\\\\\\\\\\\\\\\\\\\\\\\\\\\\\\\\\\\"},\\\\\\\\\\\\\\\\\\\\\\\\\\\\\\\\\\\\\\\\\\\\\\\\\\\\\\\\\\\\\\\"recommendations\\\\\\\\\\\\\\\\\\\\\\\\\\\\\\\\\\\\\\\\\\\\\\\\\\\\\\\\\\\\\\\":{\\\\\\\\\\\\\\\\\\\\\\\\\\\\\\\\\\\\\\\\\\\\\\\\\\\\\\\\\\\\\\\"count\\\\\\\\\\\\\\\\\\\\\\\\\\\\\\\\\\\\\\\\\\\\\\\\\\\\\\\\\\\\\\\":0,\\\\\\\\\\\\\\\\\\\\\\\\\\\\\\\\\\\\\\\\\\\\\\\\\\\\\\\\\\\\\\\"summary\\\\\\\\\\\\\\\\\\\\\\\\\\\\\\\\\\\\\\\\\\\\\\\\\\\\\\\\\\\\\\\":\\\\\\\\\\\\\\\\\\\\\\\\\\\\\\\\\\\\\\\\\\\\\\\\\\\\\\\\\\\\\\\"\\\\\\\\\\\\\\\\\\\\\\\\\\\\\\\\\\\\\\\\\\\\\\\\\\\\\\\\\\\\\\\",\\\\\\\\\\\\\\\\\\\\\\\\\\\\\\\\\\\\\\\\\\\\\\\\\\\\\\\\\\\\\\\"items\\\\\\\\\\\\\\\\\\\\\\\\\\\\\\\\\\\\\\\\\\\\\\\\\\\\\\\\\\\\\\\":[]}}\\\\\\\\\\\\\\\\\\\\\\\\\\\\\\\",\\\\\\\\\\\\\\\\\\\\\\\\\\\\\\\"template_key\\\\\\\\\\\\\\\\\\\\\\\\\\\\\\\":null,\\\\\\\\\\\\\\\\\\\\\\\\\\\\\\\"template_version\\\\\\\\\\\\\\\\\\\\\\\\\\\\\\\":null,\\\\\\\\\\\\\\\\\\\\\\\\\\\\\\\"created_at\\\\\\\\\\\\\\\\\\\\\\\\\\\\\\\":\\\\\\\\\\\\\\\\\\\\\\\\\\\\\\\"2026-02-22T17:42:34.000Z\\\\\\\\\\\\\\\\\\\\\\\\\\\\\\\",\\\\\\\\\\\\\\\\\\\\\\\\\\\\\\\"updated_at\\\\\\\\\\\\\\\\\\\\\\\\\\\\\\\":null,\\\\\\\\\\\\\\\\\\\\\\\\\\\\\\\"jobDetails.licenseSelfie\\\\\\\\\\\\\\\\\\\\\\\\\\\\\\\":{\\\\\\\\\\\\\\\\\\\\\\\\\\\\\\\"filename\\\\\\\\\\\\\\\\\\\\\\\\\\\\\\\":\\\\\\\\\\\\\\\\\\\\\\\\\\\\\\\"1771808864857-south-melb.jpg\\\\\\\\\\\\\\\\\\\\\\\\\\\\\\\",\\\\\\\\\\\\\\\\\\\\\\\\\\\\\\\"storage_url\\\\\\\\\\\\\\\\\\\\\\\\\\\\\\\":\\\\\\\\\\\\\\\\\\\\\\\\\\\\\\\"/uploads/lead-1/site-inspection/jobDetails-licenseSelfie/1771808864857-south-melb.jpg\\\\\\\\\\\\\\\\\\\\\\\\\\\\\\\",\\\\\\\\\\\\\\\\\\\\\\\\\\\\\\\"preview_data_url\\\\\\\\\\\\\\\\\\\\\\\\\\\\\\\":\\\\\\\\\\\\\\\\\\\\\\\\\\\\\\\"data:image/jpeg;base64,/9j/4AAQSkZJRgABAQEBLAEsAAD/4QCqRXhpZgAASUkqAAgAAAADAA4BAgBgAAAAMgAAABoBBQABAAAAkgAAABsBBQABAAAAmgAAAAAAAABXYXJtIG1vcm5pbmcgbGlnaHQgb24gaGlnaC1yaXNlIHRvd2VycyBpbiBNZWxib3VybmUgQ0JEIGFib3ZlIFByaW5jZXMgYnJpZGdlIGFjcm9zcyBZYXJyYSByaXZlci4sAQAAAQAAACwBAAABAAAA/+EF2Gh0dHA6Ly9ucy5hZG9iZS5jb20veGFwLzEuMC8APD94cGFja2V0IGJlZ2luPSLvu78iIGlkPSJXNU0wTXBDZWhpSHpyZVN6TlRjemtjOWQiPz4KPHg6eG1wbWV0YSB4bWxuczp4PSJhZG9iZTpuczptZXRhLyI+Cgk8cmRmOlJERiB4bWxuczpyZGY9Imh0dHA6Ly93d3cudzMub3JnLzE5OTkvMDIvMjItcmRmLXN5bnRheC1ucyMiPgoJCTxyZGY6RGVzY3JpcHRpb24gcmRmOmFib3V0PSIiIHhtbG5zOnBob3Rvc2hvcD0iaHR0cDovL25zLmFkb2JlLmNvbS9waG90b3Nob3AvMS4wLyIgeG1sbnM6SXB0YzR4bXBDb3JlPSJodHRwOi8vaXB0Yy5vcmcvc3RkL0lwdGM0eG1wQ29yZS8xLjAveG1sbnMvIiAgIHhtbG5zOkdldHR5SW1hZ2VzR0lGVD0iaHR0cDovL3htcC5nZXR0eWltYWdlcy5jb20vZ2lmdC8xLjAvIiB4bWxuczpkYz0iaHR0cDovL3B1cmwub3JnL2RjL2VsZW1lbnRzLzEuMS8iIHhtbG5zOnBsdXM9Imh0dHA6Ly9ucy51c2VwbHVzLm9yZy9sZGYveG1wLzEuMC8iICB4bWxuczppcHRjRXh0PSJodHRwOi8vaXB0Yy5vcmcvc3RkL0lwdGM0eG1wRXh0LzIwMDgtMDItMjkvIiB4bWxuczp4bXBSaWdodHM9Imh0dHA6Ly9ucy5hZG9iZS5jb20veGFwLzEuMC9yaWdodHMvIiBwaG90b3Nob3A6Q3JlZGl0PSJHZXR0eSBJbWFnZXMvaVN0b2NrcGhvdG8iIEdldHR5SW1hZ2VzR0lGVDpBc3NldElEPSI4NzYwMjYyMjQiIHhtcFJpZ2h0czpXZWJTdGF0ZW1lbnQ9Imh0dHBzOi8vd3d3LmlzdG9ja3Bob3RvLmNvbS9sZWdhbC9saWNlbnNlLWFncmVlbWVudD91dG1fbWVkaXVtPW9yZ2FuaWMmYW1wO3V0bV9zb3VyY2U9Z29vZ2xlJmFtcDt1dG1fY2FtcGFpZ249aXB0Y3VybCIgcGx1czpEYXRhTWluaW5nPSJodHRwOi8vbnMudXNlcGx1cy5vcmcvbGRmL3ZvY2FiL0RNSS1QUk9ISUJJVEVELUVYQ0VQVFNFQVJDSEVOR0lORUlOREVYSU5HIiA+CjxkYzpjcmVhdG9yPjxyZGY6U2VxPjxyZGY6bGk+emV0dGVyPC9yZGY6bGk+PC9yZGY6U2VxPjwvZGM6Y3JlYXRvcj48ZGM6ZGVzY3JpcHRpb24+PHJkZjpBbHQ+PHJkZjpsaSB4bWw6bGFuZz0ieC1kZWZhdWx0Ij5XYXJtIG1vcm5pbmcgbGlnaHQgb24gaGlnaC1yaXNlIHRvd2VycyBpbiBNZWxib3VybmUgQ0JEIGFib3ZlIFByaW5jZXMgYnJpZGdlIGFjcm9zcyBZYXJyYSByaXZlci48L3JkZjpsaT48L3JkZjpBbHQ+PC9kYzpkZXNjcmlwdGlvbj4KPHBsdXM6TGljZW5zb3I+PHJkZjpTZXE+PHJkZjpsaSByZGY6cGFyc2VUeXBlPSdSZXNvdXJjZSc+PHBsdXM6TGljZW5zb3JVUkw+aHR0cHM6Ly93d3cuaXN0b2NrcGhvdG8uY29tL3Bob3RvL2xpY2Vuc2UtZ204NzYwMjYyMjQtP3V0bV9tZWRpdW09b3JnYW5pYyZhbXA7dXRtX3NvdXJjZT1nb29nbGUmYW1wO3V0bV9jYW1wYWlnbj1pcHRjdXJsPC9wbHVzOkxpY2Vuc29yVVJMPjwvcmRmOmxpPjwvcmRmOlNlcT48L3BsdXM6TGljZW5zb3I+CgkJPC9yZGY6RGVzY3JpcHRpb24+Cgk8L3JkZjpSREY+CjwveDp4bXBtZXRhPgo8P3hwYWNrZXQgZW5kPSJ3Ij8+Cv/tAKpQaG90b3Nob3AgMy4wADhCSU0EBAAAAAAAjRwCUAAGemV0dGVyHAJ4AGBXYXJtIG1vcm5pbmcgbGlnaHQgb24gaGlnaC1yaXNlIHRvd2VycyBpbiBNZWxib3VybmUgQ0JEIGFib3ZlIFByaW5jZXMgYnJpZGdlIGFjcm9zcyBZYXJyYSByaXZlci4cAm4AGEdldHR5IEltYWdlcy9pU3RvY2twaG90bwD/2wBDAAoHBwgHBgoICAgLCgoLDhgQDg0NDh0VFhEYIx8lJCIfIiEmKzcvJik0KSEiMEExNDk7Pj4+JS5ESUM8SDc9Pjv/2wBDAQoLCw4NDhwQEBw7KCIoOzs7Ozs7Ozs7Ozs7Ozs7Ozs7Ozs7Ozs7Ozs7Ozs7Ozs7Ozs7Ozs7Ozs7Ozs7Ozs7Ozv/wgARCAGlAmQDAREAAhEBAxEB/8QAGwAAAgMBAQEAAAAAAAAAAAAAAgMBBAUABgf/xAAaAQADAQEBAQAAAAAAAAAAAAAAAQIDBAUG/9oADAMBAAIQAxAAAAHvW8xdStqRmnwEiUzmilmqgABFIGNimS7EXZzt0VI1NcDk+QikSHTT5ZDESqSqVe4Rcg1zJarXA1PMBzzDQDUBaztdACJORnLTUmmaAaMZpyiAIJRDIA5cpvm2y4TgUMOWabEzTFoGsnu4l0ltKqJGDkk2TbYo5pk0SqESOARSlNsU+KdFOmuCQW1XuQDgsRdmKaggU1VuVXK6RotTVe5q6ZquRaBrmuagJQ2a5NibZq1noIqekSBIVc8EhAjVMlyEAqkyXYi5TW0abooWEg0xCQkIDO7ORFxT1y4Bcg0LGTTZu1lpYz0RS5M5ps1yOG2alDopiYhwC0ILaJN80aZo4FUltMDgIAaXUquU1K6mKSqkGiThhSNmuHYi3xTopVKAgQUlVKrmUGmSfCBnAaZJwEpummxUgScgDQhIcGf2ctLXGjrjzGTTFSqzU3INiruOz89DVFLsRbopFKUzlknAGHAlqQlOQYnKOHwC0DRpmANSA1INBSr3HANIHItQBqpQc1ICO1nb4p0uQVSobZJqSAk+FDDT5DFXIhkpsluiiThkChnBKJHi9/CDKumVe5IVmNBc16kWSg1VjPS3lq7O2xb4rkyTNPg5Cml0k0rEUxPgJOQJCmlUiTcm1EM4VTWEXEgLXJyEtA0SZywYaa2iTsxYiJN80DVbSBagQtQyQJMkcPhQM5bZo0yRKfBwQzgEWP38bYpNSm4o7YsTYqW54aWoHIrEXYz0sZaWM9GxVrO5TYnAxaEIEthBAQDU2S5CAkGBIVqlFyFJNwupYm2K4ctA1A3Q4YASDJfBAOmnS+BVKQVUrpLcyEhwQBJsVHLgOAkEq4OAkQHBm9nK+L4KeuWbvgm4NOQt5bHLz9sk0pESGzWjz9FzHaznbZo5fDAQMNHBDOABQwkzTNEMgJEDQspa5I0iGmphFFnpdpQEoYmpqANNia2ltGm+WaYsTUi1wC0LQslECkcgcuRygkzTlOAIfIkPOep5l3DeznoxUmppbY17gk3RejhuaMDs5KmuUBwMl3sd7eOtrLV8UxVKADgkOCAFi3MMVF22mJ8C2pCRGGdvlnb4EC89Dx220mTUjgBDg4QsEUMEXDNBDIICUSEMgQNBSlDZqGAIkyTJORkiU5Dg8T7fkMks53oYdFvLQ01tA0DLGd2s7y+jB82uow+vlRcMRYz1tY63cdruWhKiRKcAQAwGlua7KWWujtiyWacj4UgQLua+kU9cqSaou9tjoc+9vLQkxZAcKAIcCVSBo04AgJEhAEnDQMNC6UA2WSYhASmQyRANl8Hjfa8pNTKGItZaWI0s56Wc7lMpqGlNWYu1ndbTPG6+XM6Obhvz00MOi1loyKfFumiTgAaVUrpKTzMdtbo53S5HwSgGk3KrhdTzVeaVnoXZyQF3DbQw2ZNEMkAxbmA4BaJPgBoWoCR8Lg4OYAuC1F8maZpgKR8EoJOGVOjnob45vRgppNyxKzno2asZ6Sm6LfFynIEm1PI6uXP3wW5s5bafP0Oi3Z22aOWSfBDF1OUqq+f2a3dxs1zFrghnBIKqVXGSGXjtueL6bvU88fS4IApq1lrZzt82yXAJqQaJNifAISDJZDBoWhaVUg0yaNOAZLZNcAgSchwQytvhI+BVxR2xq6Z1NcgctmiVEmyabNFNNmpCGpCnrkDOSsZ66fN0WM9HRUp8HBmUvMzWj5nbfyq97vli0toKUhDXCyx4Wek657Xmd6MNrHVz3/S8+KmEGqZNOimzUhKcp8DJZD5EhwQC6QtcDE+AGhCUQOQKWafALUNeW9bynRdjO3To6alFXXOtpkm4r3nDODkSNk0ScChqGimpGU0c3Zy1tZa2stLMXyPJWq2Ot3j6SRsdWGhvjKIYmpq65i589c5OWtnbLa83uymtCNNnv4puOQScpsVFLJPgOa4JRwcEBwczg4JFAQwREnI5QScByBYFLheZ9Xywci54CTdOjJrmhEu4EAqeFASBKnRdnPUGlVItcglT89LGemhhu2LkPDUjw21fN7RDS6ufV6ucg4OAGkaR5jbLGi7Wme753bjXOtjro+hxTpnyZpsmzlkjhiBJsmuRDORwcENQ0LUMgUM4JTJM5fBAQAtGnDWB6HBDXBAQ1wcIWpDhry2ZrgLUMFzApGc0ybbNShdSukUuxnrcy1uZa8n4y5dhts+X6BEt6sb/AGcpyzTkOAReV6cMJVcuN7ze3G1jWw10u7knSM7HbL5+k5exrlpbYcq4UMKWSfJ81m1OSPY8vqvd2Ab5A1zODhQEpyOUHNSHBDQsraZKua2maLzFqRmnIGiVVDh9C73+bDXBAcEA+LbNEmaoKlF5ouOA5p8XYjTzE6RF2+Tp0cNbOuWh1c4NEnTy0qJ3srwe/jx6m5U7nn9mJvns8nRqdnMdzk8vVjZ3zL+ejBql2M61u/isXnAcmkPPdGOdNel8Tv0O/mjqxhrggOYIpCUzmpCA4Bakcpi0upEQ0k1CbgKnmoi6Hle1s+p45BKZJwKRkhdJVxwhahoXIs4GS2TfmsOkIsMtbM1v3nob4AJ0aeWz1phr8m+d6vmZ7Lae1ydOLc+i5d9Xoy7TPM5OrJy0XorOd1ypC1hpp9/De2xlPzk3iBZ7eQw9B5Pdd1gujKGua4BFDIDgZNSEBwcEpknKcohgNC0LUNDSz5rL8v2t72fn11MBKCVNTJMKmGuCGoa5kBwpTkfnMOiZoMtLaehcHtjmJ2+XpzbVcWpy70fV8usNuel/LXPuPSY1pu2XGbx9WNFq0mxFoK4LON6ffw39cpT8tnpjM1O3jJm95Pc7K39eEdGUBAha4OCRsmhDhQHBwVNczmjlmqKWQ+CBczGz2zvL9v1HsfPdUwzkDUrqRaYmKeQqHi67WVFtm/XKx1c8tcn5rPcYpMVdTrPMN+Qubq2fL9WWqG+c1nV9Pzk5bBpF/m3q7Y7vNtr6zOuefydOTjqrROloL4H51pd/Bf1x4fmsNsYer28bZrc8ztflZ9nOPRjAAmxqA4OCU+DgkJHwZnRzQHI4cptmmTTJps15Xn7E8fo+h7fLZvzWKnmCImQGIPLQWel/g63YaLtHJs+x5zLiU/KzoqWiavJgZBpzXuPvfw+hdWaKdPTPP9bzqzZOdTHXM0z2sL19pnSKPF15OOq9JbNVaQhby01e3i0NshDzWG+SnqbYFrnv+Z2ux0Z2c4dOOdjtj47aqVrbK5tlwcHBwSjh8CrmBA0DQtCLmiTma8p5/rdltp1nT0w9D0c9rXGtN2NMuDziaVdri6rXNs/DTmoa0vY849c6uWmCWtFVO8nCziue5ydzuPuvTAOsrfKr6vnVZubjXw1y9I1ktXWXNUuHrxstVaJ6dcCTfnep28WlrmOVeYnTLT0+jnnO9zj3tY6F28/nldXO1sENrl11/W8/g5HBwcEo4JbgIFDIAakGs+aLzO7AXYyav4XF8t/q5p7OZU7X+rikPP4dES73B1Mx1OGbQVNz2POpaxkYbpGtqsD0yMnacl3i9G15/o3lCmZW+dL1/MrxrGuezz65ekbErX0HNZvH042es2jl1WSnYzvW7OPT1yz+bfEVhU6UKt0Z7fB0Px0Ps5/I59AtMaEWvy663q+fIcPkcHBI+ALjmciA5i0eWz10eHrjPXK00XUbnD1J6uJ/PpXov9uOl3+bzXneXrbjpqc1p59l6Qyai4z+znfrlXjTP2zmnVCy0hFzTgt8XpWeHv0MkqjL3zz/AGvJRh0Dtlt822XtntQauiWFLj6sKzSea1VJWLQhaxu/jc7Z5uqip0sitotzi1sZUfVl5Q2Bpoga1+TXX9XgkIRwSHBw+ANc4DgkOAU8DO28+2J1Ra8v1VaTr8etD0vN1MNMyNdW3d9HzM7m3qY77sqxeed5vV3RBoilmbYgxOj3eDavrOD6XNYl1KVDbmtYdPofM7r2SXTy986fs+VXjTqi7hvna56Odeh0jIkRj0ZlqySls8tIB0WzG7OaTtMtq0iMbqaL1OBflEp8ttvVubEC7nX5ddn0eHmSHBwQEhwRpPMEUtQFCboxVRlE0t+Z6VfWNDl1Ls476XnzW9y9FqcreBIp6pbcZuOz9cs/eC0lnLqmstPLZiSNJzOvJFzYw2FDYdnLS3CgrzfpcruvjPm2djeN2416XJ7Hn913Jr6+fNVTed7HRFoBsivQymOa0XHFthelz9Imn6jNXqk4XmV10dIfCVc7XJpr+jxyzkQ1IcEj5A7xIVU83OxHGsCGYxeO93z+90NaqNua9jplbFvDa+YMlJt0umpzYac8aZXuToDt5q+W9W464qbYkHBdyu9hstKZICQsTWN2Yr6OfW4O53PpjelwuYjSdHm2t46eeudnl1rRZyreNZ3Zg3PSyptbxXz0zt88nu5rPLvoc+8qmpo6uSjZa5+i9z1l93Nt8Wu13cstcHBwSEIz+bcvS5VM81OhXGnndlC0/OUALS5evU5eila1eclqlTW2WkzpnU1yikeWrouzCr2M6OXJ2yytYkdmQBCOzndnDZG2TJbJZy97j2aqr7x1GLvlp5VM1ndvKttcGZJqcnQzLW1jo2HT350azkduF3n3vc2t3DSh1YVtDS59eTZRkdvLnb4+o8r0LXPfnfY4N7g33urm5nBwSiE8PLXE1n0+yVKnGqG+TcbBklZW5XqW56ej5t0a5N5N16StKNKr6inca8i4CjS7ndiWFIOvix9MwVGDopQk3NzDRmejKmlrFXXN+den4ukGYHXhuY6ee6sdjO6eNxFd044twacw7GGuly9MqZRldvPteftpctUegXU19Aloy1Y5tbU5ZfQpKDfOzhrW3z0+e9PfmVjYZ2m1LB0nJbTarbxXMdDl0RpGnx9OZ2Y7PB2P+g8uhyduXpHouXehrnd5ulW2VdD99E3SSYfMnOjl387uo8708rLyXZQpXIpAr/NtNSu0UVW2yFkNEns8vRZ80zO3PUx0ZlpQ7YXmVNx2WmR2cbbOw0fjo2GIpVHJp8aCizlT83W2K+lzvPYXR3zhu9lVbaLatgmIXKqXNnDRNB3FbSRpZ3Rln78trHRkVo8m9rG4dPzqt63BVeyNJsZtuuNnl6nN0tIb0ZK59qe2TFSZt0VairOmVCs7VKlUqcbPnlPbR2l0Yc1nWosw0WukhvV5dEc0Ei3pYYXU3ex57odix/RktM1bZjKUBBp47OiqnO9LkokEqsQ35LF9CT3E5UU0nRHc0u/m7TMAu822drF2Kt8fRm65Q1U6MoYSdWsWTe/5XU+Nc7q59nz96PSj3yrdUxeTlXPUTMhOHUaz6VyLszZChVdqRSqpuqa02V528yk6cNdKrpGFcWIqxNaYgVtkOZSU5gua47OO69ufrEFE5KoWAzsDm7Gg3jUEcbwOvWd0gWqTLOe/K1XlFZW0zcqHVnR87sinxeZ08F5pyctJi8DTn4GRUiOS3hQW43VWyUX2XWNRwGmgPPCuj9FNMTkJCQZNcAtMi5aXS4XDz6nyt5iIh+zjSJ0ll1RQWhubDiuPs+rteS0iitei7mnPVqYz667m5Nuvmp1J4dgLWrpz6hE1GU5tZ9as+gdOcKw0ZXXPJ5M7nO1uKWOp1ebqw21Jsp5a+P25AZANkkBZ1MG2oexs22osAwTEwTwRSz0M0acBycNMlgzoq9zb1N8V6xKCDOqcsFtEzbCwmYEAA0AAwJqRyKBsFI1NPAUzaYmsGNACRvFDKybWiRLKyCGbRAgdgSQ5NYWGpYQcHispdm6u0uzrR5NU6zndmYg5O9SGKnPTMuOZtzenUZkGbrOvj1vIuPMwUjQ0ilLsZa2sdF3FXbIhmFVrx+kSnAbKehNEJ8XUqbAVWA0QJabLFiQaFUGgpqAYCwICTWHClkpgBgQcmLUsMRgA+QbCETBAwkPOTLJbs2FAMMKW8Si9nqm83J0mSjhw1qA6Xn6RuRq/OsxrKqU0rOfTxF+o287vErqcha0ltoOEPnzLipS3YvRz2kHEy4cHD4OCsBAhqBkFULoUgtJ8Gay+HCzWtFOGqDVlN6fMrxdiphpYq001qaSmoTqgxzIS1iNAKR8Bj4khgKxFdQxNLJl8EjYkdQTNjn6sJqntjKd3Dsra8xzb40pb8u1z9e1ry2mqhVVaV1lk651KWzNehz38zPYIrRloPG3WUy2sEOFAzBImjSJo5TQ5lhpwFGlcTBrMZdlvBTMqo0pqQFrNa1po2CjKqZTvDWKAw1ICamSdmOitpzcxGg7Kk6Saawdlq5N95LJSqtZbVabY0VUOz1Rpkcs5qGFLsZa198NDfDdcg1hxWPrnUpbUXfz6BC8ZMakDQwTaFgkaAWwABrhGqJoxWE2NOQtVZSrBbHXCm00Eg0HMbLzwtAAAyjShy9VCIA/K9JqLETJAlBINCppidbR17XM5ynq5cfq5ktNjS3hum1pcvTKIaTSsY6kiGFLlqrtjA74anZx4SMfbOq16Ca0s7YJg7QUQzmZ1Ki2ua4cClOGpCUwc8w5oHHA6aOpshfC2K+mbm6mYQjLAiqyIaILU1KY1KGkNS1mcXbKetw9IMFgMCku5ZF0unnr7YQ22ardHNV1yhGxw9xzSri7jscvk6G2T8tGyEqZNDU19cwHYy0jp5s7s46NLg2Q24tMXkUsluteZK356g5RpjYy3NUus5RZy3RrjX0yt49MEhU6HL1I1y4VzDoCo5UnTFgX5dnXK5cO0gs6CbWzKqJZAGKyOzLQ589nq7LXT4e0kcAtBUq0gpdPp50bYiyUVujBNxA9bh7ZkbNGrKWDSLzbGnCVciDYpOkhUtaHXCKmq0U1apv5unP0UCTccJ0ao0xfnoLL3N1Q5rbYsjRdZjU1tc9Dl6WxouosZ1Yy0IF1KqT89aHTyi1d59xqYYYi0jQ0yjbKuDptiZCXSp1JhjZ0Uuxjtw13KdMgqeCATpAtA1wA0DUp3+fd+eoNKuWSxa4BZwcIlUpsa3lnN5Z9FBkxo5Wik/PVU0NSqpFpOmbM7dFvz0lNk0u4uc+5BW3wp6Tf5etsirmCTJZnpI6uuVjPSpviup0Obp4S7iGim9+sdH0eCu1RbrTYTRTWe41VfjNMYCU5CA5qGGnwcKU1sgOagIB8aMliEMZNQECbNlNQ0SpsVf25eUZ1urpAMONIVcDo0OW2LFhy6O+Gjy9MOX53xTYfAFIWqmudTfLW4u0XJTUORcvy1kFaZNi02qXRhf59YAhkEKtqstL0vO6lCIQodOioqBV5VTwSnAEjmGDBwECEBBVBJQEjtZaknKbo0lOAqa4ujR0XDDizH3oeZRkpWuAGWMtb3P0Qi3ltIrsVTa5VU2w4DmrGegOTCYt0XT3xXU0ujLX4PQXebocpy5KNA0zEl+elXXOtrnZzqxlqNQjSVtbmNa/seXwoCQ4OARgn87ThEhw5QQWwstwCwgFAlpIoCU7OehKuB+ekjEKumRqjl8ElHLr9fFWuQZKIHq8PY6NCiyTVrk3O3xVe0UiLQ1F3HVudq1zRpEzQiTaVpEzerx9NbXOHJJi1JNbSbOegkc3ax1DSOBVqB7MLT9TzJalnBwcEI4fzyaNHJyBIIdyk9hMAYoSFZJYCED6aZLkZTQgLFVEpkOAhp0aL35a1yLOCEa/D2MmymiGYumuQrSSiq952M9TEtkihMlRTSdcqW+PDt4ami1jrDKnRg6WxVwV7hioQBi2gqOD0CNXu4ZakJFw4DghHi5oUzAwhM2OpW6UDGbhpKSgShaABCZKmTQAtzwxAWpHwBUsmrF5IpA1wQq0OXpsZaPx05sQq74HFynAqmuTZuxlpW1zbFSnzBqSQqpYqYnV0h00tpFyScoIYNEg1TZqABzFT6Oo0urllqAkJDggJDyzaJCTMBCQs0rDBVEqABcpBaEy6yKocDZpTSaQi4cNcOAFogcLghqAZF6PH1Nz0VUBSVcnNI0g5vhDU28NV3NbXO5jsm4VcrqZTgJBsXIzl8ENEqXUOjQXIVLYo1UCClZFvaZXujnNzLOCQgIRzPNULl8AoOlIPpMHIwmiBdTXJ5NSdKXVTanyACvS5HDgOCAFqQhoAFnCOa0ebqZLVcNixaVUEOGcKrpD4uU4alPglHMgF1JzTZskzlwyUcOHLJtdQDl8aczkiZeFr7Y39+eA4RBLJCA4POawKawlEBzH0nAuNCmoqRciIRol15dOW9OE0ApoQEOGAczg4IJ5uEcHDsZ3wQHASfBAEmSa6lsW2LXc8EAyaXUi5CkyLbNSnDOFKcjgRJrqF3LouU4aINlzp6Z2tcZaIUhzICQ4PPb5yhMuWcBNMZyY56MVBUdU8JKcS68WtPkxlrBLSQEJHyCGScokQsgIHwimiHApVcEohnByYNGm/PQKUCCk6LBzDF1JzRJ8HBDOFKYOeHIl0iQaqBMC21tXGltjIpYKDa4cI5mB0ZQiAhAAxqWNmpiwGSCaNzya06ud15ZqhTNFdFRgCFsGpRI5A0QHBychKcp8HD4ORILpQHASZzUpw0LHRQtC0m5lBqoESqGoDgkAchSFo5o0+DmmudlrW0zNy1rgYwQhEszujEE0pk1CCZIMTiNOixaOogSk5HUmlwyTOaBNSK7SAhMRLpSmaIAGcAtSmyalMk5HwcgWQIKXI4DVHNSANMml1IVK6klXBAEnDQikYtcEgDUAxOUBSshsC1LgmjaMJaMRslrM1hQSAsIBQYcHD6L4QA5pQCmE0tNUV0USZIrhVGAnJ1XK2EAglrgJORtmuQLRJkmSYNQwGhFIEqJOQBok4AKldJ0VycNQENQwk+BdTASECFjE+CyF6psI06mQtNNqVA9qA//8QALhAAAgICAQMDBAEEAwEBAAAAAQIAAxESBBATIRQiMSAjMjNBBSQwNBVCQ0BE/9oACAEBAAEFAoZmZm0zMwNPmATWaQrCk1g6LB1YTUxfEzC/kNA0B6GaxuhaZmIwhmJj6D0HwYJoZ2zO14IxFhEx0x1xMTE1mIBFWfELdB0BxA3QmeYwniYExieJ8QdB0B+gr0xFmYp+gxmKzbM2iwdWMMxmFYlfkrgaxhNTMTH0ATM/kYgXyFjiFRBXCsxMfQB1zAMxQIeiiazWYmIIYJma5jrD0x1DwWxWBmvjzMzPTWazHRfHTHTMxmaCaQLjpt0MIgXxpAMQ9MQzEKwjpjoJ8TEXxEeZBmBk1mdow1wrjpiD6MT5mZ8zAg8dMdfiZ6YjeY/x0X6Q2Ils8GBRNIgjLmFcQTEx0HQwfWZmBpmZmIehxD01hWYms1mIIYIikxFwczMceG+vH0YgEH0fMx1zPmPXMEQGD4KwjpmAxbILJvA83mYOnzNYczJE90Xrnq2Zk9FXM1xNejNC026H4EMxAJj6Fm2JuYPM8xswiazSEf4B0z1xMfQohr6WDIgYzaEwp4x0zFcRWg8wQQdBD0xCsKwDoIOmJqJqIJmM+JvmYBjAQxRMeP56D6NZrDMwGL5jTSeBDD9Y/wAOJiAzImAYySwY66xRDRmOhX6FciJbFaKemeh+nEI6ZgaZ65muSRHOJviBxNsS2xtOO1jdMTExGE1MA6EZmsyBFaZhMPTEImPozAf8OJiLaYtmYGEwDGrBhoENUFWJjEqxLeOGlnHKTHVWxFsi2QPAZnpiY6Y6k9KT4zM9MdBmMgMtqhRhN8S5lNfEYLAQZiY6Y6npieJr9GJjpiaiECYmkwB0x0A65mZnqGIi3ERLoHzMAzSFJpmKk3lrA2VcZJdw1ltejQGK0VokBmeuPoIlmdaS88wZmZnpmZjQoI9ctX21+IrkRLoDn6MTWYxDCs8565mZtMw9czP1DpiY6NU69MwPiLbA8W2bgzx0M1zFbE2llFdku4hWYnxFeVvA+ZmA/Rjrb+ugopBzB1+YRDkQsZtN5afauSSIPES2K/0eYeuemOmJian6gIOgmJiY+krLuOGnpnjUuvQNBZBZNjO4RFsmw6ZMD4m6sLKhDW0xgrmV+J+UCwD6MQrOXsItbiurXSbTabTM2hmJyOT2ibWeK3j8prNIGIi2xbBNoDCRDMTXriYgExNZrMQzBMC9QZtM/V3QZss9sdAwPGjcUw1MvQWGdydwQWQXETvmd6bLNxO6MOFJxidxhEuiXAwMJn6OZc1VYyb9nMr8DWYMMwemel3LKs9m1k/h7tLBYRAMjSaTWAf5sTHXHTHTEA+jM2IguMHInqBBeJ3AY/mduGuY+jM3mMzQzQiYMBM8T5g8RWgsMV2gPTlclrWq/aw1pLMJxbGtGs1E0EauFDNTOQPvN+UP4Z2v/hfw64mPoxMfXn6M/wCDPXE1mJ5mTA82zNofPTx0xMdBAZsDCJgzE+Oi4i6xRMQy39tP7cfbKeeH9OsYS/8AdYOmBoo/usAqo9n046gzP/wZ6Z+jExMTE8TxPHXEUbHSazWY6jMGYFaYMK9BAwitA8MYZtT99fhLROL8eRNvp5I/uLJ/H/RR/dY9q/hicqxq53jBac8V2fp46YmPo5HK7LPzbmnGYmiHrj6M9cdM9O2Iao1ZEwZiYmomk7YnbnG901MxMTAmgnaiUzTz8TMKI0aiaEdBAYDP/Vvy41hIsbC8VpnoI3LCyvlFJXye5OQ+11vwB4x9uj/cA9qL7PAnMGY3StylfdaE7StiopYunV7a0nLsWyycX/W/j/DmZ+jWaTSaCGuGqGozRp5EZ9U4RwMrPbMAzQTQQJCIZqfpxMQQRyQ4mfCu2eHC0HRvz8Sj8bPysifD/r4v+yuIn4MMzk+BZmeZ/wCPSv8AHifp6c+xhbmAZGs436QeuJj/AB5memJiYmJrO3OYunG4vx25oZ5mTA0DTaZzNTNJrNZrNZrNZiag22DEo8ixVnFwsfm0pH/qTmV8q/Hy2Tmn8HHuuraV1tLcHicT/ZA9yD2YnKlgMxP/ABhlR9vE/T0/qP8Asfyo9uJxv0L+z/L5ncncm83m0z0x0/qLf29H6x56eJ4h1mBMQR7USW83IW2zC3uV9T7hahnjqP22yjyLPiyvY9sRVPcDALhGhqrL1ea2xnkPqKy5liulHDP91ZEP295yPMs8QT/x6VfhxP09P6gfv/yp9s4/6QPuHrsN+vmeemPoxMdMzadydyBptObYW5dL/Z4hL1nk1B8zMysyJ7ZyOU/c8mfErHsUYTHuiL9vSaT/ANrZR5FnwfnzONLPxwphqQBPkqO5ypR5l3+pxf8AYfxE/CciOZtGP2Mw+ZR+PC80dOf+/wDlFOk4x+yD9wnpzCQmTn1aIKuQtn+HUTUTQTSaTWazBhOo27jKe3UlxpRAJxyTVKX3q8TVZePv4iV+ah9v4mMzWIcJuYeQO4D926UDIs+PiEzjmWfH8t+tPicz448v/wBPh/7XJ/Cn9M5HiPMz/wAelX48H9HT+ofv7bGdtkUTjD7IH3DH5VuRYzFhFAzx8/4sCYmJiYniXcpamts+1xlylyDtabReLpKholrYp4uexnpyD92f+yLqj9P+22F5pxSoM7qo73bAWBC3JUhbVZiJxZdP5f8AWvx/PMnHMu/0uH/tcj8Kf0zl5wxYzRsYIpmJX8cEfYnIOEY5in7lvmY88f8AV/3Ms/NPyaD544/x+emY59igmzt6pyPZTx/0tkz+Gv1iO2nJs/tuH+GBNZyh96pNp2/aG3DYMyBAPPKy73OLagoh4zZNQWEfd0UqtY2MoYR/Kxv1ofB+eSPs0S3Ho+H/ALXIzpUccc8muXW7rY2Xz/ad0KnerE9SgnqXlL8h53r6K7Heyhon5PYJlGbjENV/3ln5r+TLAvnjjz/lf8aFyLbRQLbGccVfY2NhjW38FT7PM2FfF8M9qop5HIJYM1nHrUG0f26rqir7ej67kqTWS/I7ay2hNWrXcIQjoVrNricRma5hgRv11dOWPZQuDZZV6bj2Cq+3mrcK/wDVce+9tEJyTadMkr2ApK6zHu437OcN6Ka7Oxo5WkgPzz96o/c4H+vj3y0YsMceQJxzg/5W5VWKGVRyjveV9tHtStS1Pulitov6nbumt8DsbOB4I8VntmzkDSyz2dxaxbb3kHdje+MmRUv29sFuRWI9lMNhialBxOO0Xi1LDkyvJDfrZiGT4trDTtDQjB/nAE9SVpWozk47WnjTMQIlDnEcqZkbVcBBPRAm6rsxAcW/bv5RRjTg2cDxQWCu85P7ZZjYYnGP+Ou3e1uTlxY9g7IM9LsHGlpB1Ca8ejHZNigWU2Ow9ldCEKwUnJwpnIP2wWm2VZvFqEuUXSmpnHJs9NPXKGfng1d0Gb1Z2rLVKLCacKj6zv8Ajv8AtXl6zu7pai7hu2fArbVktr+//wAede1WRUoMt1pqN55E9F2wayJWvvatWTQZVKZbzq6TRzqt+QxtZ1tRSPK1AiulVZLRmyzVB/ULRLeY7tSDYpryO8AeK+w+s8og+qqlvLQVnuVjiftqX24WXfbp5LbNhhYWyEXWm8nXSfwiktdqAz6Tuie4yuwxGyNST7hMM0qfFfLdbXgUkACAeNfCWNU/qN68mdx8DktqOZbms71e0Sy2oSwItHqTZCOPs5pK4yjNm7k8gPFOIl7soBA8gK0sLC660TR2lVNiHzK7CZcvvHzUw28MLPbWcY1YHjD7P5VlRvwhhPpJwORzMj1twn9vCeID/bx+Tw+Oy8igz1dZLsLKimTb+ynJirmq+kmlmPcK4XjN3FvG68hdrFWHwQNYD7aPny0PiIMryKtX7QBVMjCNBUQdG1SrI7Oa146RgUsY+aQC36pdVtH+eSWficcYdlzX3DqWxFXWwghwC00lSHax9axZsiAPLPD0UTIx2WDpQMlHUN7loX3ouINIi5n2wwvqQVOSl1GbKBCwWd3x3TLmNi1q85N4VbqF7Iq7k21neBlb4VE+4tFQjKO4ilVZxY1nEQvWcnj4FD8l3BUh7M54Q+212tFjFShhfK7wN44+GY425VubKribbnbbJy+TQCDOMg3JQMLCF/KrbwXmYM5YHsIA68morKv1ntlsMG7LEkQWLLctbX4HxKyVdzh8O0rYLP8A9CusDHZc7YGQiiWgFOMM2fz3QL6d8a2Kl6H1NZBBdCEZAH5G0PJClb9j6lUlNwlllLHurSzOWfd3icV7A3HvrlCuFsVtgDYlAKKzAXcYtZEXFyWOK0FgV+QIv3qAy0PZQAvI9x2Clz4EBxKyc2bVtZ5PGXD8i4ivjva8V2j8t0fi2m3lAo1nIrC18Qgu9OQtLmGltgpAuzXSLMEncKQvGWwZ32srbxzapjBsOCye0DVtvcbQZxae4tvEaqV52wuAw12wgO0ODLSRdxmV2V8FtCrWdpe/7H5By9oUi5CENLBr/NN/GweXwxE5NIsa+nTuVid2vPdqmJWWRq2ayW2IsTklWLZHqWL2OkPJCT1IKi7NS2OVK6wsTQHEs7hWvm6iq2u91Rye3maWCBzs7u6GuwlO6A6WPSKXqb7ylqWNqnkVWa2huUli0ixhE5NqyvmXCztX2FUsZSOQSKb4i3Mr+pXj9nkGMnIrYHkiWjl7en5EdbxNLlR+NyNK6ORaO087dosFFjn0lpFXGtcnjMJ6UxOOxn/HMZ/xzGemJtbhaT0VeW4ihePwu+R/TgU/41c2cAV1U8dWnpqgnpa8rRxZbQAy8MdhuDofQfePGAaDMRjl2YnulilgSX2AwcsiNaXbbxVaQBbO8J3kneTF11fbOueIyrYl1YgtTBdSM17f+f8A3GZq3ZIMbOcHdgxYq2f6iSOPoZrEzvVZ7a0yPxtz4r8yzxxw2Uv/ACCHFhw+8uA07YIJynGP2jWWhXDooW4HWUkV2vmyFIq+5WCjuAQ4W677hIySPdxu2CLEFRtG9jI/HQATHghJWE7dg8Kyehd0Ztl9VcB3dZ8dPE1gOeqTXx/0Vp5wuTAMywBlalklX7FXM7fg1AztLt2Ro1IgqXu1INO2O3bWVDpaocXoHPIrTmd8A3OZ3GiWENVyXwOXZk81lA5pnrQCOYs9dWZ6uowc2qHk0merqjX0vByEneqMWypALazD2i24myzVA+VniaAP4niNXs3Qxayr/wAw+QlR7mPDQCPWTWi+2ZniK2AULTE9wnHGxsrVT0rgA0j2CkM7uU22XlKpKCxeWMGj/YcaVp3BNjNWMPaEFvEM8m5RiZ9tiC1XSto1AYWUbJy6Gs4+DmfxxfNdIO96tqBEGbnChaFQ18gVitVpIvrrCLxlw/HCpXxQV9NidnZxxpZUUUUGClo6W7Cm+du8RjcJnkTe6d2xYORdPUXT1Ns9TZj1Tz1bT1bT1jY9aZ6yLy56uHmYnrBPWLPWLEIE/wCxK7W4Wd8k3WBjP5sKQQsdCs1xPiazi39qco5lH70zPakt5+I99tnQV4HdFco/qHJBXm0s3mOiWyzilJtYJxjbc9o8NGnFft8ZeQuvqeM09RxoLONvmlhXXgXVF6xUyi7j7r6YYu4/srqwhrEqrbIVpclkC2wi2eTdg9BZvd7ZtXL7FKqayPbCAB+dvZzPTzsAR6k29Os9Ok9OsNFcFNbTsJF46NPRxvJmJgwAzWazUxlKuBD46Msx4iLs1zeeOo77FaRabbjq0VGJIFUZLSaqSzMG07bzjtZx6670sbzm3jK441etlnw0Mp/02IFD/sAicex4nBg4vHrneqA7zmffaFLMChXHpklddFo9LTGroW1uHQyji1AVV03K/EYsaCoFNjA03pd/cCd24S/VzW6kaKY1NZFdVfd7fHnapjUKVWu/uCu2dvkQjkiX2XJZx3sCd22d1p3BDW2O2S3agqEtrzO1iGvxiX/vBwSxaamdu1j6eyenAh1QsmZZopDeB85OFGI/7XzhlO4BIFJ7naOLK/bw+YdQI6hxZ8PD81f6Qt7iJxGY6UUzuOYEdiKK1NW2rLlQUrRuTx567ioD/VOPP+Urn/LVz/l6p/ytc/5SmL/UeNPXUTvUWrX2q0Lr3vkccXBCAYaKmjVccWdi0QVXVt3yIt9DTWpovDrFvp6p2K52BORRZK+PcF7N07V87d8w8VWI7U7K57KTs1w1U57dOdapa9KD1NInq6oOVXm7kbDuQuSV8zRnOp2FGxFWrmpVOqieNnBKgAwD7oVtrBmvj+2tHemDVls+HhnEUNx1dRO27zt6L8R+Vxqms/qyxv6lyGjX2vArEazxPeZie2DYw4mVnunsEDTNin1TiV8zkwf1SxZX/VBYU5lZLLRZYD1F1V9zcasDt3qfUXpPW1mLYrRz4JfDW3LD/UVWf8nRPVWROS5bvzvzvTvTuQMdtmnJ3aANpq81eW5zP5Q+1m9+DW769zPn27OdiPHR4x+43lrMFEZe0f1/caNVyAWD5CZXiIHoT4e+mk2/1Ro/Jtsmxi7NNdYbDDsxFJxpidu2yLQYKfL1tAsAUA1KSKligdtguwrDOEtNZSwv2mMv1WIW7JssqX1jKw5YgsqyzDX+GlvIqFp46zt3LBfckTl1NPbZDxaSe2JXUu3bWaIJ7BNlhcZ7ka0LLLdpvO7O75fLHB6IXFaBA77KEs9++9RsHcdoLAFFqtDd575B7pLK/tA0JZzDcY1z4Z2wPdXx7ezH5DuCkwkcKIAGiuuo9zHwATsmUSz8ayQ2RGZXDowijLVVNstPgrrPhEwRZlWX3U7eX9qkB1y6O2Y5yWGg/GV7myut3VzckPZtMHRq0eenUz+5WbxbMHvz1EN8N0NpMSz32WZfYzM2mxmZmbStjr7xYzttjEZgV9qzKzZe4tmF3Gvdgsbeo2OV42K9QsteoBiIAhFd6pU9hsd27ZOYF0GolY938J7Zn3J+3sFkYCtakDx6kWJXUp5KuwRl3BBXt7TOEKYVA4rz4WtmiPs38aqBkmJ5ViGGcOUUqoM4uNY9NbxuFCl9cFqw+RRxnqtz08zzPdMGYmIARCvnWazWYE1mJiKvjXyU8hCZp4FfnWBJpiaTt+e35Q+lWy1ihtyTkgscKfaPwE2NgbuNFrZqgus7QhQoT9uhK69B7CjGH8cRhhewK3NnsULK2RSWtdxsk2KlLN4qeW3We6tVXaXVe5X2KHVB4XyiZUvXvOL8fQa1eNw1jJdXO6v14gWYySOmB9I+BPkhfOJiH5EPx/Py/wAz+ot/cs69nOZnoqsUFJ7dSysNKxi7vrbQOMi1svsYmtt6wyhiP/ILorP48lD5oHcjncBV7naQthluwxFh0dl71q+2WvYHLbNV4RvefDRE0BCYrYotjAupIbjeP8BUH6MTEAip47c7UNZz2vDVw16/QOn85mZtD85hMBEDDO0sYlmzPM8zyJUVIRwEqoIjfaXwGK6jyyXOAUKpWacVBwZaMQFVnJy0z3JZjsgst4XDP7bdwwHsm3eTLNPcG7hrs7o7S1ItxJ7q7OVKzGEagiV0v270WLrOOQW+rz016fzpArRV8rWBMQpMZhSFYwMMxMdB02m02h+gEg7QgYIHUyha7FpI2PdDbBI9RIprZFazsmxtkUCBX7XsK+CtjrYzFBKziNm2LYMFq0tIVrUzn3iZd52+7O2Vnaf1AwGfstBZUpSytSb27ndeFzrkkP5imcUEf4e1CoiiazTziKBnXxrjpmeMNhoVmsIx0HQzMz1zMzMDCHMxAIcZxmVd7BrJoFi2M1auraiB/G5Sb6mqr7T2+3dQd/c1jsXDa1viur7YRMtWhPI1CwvWLO8jKbjst7dvckf9pnz5yPEzBMwERsRfniD2/wCEz3z3YgEAaYmvmeJiGeyYEYCfJ28gxmm0zMn6QfPdwTbO6ZvO8QKuQGUWk0oapyLGJ3bto79zHeDavK92rxYAQq3fbCHtKH5EPIbQW2a7FnU4bMydvONSegXM192JiDqJnrXWWNWFXP1Z6EdGxM+AWgPQOITmCfwdYApJ9sKEhqzNSZhZjMZYRiAefpGczMz0QAmmsaBMK1T7Er3DYuhsALWiC1xCzOIPnoYBkYx0/k/OOmZn6QY0BgPX4i2AypfOenn6cT+NgZ7oFbGrT5gQ5z08AwkCH4+CcYbU9ChWHGCPBEzjpnriYmrTDTUzWaRCyTWYn84mIBMT+MQCY8GNBMeAJ/OPIEx9Geg+c+SZmBpmeIPcaAEVPMB2nz9fsJPbwoUwzxB7SWZpgCeJ8FzMeenyGmoECrMAzTXoVnbmsx9OJiazEEx4xMdBMdfiAT+CPLCLCPOPJx0H15xMw9Rnpkqa3EoyIMzznxPB6eZifEX5x5+4ehUZAIgUzBwBgYmPIVYQBPM7fh621C6w+YNsFDHrWaTE/iDoP8p+j+BGizxjExGzss+ZjpmZyMTJE89MwHpvNsyn54zeBZsNgYMTTzDMDoPM1BmonyT85EHmfxPyEGIfnZo2TLMRQ8KwDI0CwgkNU2uuJ/GswM4mpxD0z0EH1GZ+j4JPT46EnoPjzMQZmxE3M2mTM/RmfMxKyC1d6b1uCPg5WZyA3hWQTYA4JmTgjUBRg42YmD5JxCBnxF+TPxhzPxnc9zNhMlzsAd94AA2Nh2xG1WHAbtYB/L+cYLfOegnwc9RB0zD1zB0OYJ56GZmfE2xC3UQ4+kdP5p8Ti+90JNlZOBZmaiCYCMpyBP/EADgRAAICAQQABQQBAgQFBAMAAAABAhEhAxASMRMgIjJBBDBRYUAUQjNxgfAjUFKRwSRicrGh0fH/2gAIAQMBAT8BGWWWWWXvRRRRW68tb3535X9yijj9yt1tf2Xv1t19mt19pfYS2oZX2kihlHEr7SFuvs0Nb1vyoUhMry19uvPRXmor7CE96OJxK/isl1uvKnQpb0Ir+XQ1tRXlQt2P+O47ocfImKQpHITL/jNll/bRZe7GUUV/CRx2ktrLGyvIpCYhC/htl7PZfZorzV/FW1DiSW9CQ9OymvIpMjMTF/EZZZYnY/NX82MxSEyhxHpo4ChRRElp2S02vInQpCkJ/cZfmaJRGiyDySl/Erevu9C1CMy9qKKEiyTyR00T0USVPaxMTF9l7ai+wyhxNNZNXApCn/yFprajoUzkKZy8lC2lCMiejXWyYpEZCey86JZWy8rGyyyHZrRxtZGYn92iv4NE9O+jhIcWu9+YplnIUy9rORaZKI4M+REdq81Eexaf5J+7O1llllj2ULFFI4pxyfU6KirRRQnQpikX5a89FeSvt8kWjBKNnhD0mNNbc2czmKZ4lHiHiHJHI5jp7c2iOoKZflZBXI5TXZxU1lFeevyItnKSuv8A9/8A4Hq0+LJ6elJ/slGnRRRX83lQtQWqeKeIjkM4nHzcir6ODOLKYmy1shMUhPdmj7kSVRE3aNRL42oocRooayLuj5J4/wB/+Rydks3/AP0n7n/yCiitrYpFljKKXlQpFpjKKLLEKheTS96KVHFWjX+PM0MXuPkl81/9j9xNZyanuf8AyCiivPRPSqEWcDicSt1tTKK2QpCYpbM0Peh9CNf42vyz7E/UfJO/95H2SpP/AGifuZRpwTyzjplQNRRrG1FeZvaEU45Jqn5K8l+fihwHAplFFHE4nE1tP/08SiituJwI6Zx3qLHp/graxMT2gJima8roveiiGnyNTEiHuZizUrI+h94/+/8AwTXqe2jlD/31skn2cYfgqI4qUaNSKi8eWTyI0/aavu+1floo4nE4HAcDizJHsnG/pTBgpHE4lFbV9lC72TNUbFs9tL5Nb/ENK82SwyTzsm2skvcxo0OiT8sTW78rwyzSfpJpt/w6KKOJwIQ9QoX9M1+hwOLMlssssspnEoooo4lFHwR2Rq7JMcEPbS+T6h5ZoQkllE4yvoZLo0kS9z20SV/7vZbxNX3braSyUaXt21Pvczmciy/LpRtmkv8AhIlGvI6K8iiQhHj0eDBrof08bwS+ma6Gq8kdka7ouTPpVkXRxizw4NkF2a/yJ10Sr+4c8UM0bfRN+pnI0CS8sTV73i9ntp+3bV3rF/brezkczmWWaH/g0Z3pH1K9RT2swWjBjZGn7RLB87Tj6mcThstkfUfG30vyLZdi90jX+dmMl0aDZqe57aHRL/fRY+iikQ+TU73h0MenLsqjS9u2rtpIo1IW7Q9KVX9mkUjijicSitkaC9EmJ8IV+j6mGL/BprBqqpbai4swUtkQWWaftHvN+pnIhFywNC2RrbfTfItvkj3I1vkbwhj2j0Pvb6fol5Ymp3t4bZFUttSDi8kJX6WaXt21TwkJJby/wn9qitq3UbP6aC+T6eK4tGtFcTWjyi0Q0uJrfTzlK0eDqReT6xcZL/IssjFOhR+RL1MSolt8mp7mISJb2aq5dbfS9MWy9xHuRryps+ESGMiPbQG/LE1O9l8b66yQ9xp+3bUW7ES/w392yyHu2bSRpY02PNI1fax6tTIztEncMn1yxFlFEYOkxQrBFnwMe3DLHpcT4KK3a9NjwaOCPWy7I9yPqPkbUoxZKxjI9Hzto+0l2Mj+zkjkcmRjyJaeMox0PbUyQi7IqltqLF7sRL/Df349jdEcyNH25JJWjUzEmskeiXtR9ZG9JEdGTdUf0rIQccGq6SIP/iDPkkIc4pnNXZfKRgcY10UjgVSHBXZp5IrG3yR7ZrxtsSqESSJbUNCIYiMe3H8lbafuNUinVFMj2T7I9knSE8Ddoe0kIfse9fb4MUHZLs0lk08IgrgX+TU97EsEfUi7icUpDZZOPJYIaNStmCbR2rJTbH9JzzY/oH8MrjhlocoDcV0ciCtZPCgKEUXt8kpNNmorIxuCNTT9KY9kRmow6JfTt5sisD032cRJJUX+S18F5PF4PolqJ5aINSWNpYZJohlmrFihyjgisMe0hD9hRRW1eZ9FppRJvCpDnI5s7ZBNEZekj0jmkT0rlZwxSNKPakekl2Mjg5r5HXwT7JQ/BXpo4nj8KP6nFUT1lI5FxMEasi6ORyZyZyZbJrJJXg04qKonDkTh66JaVfJFLo8Tjhn9SxS5YIVdEo9EY5ySSZxWRRgSlFdk4LU6FDFInGUdo6doWmou0R1c0ycsDkvweMzTXLI4I5qy7h5qKPBRRxGsEexbdIn8FNM5dUReaNSeDleydEmqJSTY5HKxSbwQlcR52obG72ryQlxZzw2WcmeILUYnZkarsUqtj1pPCG42clLA48WSlyeyYpt9nxSP3tK1LJKX4OLZCElk/YpWSjkRZxUiWELKZxcTS9h2OKvIvYUVvQlYlxPEZRg4lxQkmKhxwNWS7INl5JTufEjR4nqoUrJYVHhSZDT9VSHSngWMidI+BdEjvZo/YhraEbHH8CiPaJdHOxsa9JBUxxtWRwiVEoU8bZOJCOcE5UhSwJcrGs0Vte2R5Otp2IqxzUcEOicLY+hRbFpnhoUKJNdEVQ1gqxyS+TkvkjLHpEsijHtDq6IdZNTXcdRxSHp0RYs4MXgTzY7waTxRr0nZJ04mhJSm2J5OR+y8CZqztnbMrb4200v7h1kUhu1aLL37QiaNMo8NwKKLRLsTOiDp4JP1GXkhJLDG6lgsvdDyPrbllkU6LocVysvFo5pnIVIetGPZGSksEpqjDyNobSG7d7KDZwkjThIkjinEiqRq6EHqNmm3J5FhkpS4+kU5I8Z1RzUcSI6lLCH9Q5y9RqT+TljAnkQngv0jnfQ02cRqkNs1NdwSpdmnO0rR2N2Ss0+6ZP3YRxOJVEnSoT2TwKWCdUuLIq0Ms1HTHH+5dEdRNnij1rIypWRy2xGKxtaQmixzVikmLUic4fDHqxSJayol9RNnizPEkKQ5shq08i+oXyLWVj1I1g5nM57RZG2PUihamcnL8Hit9GpxbsjUFgcU8tHHFRPRx6M2PJFUmcWchU8JCv8AAlJHqroak2cWVI4TZK2lglpS+Twukx6bi+ip2SjJYZwcU2WKbFNlN5IwnJYJRmuxRZHTlJElKOGZKkqY9PVLlfZl/JPTnHsek6pnCsI4i+mlVj0pRlwJaEoK2cTif00h/SyRp6MtR0jihxFHJH6dyVn9JK0vyS0Goc/g4nEocTS0XqS4o/pXUn+D+krjfyL6T1uBKKvBRRQo3vZZdnJDlY5WWWXtb2tlvZOuhSkc5HKRzldnORzkLUaObqjxG+xahLVcjxM2S1eRztUVsjkQ1uConq8jmiGrxVGpqObLOWEj+pX4HK5WJmpqKWER1Y3bG9o6sIrBPVUtbmautz0+PyOtoasI3+0S+og0/wDKj6fUjpztnJSfqMW7F2aOpCEGvyiP1EE4v8InqxeiofJp6j07aMCrifk+mmtPUUpHjx9a+HZ46bj+iX1C8blF4HsuzNCpfZW0Y8h9lfdiJfBLbOzssvyYMGCkUikUijiUcSin+SmUymUxpmTJkyerbJkVllstiY5HI5HIs5HI5HLat4KyUa81KHfY5N9kU5OkakIwwnkjNxdoltpxi45JuP8Ab5Mi/Yi82PyNfbdGBlFHEo4lbVvTMmTJe3I5F7Wciyzkciy9sGDHkZyJu3vOvjyULBRQ9uRGLY3FdZObELSpXLCHOC9q/wC5FOTwTi4dl7QlH+5HhxfRKMIoe6OMvwcJfgryVe1eW9/9TJe3+gmWXtjflaoooopUcTiUUhpFFFD8isoooffne+npY5SJc5FSIxk3SHx0ussktSTtmlpOT9WCTlx9GEcJHgLw7+SScXT2jJxHLllD3RpalTRf5LrI9aPwPUbKQvtqmVvRkyMvdGDBSFvkbZbMlssplMoXeTUnyj7fJLvehac38D05Lsb/ABslY0kReBP8luiOCXvJWNO7Ms8P1YOGKJxxgjC1js/z2e6+DjGErPEfwN+ZFP8ABTKZxkU9uMjJkyuyyy9lvjzUUUUUV5Ml/k5ll/opfgUf0cY30cP0Yj7jxYHjQPEia87e8Ti5YOLs8NPsUado4pEUv+x6U8djvs/+Ql6rKd2S9ppYiamkpdDTi6Y915aMbxjJoca7Y6/B637UV/1M9AlJ5Q0vlnKPwj1HoQpfhD5f3DlEUG80ONEU26Q015bKMmTlsijJyOSPFkR1G32VE9JcTkjkcnd0W/wa/JmaKkVL8mp3vB4whyz+z2vI+N2y/wDpMDd9H6PwS/KLtku/2S6IyXFYHlfg1pLp+bg+3g9KPEZyZHlLCOPH3Mer/wBKG5S7I6X5KrqP/ccdSZHRfyKGcInF/LFEXFLA9OLeWLTiKuNxWCXG+hQTapHrasak2cJdo1cHHlGyegkrZLRz6WPTmtk93JXRxRTRbOW1IohFWcUUjByQ5o8QeqkampZzOZzJu3vBy4i4pux3VClTou45wNq8DYpYFJMeoeI10c3YpYs9vaHqvpk58ne6VoUfyRpe0cV8lRJJLAlYtRVgWWdCbsg3CJqdEG089F9ZJSUuiUWrZFWyGm/aR0+rHGjKVIjTGmvVeBK42y/hEvTG0Ncu1kuSb/BK+/gk76Y48VgcV+BaHJmpp8Omci4sW9FGTkRmeMeMPWPEHNkZ5JTyWWWX5IdGVKxvODrCY2qMItFqxSwclTOZzdniNIes3gvdJEWkhuy+NWf+1nGil0Q72jgTz+iPuR4fpodRTZFWSglRxhHCJ8mnXRCSu1guLXp7PC5ZPauKHCkRui38ii38kZJvv4F1aOKS2i8ZJSTxFl5HFURvtI+p6XkUmcy0xRry53oRW1FFFFbJFDQlZxOJQonE4nDI4E0rOi91+RdNH+ZfJZJc2Rjcc9iVdnBdDjRfGFkIxqz9pClL4P2NfA44UmPSUcnOk6IpYFxSE5t+noVrDY5URlyyRjkfJYiZSI5RPTzzFJvsTwfBlKxNN2QlJYPqL4j8ybOX8FbpFFDFt8nbH5optC03VkI/BGL/ANBe/kjnFpsWhFIlGkStO38iccfgim/k+Kvo9qs5fozVn9uT1Zsk7VEYx5ZPCj2U4TqJn57JPj2VzqvgiuPpJTmnSQ5N4NO6JZfZh4Ix41joqPSE6WSTTd2Q7RrJ+H9i/wCCt7LL2sbLQpZGx+RGm40yM0lZDRef2S/4caLd9FNdFNo1Gk7kRlFRSPCqJGS/HRPAnSuRqZ9KZh07HXHouSlSRX6PbKzmpfIvSN+Ir6KfyjPwc3F02c1VsUY8rOTuhNsTXtKpYJQrPyacceo1K+HRF/Brv0fzLLL8qZY/Lp8ZKmaffWB87Z1lkknj8mnClkepxJSusC/aEpcaG4U0Y7JSUnUkOk8EP2S9fsYtREnBS/zMOWSL/BcsluRx5jhx9o4+u2f6kqYnRGvgcslsbLtE8iNV4/hV9uy/JZZfmhzHB8akzxFLBxUlTHSLf4Layy6IQ9JLUxyE0mcs/oc5OqJJ1ZCdJEU42RWc4Ip87sqqUmclys5Yycn8EZYos+drMnWyLE0SEar/AIK8t7WWWWWWWX5bL8ilRp6to8S42R4dM1W/7D1URb5X8o48+iSi+/8AIi5OOTKsajy5WemqPSsolqs8R1gUpVRebI4ZZedq2orO63W72nb+9ZeyL2bL/iRV9mnBcbKpDi7HJW2PUVDl8oc/wcpFt97LdnwV5rL8qY9k/LN/wEL9bdD/AIdFFEW0V9lFbMRXkX2WWJ+WVD/gXs39iiiiiivsVsivsrdi8q897PdeSX8FbVtRWy/nIYvI+xeSy9873tyG9mUV563oordIqhj8i/hL7t+S35K2s5Fll+S/K0P7C+xY35Fuv4i+yxbvyWX99lb9j2//xAA5EQACAgAFAwMDAQcCBQUAAAAAAQIRAxASITEgIkEEE1EwMmFAFCMzQnGB8JGhQ7HB0fEkNFBSYv/aAAgBAgEBPwHOisqKysssssseTH0XnXWslmhfQedmo1FjyvrsvNvKumuhP6D6rzeT6UUUPpWVjkJliL6rzY2WITNRZZf0GPNssvK+mxPO86HEaL6bLLyfVZfXZfRYiyy+qxjWVmo1GovK/pP6KFm+locMrLGyy/0q6bLLLL6WxvNC+o/pxl0J9FDiOJpGivobfSsvNIorpvqZRWaEWX+jZqyi8qKyvocRoYx9d/QvoSKyWT+jZfVf6V5WKRF52NnuClfQ4koDQ/0kSiihqhZ3ki+i8mv07gOI0yxSFiGscyyRHFojiX0NDiOI4lfTXWmRkJo0k1sRiP6N5X12Xnf1WhwJQKy1Go1DkUQWxLFkQxmRlazaGiS6b6sN/QQmKRiPtMHdjiOBXTed9dfoVNPOhwNI4FG+djWUcSUSGNfObiSiOOT62R2e5z1ISKKJ8GBLfJolAa+rZfU+i+tMhitcnuxFNPKjSOBRpQ4FZUaSmiMzUsmSyvqsk9iWOntEw607ZUUUUULJzok2zVKMriz0nqJTdSLLHGxwHErpvosvKy+i+iuvQymbkZUe6LFQpJ5aUaTQOJ7Z7Z7ZTNLNAry0pksMlAa6UYr0wZpw3wa5YctmXnfR/TKkjTFpX/2/3FgtrUmQxcaK+URlasssv9Bf1aHhjwz2z22aSOxqNXTRpy1ItZVmxocRxzRj/wANkJasT/PyOMakzDb4bLLLFIUiyL2HxZ4MPeq/z+xpWkjSS/8ABD7V/wDAWXnQ4lFfRaKYiy8qGOx9HqP4TE3qtf8Ac9x6Wmen5f8Anz02JkR8ZRva/wDl/wBT+Qw3tsYf2L9VWVdFll9dkMS5SRqNRZebytFl5MaGhxyR6n+GyP3j4PTbXlXTh8D4PBCv82P5CFuK/wDJh/YssSbXBqxC5mHKTe+TdF9SjZSMbFnDFdGDPXG+i+u8qy1MUxTLRZZZqNRqMHE/fSRZZZZqNZKZqztoWJ8mrKhoaEYnA4qyWHfB6fD02Vky7yxMb26MLeKJcI8GHe2S43/5f9UQfassZ1Ii7/x5W09jVP5LkanDETMOTkt+mC2JI9Sv3rPTKsP6VFdFmo1Go1GsUzUjYlwYb/8AUm5uWzUajUXlf0pcZ4aKzWXqOYmD/DRi14I7ogttxlKL2/5kPtQmep3ZBGx5zn9yMHjoQlaKR6mK9wwZJRp/oKyssss1GonPYcqx7NZqRsUUUUUWaiyyyyyy8pZ4eToWIxZeo5ien4RjYkG+SOJD5/3I5YrMN9qLMcw6/wAos85zW6MH7c2IjLYs9Q+8swePraTSaTSVnZZNmK+9ilfQrL6HIxcSWurP2jEi+ReqnVsj6uL5E736JZMwmWY72JLcUpRPdmkY7+1mA9kVa3/JG19ood2rLGpcmGu1Gk9TsYby85z5RhcZyQiPA2Y/35YHGd719O86KNJpNJRiGLH94enl2lrKjc3NzfJmM+9je5ewjDl2o1GvJ5Mwyz1Pg8m6NToxPth/QwOELyIjzljxTMP7Fl6nkgv83KF9xZZicow+M8QXAsaF6S0+DHfflgcPLFeWDiNRpnvRuvo2y2ajUWWXkzGfdFDWud/k9PLx8mLIwnccobo3LeTMWe0a+TFfexDEzCXYjSTkoKxMecSj1HjoxeIGFwiK3k/zlHkZ5Fxl6ohl5zn4MLjJ40IumN6uC62MLEU1sYkdPdE9R9+Xp/J7smSbYrGR/wDcL6Nllll56herxJbUeolUkzCk9ZDE0PUS9Wp+DB9bhRjTI+ow8RdrPTO0/wCpWTk1Y5eBuoRHK3ZHkYuDC+xDHIhxlRRFUWep5WfgxeIGCtkR5l/URHLyLL1FeSMUsvOVk/Bh8ZPyLYku09J9rRifaz1H3lnp3yIYhi/jr6VZUUUYj7GaruiEXJoxv4kSO2pkPvR+zKUPyYmElKqowYJYq0npHvJFlkp7tEsS9zETHyLgirY3Wx7qUUR9Tq8Gq2KaZeSHLessXcls88XiJgcIitM5IRHnJ8i4LMfeSRFbZNfBpZoNCMWaw1ZDGUp9rN7tvkX5HwYG1mJLtZjO5Zenn3aRDExif75Flll/TxPtZhw1MdKOx6h9yZC6kR+9EOCf3cmBXuNnpZViMeNBK7H6yBLFUt0YO7d/Bi/wUyLbbPBDklyJbCw2o0jRpgxOS8kcXEtbikz3UKVtC4MWkhu3eSMbiJguki++RGWxFOx8FOy9iTJbyFnrvgsvg9R9h6Xbcm4qWo92F02Y1uGx6ddrRP7WVciUd9iK040f7iyg9hi/irOy/paicrRhKok2Y+8kib0zZXDMJ9q3JPcS0P8AqNd1jxZadKNIlW5hz3MTFbioIhB6jDhKRGGl0RwYo1uLaFjpcol3O0aJCwsUjDE8s9sncZUj3sRDxZPJrKMU4xsgyc6k6MDFetwfAs5Yblici9UltRe9kcVXRqXgctUtV7IStbFPyU6R7XvR2kRwHwpGJBx2Y6TIPXC0YSkrMS1FmHJWzXpk7Mb+Lhv+pHLD+1DP+Kiyyyyyyy80KFNzMONNuTFhxFhr5OFRJpkneJRi/cxQk3Rh48YwoU97kYs904ClL4IpUNGHG2OD8GnfcgiM9tzU9es96vBHC9y2fsv5I+npmkqRuTbolu1IaTNMfn/P9DTHiz24/I4KuTDfaRZNuTsw5uEjCn+7sji34JaluPB1bpn7HHyxwcNyc21Ypck5duxDEcZWLEe1DxMVGHhYk1sYMpYHK2PddtyMKeHLnKeO0/wPGclTJYNrUjDw9z2Lr8CwEjFloYsWnpo9ttElpxV0WWWN0ftDysT3J8DyW7IeS00afLJq7MGFPco8E+FRhW2QhsLDNNDiluTjucGz5NlwabILTlfROOqJ7bUkijRE9lEvTxaJR0bI1Ig3LZDi20henhHcUZ1yaZR3I4imRWlD34JKyWEk9hu3bNnsOJBRcKMLDf8AMa4xMTFhJVZtwThRhS7R8DXJbjwzClqY3TQpKXBjPvZxPc1PTsYrvGRZZZZY5Uh9/OwsCD3LZrP2iBrlP7R40lyh4kv8ZDHV1IuiPBiEVuRw3GNmk07MxYVsRi1IgqQySqI9x8kso+crNRfgZqLRizpEZ+fyPEYntuInfgcdRGGkiaoqVyJStbCkk6ZPuZHVuYeJqjvlsajEkqpmHDVIcKlt5JNxojurMXF8I3PcTVvkli+RSi9iOzOSTvcha3JSO7nUaJTqRiq5MwsXtol96JYiiP1Hwe/M92yMXdoctWxCb1GrSafwe1W62Jx37yU+21sPFnxPgi3p1ckpJvY9PgKeCptkcW+CSJ7Ci63PBtTMfkUWzDVwbMSOl0TRWTW5pMKFIfaiLjJWstrYzGc2v3ZDU4xvkcUR2dMorNtJsniyUrPTeo1Lu5PVPVCzBkoR1bk8eLgpH7RBcikq2Kd2iNUOJzwYiTjbIK4nbHYnFvdH/D7vA4srYlVWWxyb7iDadsWXtvQkYmkpP+hhS/duI470e1JO0Sw5XZLBnJ2xejnPgnguHIsGTaQ1KPb5IwkthQbVCjSqzTGJL1MYumRxsKZjOLfaQaqpDehqS4MVqT1GB6vFhgqKWxiKMUPeI4dw8Oz2mn4JXq2Q4633bFNRaRgrZooa2yaK3NNcilQpF3I/oY85QZBNwuzhbmmlyYaVmKtrRhuWnuZf5PcNeon3Kxw2K0k1eGh4bp0STUFF+Ca3PRz/AJGeDBWwpfy+SWHsexsL09eTEwU2ShUaMSqoepcmlt7Gm3RLDlHZoUZfBh4bcN0LCktn5HgzfgUMS90yODKbpoXppatiGBFcntwPbgS+EhYca4MXAUlsS9HKtmS9POrvcjgT1XKj2z2xYfyWTSktycVDwYUJPZE8C1cRKnpmewlG3/sel1LtZOGrZmmit9y38jaoRJ21RqRoKcfI2vkuPydt8lxRaexceTVBLcVXVinEn7c+RONUioUJp7o16nTKHBMeHE2Ww3FM0wke3h1wShh2RhDijRBKqNEHdo9rA+COFhx4RsvAnFnuI1WJ1sj3S1VinbLy91CxUSmoliY3SHiU6PdQppuizV5L3E7JT0nub0e7tY8Ribosvaxkp1nKO1EUqqj21H7SWG5GDhtbNmHhqBRRRRSNikUvg3Gr5HCJoiaImmPBojdntxHhpmhXZoSPbFhUe34Fh0aKdllj3NI4WKFGglCyMaNJXJ7RW1FEYtGhiWTi2aXpojGmbnkcJMWGzEi3wU1wfA1sSi3Kz25URi9Vko6md1jvUKzETa2NDuzRIcJVnXblTZfRZXTdZWup9c+C/JEWao0o0orLc3LZbLZbLZqZqNRZqNRqRqRaLRqQmi0WhUdp2mxsdo6KRSNKHE0mk0igUaTSaDQNGuizbkx3XBhYkpUuq3PjgUUuBuiMnLkasjk2b50bD/A2VtRHboT6l0o3EWWaizUi8rz2NjY2zo0lZUUUUUaSs9y2WySs8UU6MO3dntLcwYOK3zhfnovOyOVEpKIlJ87GhZOfhGmT5ZKktxJS4KrJlm7Fm+u6yvJZ0b5f2Nisv7jXTvlp3ssssbZqNReVsvKxfQi01t0J9CLJ4tvTAhogWhySN5/hCcFsieKkthON93Jqie930RqStZ0LNjW2dZbldW/TuWy8rNjYRWbNzc3HlsbGxSNjYo1oc0lZ7g8QjKhYlmvLD2jnZ7kF5Pci3sWXZqoVjW9D/BSJOyP2EaIy7aLSHiLTue55IT3pkp1zxmhZMvbrplFGxSO02KR2lIpFJmk0lPpsvOstRZqNQpFlmxsUhpFMp/Jb+TU1/Ma3zqHiYmm7Pcl8sgpy4PZxBYEz2ZmDhOKNJRI1qO5qVHutcDnapmtvcbf+pvW/BFq6H+BvtouKVEGlIxt5GFjOOzE01aIiyfTaKfxm5JGo3O1cl/CO4dLkv4RTO07hr5YmvBTNSQnZJpK2KmUV0WWjY0lMbLNjSaWexElgpI0M9tntHtGj8mlUtyl8mBpRauzVEuPwYfGc1vuxR2/AmprYWqmkV/8AYt8EVXI99z5I/DEttiPF+CH3bk4vW9xbS+TBTXB2ll0VlqXjcSk/we2ih0uS7+1Gj5Ekh4nwar5ZqhEeKvA8TbcjJeENju9xTdcDmxvupsi3XI50nbG4KSQpQSPcXDMK2OWmdEMdt7Ece09SFiYcivgaeaT5NTLT5KRpeWpmpk5ujXI1SO40sUGe2RwmzDw6NBoNBBUs5qLkyeppf7kNL7kSjtZWmW25Xbv4Ir4NLdf5uOEkLDPaT5NCocd6G9XDI4XlEcPSqKKHtIc6Ww7f3il4SLkRbY3Q4O9x7I5GlROpSMPkmk1tyU92JOPJCSdIk9jExFVksXk1Wcu2StMjTWmtyTqVIry/kj3OmJuLpPYqMor5FXHkgq5XkjLU99hN/JLHcY7GHi+5s0aU+DTIeaZqNjSSgeyeyLBFhiw0ThsQhSKKKK6Jx3KjpojBVujndoUd7o3ZT5NL0jhuaXa3PbNCocEaFzksnqslFtijRWpOj/8ASHKy/JPjKW7K2/JK9LZ7tStibk0icqIzkxznLdmG4xavklF6ae400+416djl62Kdv8E9NlDkl4JRpceTzTNTb+TjgkqZGLTuSK7RSdkq4Z6Zdz6NMTR8FNDd9GxtlZYyyyyyyyyxsvYUhyo1bmos1Go1Gs1isW4o5sfKY/wVp4FoRKSUtuByvg9x/wCgpp0fdOic5aq+C/DZKK8nnSJ7ahS3cULFc0l8Ch3LySctyVs7Et+R6ZbpFWicdO3ySlsLS95G0miTow8TbQSjpS0klctx7u+UhVJ0kO0qJqPJ6f8AiMXQiztNH6FjybLyQ8vB4EMS36JSimPEWqjEn5RKX+pK9GhmiUZJMePJyFK2RqSpeBxk1JeSTSdpHm62Zep0ad1ubKVPg4nSOzaiCp2OT07DxJVRcXC5G17cEVqWxehb+R2+4jGDjbYlSvwYi7tiPaqo3W5KWq9+S5btkqbpELSquSXDZhN+9t9Cv0LzoorKhIoaKELoxFK0Sg29JiYy2/BHvkbVyXbtjaTMKLapEoylJv4PduZKL+eTD3/sSTbqJg1Hukj7bVCvXVjUXC5McrXJHujTNDW9D7hL221ybLhm3DNKlHUkaHq0rwPEk4UUtNjSW3nYcW+6tjl7kZ32vgm+7tMLUuVZJPkwI/vProor6dFFdLRQunFcou0Yi2Tu2djS+Sr2XwRbW/wYk7faLD10Qik33cEvNMbjrtcC1WpI34+SEXBXFitrcmrutxVDaaJQ/sRjNx/oJyUbROvJ27FKJq0Clq5FJaKRX4IqSHBskm+RRWk0oSKojsNGFHuv6NdSX16zooorqxPbFNa7ihwlBWKbi9SI27/JpS88mlPZFWtvBiYncRw99D8Gltf0NPa75FCMbvgi1dE4XJk6nVkntS3JPs01uW3bihQenSe209maFW44KyjxlRtmyhpivLCX09+jfrooooooooorpooorJwt2YuE0zRU9KJrE2aMGCX3lLUSitNeC9H9iNx4/qT0qWxcXQnJw00VK7o73syOD+T2le44Ru6KpUSVoorbLVldGrYvJ5srohX1qKzrKisq/RSdcGJPuo1WxTjVii9KVChKxQ8MWH8uzRHgpLjJ5ofJfReVFdSyrpivqUU82M2yX6CyyyyyyST5LL6LzsZeSyvofTWTyRQ10oX0djYrPfKsl9CyyyzUX12Xky+m+h5ITH0v6Kz26I/VroeV9DHm87/UMQ8rLFVDyvKis9sqKy0lZIsvrvOyyyxjZz1P6N9dZP6tdCS6Lyo0lFFdFdNi+ivoJdDzf6R/RQ810UJZv6t9X//EAEEQAAEDAgIIAwQIBgEEAwEAAAEAAhEhMRJBAxAiMlFhcYEgkaETMDNCI0BSYnKSseFQgqLB0fDxBBQ0YEOywtL/2gAIAQEABj8C/iVf/Tq/Uqfxy3/tFPBT+CH3df4Lf66f4ZT61VU1V17MTzW3h7fwO/gsra7fVnfiPuqhWmtlu4f4ZfVEKykT9Q2bq4Im/u6mFRxd/A7eG/ubKW298Zbi5InAWx6KnjtruL5qpB6fwSlNVR4L66+CuqgVveNwviVGkJmUI9zha3aW0hT+D2VFbw3111X1U118exmmknESc0ZYMPEFd8/cFrWqtTrwlvfVP8Av76qp7m/gLTQCUE7mm/jKdiy8buqnnrcHOoLTqHT+JUVvcu7pvVRl5IcindvG7qv5tXZaSDqHT+CWVvC7kfdV9w7qmo5eitnwR8b+q/m1dlpbah01DCYXxD5r4hTpdPuYDZW9HRNJM/WLq6d1129zsnxPQThiVRmnX8FkaSrWTjzTeursn9EOiHTUCrNHlqMUst8+aqUS1SfBtPAUsMiNTfrJPJDw3Cy946NX7qMVDyT/AAHqsv8Ae6PZOQ1Ty4KpyX7odNQV/XU6eWty768OIxHgCj6w8pnuLe6dOo5+RW7XoU+adVfEeS2GgeqlzZpwRPNXTuyPVDZPkjsnyVCD3QXZDpqC/wCdTu2t676+3gCd297b3eHmmarareHadCI0Y81OKqE1QBauHgfqOfYFf8jNcOyqmQ3yQlWaVQZZJ9M13TIG0RdH+6MBuAoKib08F07treu+vtq76gndvBh5T9UezIN/srWRP3lg9oJGq3gOjbQDNAmqKCCGpvTW/UaT/LK/54r9tR6hN/CqgGyxBsGFpNmdpYs54pnRFfsgs03pqC/4X7p0tvC3Vb1Wk6Lvr7ap556gndBrbWKq6DYxKACPqMnJafSeXqg37pKeBSyd1VTqBi6tqdqdP2ZQ8A1YE9dkaT/LKie0nijqPUIfhXkj0Wkp8y7rR9E7/K8s0FdM/DqC/fU/trf0R/FrmKQpQlAFBO6DUQCAts4upWX50P8A+036hhwl1E+fspwhT2CiLo7UyoKeZsENekRTgM2oDgu41FCSu6CcSUThKjADmor5qOOp3ZD8Oo9FpPxLutH+FFdghqZ+HUIBKt5q17VTu2q6cu+odUKwhtJp5IddR6DUdXfgF34BCn9Pvj0TRzQ5mvktJWuFaSuS0Y+6NWcLEa8k7KVGtw4p9Mlo3FYhmh1CrRE8U0B4gD1TWkmeMLeROIQuK/ZbTR3BCxcNVDmE0/d1Hon9eK7rR8kVlMBDUw/dWdVMWKKEKHaRq3yegVGOPUrZ0YWFrmt4BS8Yk1xAgnIqiFf6kMRFuKbtCjpUhHoNRX7LdN/sLdN/sIf498emoc+aMg9SnBM5K8c18YHyQiLBNaYuo5Im/JbOiaOZUvFTeEemqOCGqiqDnVA7QpMQhworIuioCxE+i2fRyfiusIgQgbwU0ctR6LS/iXfitH3TxVYPnWN1goDSm/gTV31BuULDFCoc2ouhAT7W1Na2rg6yaygF0HBsoV7Sg6btTV3R6ajqNBfgVYX4FD30TlwVTmomQBRf5unFNp8ycIW4FuzZEgAAf5X4V7Q1kWQ1VMKBVH+yMulAhsQUdoV5KTM9Fsvg9E3aRl8RxUF4PRQGv81QeanSC6kNnuqN9dVeKK0gH2kOqZLSRVY8MON6Sv3R1AVoqulfzKRUIYpiF7ODjceCrUoYfRPORopGknsj9J6JtZUHLPisJiORTI+zxlCAosZRlN1n8XNZX5q/r7vSN+yUQw4XdFhc4VuVIe1UcOxRFey3MM8c1inJCimOC2WtA+1FVhqnjSX5okuyQjVQSZRLsIjmpxShAmVstEklezzROKx4IMLcU1U+y9VgDT5qxUmZU4ls1TpBhuU1UDQaS96L4D+FwsXsNJCAOg0gk5ofRaWqMTU5hTEppJFyrinNYeJ4LENJM5QvnnqsJwWiC1F5yUERJUh9OaaJRxFEFOxQK8NUVPGFhC2dIjhLjJyXNX2uCkGORWBypKGccVYIFFxc4d183mgRN+PuPhFXRwHayRcHESmpn4irKWUKBk800SgArzXX+6fiRpVBtqSozRrWVgpXlKn+ybTyTovjVSVU0CGF00uPAOOrEOOSe7GakUOq581GI91vU6JrrdFdVg9kXFtBUUQaIryU+zreVZ1ECLrCKuaiyo6LmodpI5rCHScipm64IuMRyWwL8FWUHYSsd6qyNI4qoQF1LmzzXFO+1+i2k1UzCrZDr4pQGiEkqP1X/wAXooPs1uyOSEaOvJDDo7ZKPZvCht+BUOGav31dCjpDQBPaLBspr8y5PPNHD3K6CFbJGlisWod1PMoJwdzlQwZLaMmLL2j6NQjmmQRM5FCl3Qvs4T8y2bYQUQXZJwALg0I0+WQm46SExgMg0ROKIVRdENbNIojOQWIFYVS2axNuc0RfWCCgpIo28J8msLDNQVidBJUQobAYURiNFiMRxQMWQULDQngjQ+igaJp6hOYS1leCbIilk05IUz4KqpqLWug8AmvzzlYQ6HGyFTIyRJc1uW0p9oPJEEY/NRojceRWFxGkhYtHAdxWAHBXNVvxUHRh3Nb+GeKHUBSKFOh5haQV3RC0f404pzYuKIBwBPFGuSJj5lYKU2c0eq0grst/utK0zSbFSJtFVdaMQaclFZ6KHh1+CeAZblVETQ3lYtGRsNh1VUzrC0Lqk8FXgobVpUc1h+cr2Y4VQwtuoI1OpqrmFDTXJSEXeag17LYG9qN+6i+rBIrWCoHHzVTZGOKe8VhEhx4r2h3uqZpCEDK3kD/ZHZd5LalSLFF/DJO0uItZm1YmzOXJe0Y/E528EXYbqikFvmqVjMIBzazndY2GvBOYd4CKrASjtxyQ9oXFlZqnYGnBipKeJRnQf2RlhPMVCGPiUGMdvHanJOcXei0R+00/oojhdH8ZVgoTI4oiM1OzUDJPfTdyaEfZnPgq6Qo3vAQHPijU0TmxwqVjkVyhHROjC9OOjY5R7J2aEfZCkrRNO9VXRNuCnmgTcIkEmTq9q3vqbSCFsVEIYwTyViFZykOIXtcWLsgR0U3HFVk9VimgyQcHS05q6GBONBF1VbJaJvVBwc2eRQBc0yJ3rKhMciAhhJdSv0inSZWGOZWL/uGMpu1or6P1U6QweRVHeiII2OKhukI4iKKjz5LePkqOd5apFEIda6Dy4t5cVD5rmseiExvBANEQa4liDQ45rc7KujMdVGi9r1ogHtfzgoDRM0gB3pzTNHhe2P7qXaF7oqOSoHiEwFgOCyh3/Tlx5OW1oiWvqBwQw/8ATkTTeRJ0ROHmo/7bnvrF/wBvWftoM9jl9pEDQilN9Bx0IgV3kCNEJJ+0gPY6OvND6Jsn7yacIM8Smxo2cLrFACut9YpkgLGWMl3VbrPX/K0ejhh4UUwz/e6rgoYspBZAruoHZ/KgBE2sqaX+gJoxzipYK4/IECH/ANIXxIH4ApLpEfZCDi8meQXxXeiGHSuGIXWEf9TpDP3l8XScd7JOAe7Z5qr33+0t53DeTpJpzWda72SEfNUbSDFtceKIJtdU3uCNu60bqbZWlr8P1Qdm5EvsFOeVFhFxeic4tdhy4qlivbUjhCa2W7ZocK9liFpnCiKUMbuqimaoHESV9JVXJ7oFrAvhgomFZRh9V8L1Xwz+ZV0b1bSJ1XhUPopxwh9Kh9LYpw9qKlT7QLD7Rt0DiFkaipWGRMIdULJpEUTOSZAzUcSt0qx1NpZTGaZTNWTvxFPEZKMOX9k133kFoqWK3T/pQJvKzJr6rDFYATOTp9EJyEBMB4Qg4boVjukWWkB9F0hE/elaRucoRfD6rR/dumOROUp9YxIVyThpHRBWhGLdNVpINH/4TBiqE9uaaOEouDqulObpL5IHgvZztcO60Nd01WOdnDCdhsfBdUlW8MhWU0AVNroVRFuKCeKqmoUF+C3RvcFpNhtQmHCPNaTYM8kzZcnb3qjtnNU0h80I0pum/SGpTdu54KcfmFic6RrxcFIYiMFlJYtxRgVWqgKqLVV1JFldVW+t9QHDzW8EDNuaurovne1udO8qqiacVlfW4yKnXYJzjY6qaiIqqiqst1buq/mdQGFVTifCAFAq/wDRS4yhhvyQZpjiP2xkutjx1NWjwuIMVqpfpS0eqoIHFyq536Ladowc5cqaTR+i0pYSW/LB5K6grionR3VAL5UUf/pFrb33vBknSB+dDYzyMrcPonyx3kicDu7UJ/8AoUYivJfJ+ZGInkVu+qJgzCFHK7gnbRW+t8LfCo4INWazQFZ66qkqpcs9Wfkr/wBK/ZWWVUTsrLVQKw81Vvqreqz81mpKlRcppCBIspBy1VQDGx31Boyz1CTGvA+rD6amofM4DyWNx7lRoh3W086pdsjmvopniVHxORCGPYepy4qHtE8VLahUcR3Ue1d5+AO/26LzonRxhVb/AEq8dkT7X+pU0o/MqaRQSHdQgJb5KrAei+ExbhbGYQkaTzW9pAjLz2CppvMK4cFvM8lbRlAeyEhf+OOxXwHeaG90W7pR2K3tJ+VEAr4zfJU0jPJYpYgMLfNbjPNfDHmp9n6powlbjluv8l835UP7qTpAt9vmt5vmt5vmqe4hxyGqo1Cdd8I5rfBTJzX6Diq+SsoAVNp/HIKTJW1sgL6MYW+uolrsXLJYaM0nDijIVKFPY6ngH+5oCIhOGQKJCoCtoj9VJA7qGV/CFs6F3eisxvqpdp4HIIH2r3A81d35kYaaGKlbibo/Zb2a3Fu+qlmMZXQjTOAU+3cI4rE3TyOiENYea+H5FV0R8kXOZB8luA918D9F8Ej+VCXFyzHcqmld+ZHDp3eabJw818f+lfFb5Le0fktuK8Fs6MEdV8D1VdAV/wCO7yVvRAREq6utzB1V1e2o9B+ioVUyqBDZW6VtuHRbEq6GHhVEm6rlQhHmVmYyXSqFzyWLjzQjyQAEotgEZ8lLTIAqRxWDTHFwUzIKrl4P94rPF0RLjEqsTzqtjR93KHaXs2i3Z6rabhKItKDTpBTioOkBUA0HJWcqaN63Ctwr4b/LVQx2W/HVFuMEFBjTQcUK5LZKPtrzTVXRt8kGYnMceBWxpj3CLgxhJ4L6TROC3gt1pRzGQW76r5vzLfeO6lhx/iW80coW81fKt1vmrhCYVgslYKzfJRhHkowN8lZvkrjVmpAchGz1Rz1d7LDwvKJVb/qgRmYPJQKmTEm9EYFG8VSMR/VBwgGbwiXCtFi5VWOf5YujDfRX9eSltWxYlF7cx4ADb91h0TMR9Ft6Ts1fRtEqtEXFwLuS+j0c9VQ4ei2tI491ZVPkreZWyPJbTx+uqiq+eio3zXAeSzPRbLR+qkuwLfc7qppHktps9Fhwmeium6Q7wt4DonaOy2cTehUs0s9Vt6OeirLVRw1bPqq6CfwuW3otI3svm8lcIbS31vq5Wa3T5onBwW4EFHNXW8oJ1ghs4r8kLF00ahiFM6oPdc7pCOCBVYsznwKJFGmOyDa7U1/um1N4Klpkwpio3VGzjjZ6Khhp3eSbsUF6K+G1k+KTQKKH+ZVAUlV+U21FxNSo0TY5raKy8lAE9ltujkFst86qslVMeqpo+7lxhbVFDQOpW05XVCAt5TMjNFzWQENjestHhZ1TnQArXE2Rc37KHEb1Vibs3UnLhmmjeDs1ULFQHij01+ze3utmW9FsvnqtvR05K8LJy+GNQVlb3U62xA7p0ipOwiw1OKtLrARSaGLLb+jrVDCZxXHNVyjEnWj9QpBhCJiEIkybcEL8+SJqC6t1DmmqhwCO808lTSO8lJf6KJT+BWzRSXKFEKMK2ZVl0VoojX0UTJRxGGpomsogSnE56sNBhqmyjeAU3AB95q84he0k4OCxOcSFDSaMkc0XNm1lLm7Ux1T67LUHDdF+a2XOEsFEQ3E6YorGo4qDbivo9JK2tGg4gYh4NpoK+j0nrKiQdV/GfcetlIzKkOEoBr6TxUYqK/7qJ4VhZ50Vj5p0NujQVUoNaPRQXStrCqN1EqMMmblONpsEyfs5LAcnI8XKEK7yNc0eNCEay0C4TWzP/CgTIKLpggQUQc2oUmuSLbZpxYPo8ualuwAhgNSjW4svZNyF4ViXZrdGIbtckBingpxUBrCO3ZiLgERttnujLZ2q8wjMUUaN2HsgZkxYI0NLBS1vy58VQ6tpgX0byORVWYh91QadVHFF2Knhv9ZwxhceKNfLW3op7JzeKrRbWVlxW012LJEmEATBe2icfs3QcWh0tiVLaY2x3WNgsdnpCaBRxdULGIdAqjo5vulMe67aJ9Zx/wCU4SWtbSE006KDbLkpaW4eAQa50kBU+XKEDmyYJUwcIso0cEZ1Rq0G63jBqF7WY5I48j5LdgOtJugKNc4UWIuPkpnK6DcNAFWhi3h2mgr6NxaqjF0WY7e4urhX1X96PBb5Vbaz1W1GBzU54fVEG6d9nEvatIM0iU4ttBRMzmuJbZYnCQ4bQ4LRn5CIRDn9Fhx7TM+Cc/Ef7hGG0cySsQG0N1SbmvRPxHDTZUXwtJVWkckHVog1raZuVd/PpKrQEwi4GPZuWDutlktI3lhgYskJ4CgRdjJxCjVEWoU3ZdLCmhsTkiXWaNqAi7G4YawmAYjX0TePuKtnx/5VF+6mgVPVZLeHvbq6ut7Er+B9b7XQL2kYsgn7W/dQK1Tdk4b0QDO/NA4ADNYUuMSIjimA7rswqnZaJW7VjaeSENxF11LjAylYGaTCQJhNIfa9L/7CDsBwupAUMBjivhxI2libIEKPafNwVRvFNcJZEqH6MVqORTXCg+bmnNLuMBYnVD4oprsmhlOAtGyVOzhbMr2WNxdEyhhOKuS9o34ny1X0og51UB+DooLiQKyqDv7qjVwWerNbqmFOEDsv8avhnstyFZWKsfc29y1jhGJObhwNFp6p2zshyJfTbWAxGk3RKwvzEp4FYhMI0YJfMyEAWCIqsJ3sSc0nLisR+S3NRpG2TQK3jNNBbh5KdG6ABxoqEPIpRSZnSAU4IhxIgKGts6ahPFgTA5Leq2hoqmlCIUNNM6Ikgfd+8iA9taQcqqJOyZ6oRiNStnRgVrVDdkC8I1uonOfe1cPJX9FGJXd2V3qpd3Koorqv6L5lUOVj5qNpfuv397ZFVaqNW6jZrYRZpH2rIRaHAwPNezdKaIxYd2qccB2dwIFwAhu1zVfmcc6IA1rfhRe0FccyrbzanimgfCw15JuEw4+qndgV49VozM4jnknisRSM1Vns3Oyhe0xbEcUxuk0mLPinPBJcTBW3o8QyqjhgbSLRsychZAFxpT3dVuwPc7wHZSC49AvmVXlV9XqkflUZnkreqoI7qq/dbvqSq1PRTTzCyPSvvR4LqKQiPsjzXtDHTiiDAX0Vui3bOlYpGNorwhUM4igXTA2QtoGmXJO3aHNe0xijbINxmorHkg5mLELSvh5zUqgaOyLcboQJMx4qrL3d4CqVb3FT6r/lbo/IqLe/3yVJPmrLgv8AnVRbQVmjVf1R2uysVP8AbVfVSvjqPBUwppJ5oilisJLQDQSU52LsFn0WJjdrMlNwaMMhGvzSiXOPDV2+sNzQMyfc/N5qhlWKzCvKqVPqrFCi6q5VlvR0KuSrSt4q/ot6i5+/o7+Awtl2LjRUcfc0PopPq5UjyCqVmUHQJ6KLKp1THmq/rq4dFn5LJQf1W6RzWw8lVgKZCo4qp+vT4L+HPwRqCc4n+XisIcDwm+qNWR1V1XW04r91/hQZlZ9FhEqKqIVVKuqqDQK2qC4BRjnkCqz5K4K+Gxb7QuKt6q31ugqqa76raqFZeXgjwRHVbtBmvs81GIH8QUR6KcR7qqsrarLorQFQhD/Csq0XHVZXVFkt2e6srt/mWy1rucQtrRjuoPsmrdxdlRhHRbju6rAVyuP1Xjrtqv4agjsrar+O+oUotqGuHJbLv7rNs5hikzI+1RUv90qC/wDOolk8AqkK+uVEKEdVaqyhEQsXFX1WyUq/orT3Uwol0zcFCfVRcKyiLomc1XVHH63T3capoeoT22COiNVhWFALNbrewjVmv//EACgQAQACAgEDBAIDAQEBAAAAAAEAESExQVFhcRCBkaGx8MHR4fEgMP/aAAgBAQABPyGqI01Lwc7o9HrAIUcMu7lCNWojxLnE6ahhiZlAOkJ0YFmYm2MuQnpWkuZTqZ0E1a+lZl1sPQDLPoSBAgzAhqLMCtSwolekHky9FxLfSEPRUPSZJqeh2IRZOJtmUegsijAJah8QwzF9RtlrcS02gEGIX6N36VfoIj6LktEcSpcsgeIxKbQV9pZ9JNTDGxg0tgqwiOZ0j0H0Kr0TEphSYYzaqbsDdRDSdJuU5lZGT1HaBEjiMbzqEzURL7wVzmPAS15haOPoswdY5TIwA3FXMseY3yMbMMtIoQuZyEq3IsWhAWR6iFmFeJV7JWFJkSsRpEC0ivEAalSBCFuCWw8SVgQrzHU64b/8RqGHoJVO8GtxUt4h3mOXHrETo9GktlCbhAr1S4A3LfCWlwBuM0gr6AqOSo0J2TM8I643NsbmZaJcQjCNNPMvIMRNsTLmGPQ5w6ph6IqWR5gv0IXHzKx6qTBRNY2xC+4QJQuYRqbShJtK44QgRLQNZIJtmAYiKsoTLUs7oUjvUHP/AICZQJR6EF6n0SAkv1pyjGYdj0vinP6DUIpgEIlXTKswvEsHT0p0ioBqIotrSLHpdencrE6M6rDx6LFUARxM+GLe4Xm2fkPzLX5QX6jCG5eIsOcwYoI9OXVxVMQTm3Mo0ikqBNTj/wAhhAypSIlSpZGWmUF3EeIGnMqmAIIMkFYjYiiWwilTiBUPqmsOZrEuCiKUSiyyJxErMSL0EbesYRHplXxK26lPDcWKIsRw5IGiJExBmBHHES4e6EYQDA9ADKczFVTKA49A/wDAXAdJU8S4S5n0CMUhckENSpqZtYirEFuWO2FnE4WIIUyep5i+4aZgvoDCMvouXfpXoyy6hJumZS2W+hFkdBGPNwohDmHHA23SuEyNlli4kowMKegdKUTR6DbcIArcpBggehHiKlM4h6i1h6DD0plMF6K2YLao3n0gkFzFusRu6CWYtQeZlSMNQTxEr0sQA3O9DlvMIS49MKblkLRuMCCcQD9LMDARlrlsudYgV1ATEZ3DRDIkflibTucu4XA+iolfQomUb4nf6QdZVG4Z3CpSEVExhRmepltgeKcELMogehKH/iuaxmwmDLA5wBxErKZk3DG+E0qEWs8zJeUS0W7TFkPQQ5iRLKOZWDKuBlVGXcJlbxOCxrTasOYEKLHouU9KGI7ymCZhvZK2KTrxHdwHcpSoymWmUKJRgcEIN+g1KzzlIJilXMVGDKBfozMtg6+mTASorl+lo3ol4l+fQF+YUajWdU94QpYBJlUXL2S5BiiYYmEKObl0JiV3jCPEyMYkvY5maic6ikKsYbMxGa4lkd2cbM5MXMxTGpgYDxK9ClRoCbgjCpitTsgzmBLr0GZSsRIxeUcTJj0tjcZc+rLiVi+noqB6jyQezaPCXD7wwsiEp5lsC5M+JwmWwNL8QKKoURSXFslq9ZaicEBNCinMoMwIEQlPQdRNVDtjCyWwjc8E3fWL0lunppK9ZTmMeIibgd2ocObAzUa2eIJbPiN5YjuZbvERzAwYiDpM9wBAJUZK8TqxDESsSTsliKSqlymUiJdw9bhFZKWpWmB0SxG6gUgyp3w6U6VPRRnEq9MH5ibrHGQZZptkMOfKYB3FO4B9MRhRVNs9I1HkF95f5Emw4icTQvELPQD09Kq3KS4ASzljWXXbKhYqvR3+oZMpqgzDXddZT9RcbQgcQ5hCkmPUhT63','default',1,'2026-02-23 00:42:34','2026-03-15 20:03:31',NULL,NULL,NULL,NULL,NULL,NULL,NULL,NULL,NULL,NULL,NULL,NULL,NULL,NULL,NULL,NULL,NULL,NULL,NULL,NULL,NULL,NULL,NULL,NULL,NULL,NULL,NULL,NULL,NULL,NULL,NULL,NULL,NULL,NULL,NULL,NULL,NULL,NULL,NULL,NULL,NULL,NULL,NULL,NULL,NULL,NULL,NULL,NULL,NULL,NULL,NULL,NULL,NULL,NULL,NULL,NULL,NULL,NULL,NULL,NULL,NULL,NULL,NULL,NULL,NULL,NULL,NULL,NULL,NULL,NULL,NULL,NULL,NULL,NULL,NULL,NULL,NULL,NULL,NULL,NULL,NULL,NULL,NULL,NULL,NULL,NULL,NULL,NULL,NULL,NULL,NULL,NULL,NULL,NULL),
(2,58,NULL,'submitted','2026-03-13 05:48:00','EQW',NULL,NULL,NULL,NULL,'QWEEE',NULL,NULL,'single','EWQ','EQWE',NULL,'{\"_t\":\"default\",\"_v\":1,\"inspected_at\":\"2026-03-13T05:48:00.000Z\",\"roof_type\":\"QWEEE\",\"inspector_name\":\"EQW\",\"meter_phase\":\"single\",\"inverter_location\":\"EWQ\",\"msb_condition\":\"EQWE\",\"jobDetails.fullHousePhoto\":{\"filename\":\"1773381007347-Screenshot_2026-03-11_120030.png\",\"storage_url\":\"/uploads/lead-58/site-inspection/jobDetails-fullHousePhoto/1773381007347-Screenshot_2026-03-11_120030.png\",\"preview_data_url\":\"data:image/png;base64,iVBORw0KGgoAAAANSUhEUgAAAScAAACYCAYAAACmsS9VAAAAAXNSR0IArs4c6QAAAARnQU1BAACxjwv8YQUAAAAJcEhZcwAADsMAAA7DAcdvqGQAAAzsSURBVHhe7d1fiFzXYcfx3/03/0ejlRISi5rKUCmNHEsuTo0R1CIgxRiR2hBqRSlx65BA49LI6UMgD0qhTiGkpbUotBT6pNgJiZvWhhhVyJBKDyaJ0UPsh1aSqaSotqxIq9Xszs6dO/dfH2ZntXu9O/+1e7z6fkBYnDNz8Iu+nHtm5l6rPh+kAgDDWP3ilKY9pwGgL8uyskN9LYvT0hARJQCTtjRS/YJl1eeDtBuiNE0VxbHiOFWSporjtBMpy5KIFYBhLbTDsiw5jiV74b+u4yzGabVIWbcarTRNU7XbsaIklm3ZyhfzsmxLiWUpTqVUtAnA8CxLsiQ5luRISuJEgR8oSRO5tqNcbvVIWddvzadhFMtxbBWKeUWyFSaUCMCd4dmWXCVq+YHiOJHnOnIdW5ZlLQuU7bdClcpFecWi/MQiTADuqDBJ5SeWvGJRpXJRfitUGMZK04VjpAXWbCtKg1SKaRKANeZYUt6S6rPzyrm2cp67uIOy/YQwAVgfcSr5iVTbVFbQjhXFyeIOyqZLANZTKilIpU218uLlnSTZ2RcCwFqLUymxbDmurfZCoIgTACO0k1SFYl7xwqUdcQJgjEi2bNtWFCfECYA5wiRVvphXHLNzAmAYy7a4rANgnsSyFCeJrPebEd8mANZJy/cVtAMl8e2P0AdlWZZsx1E+l1ehWMxOf2jZltSqN4gTsB7iOFajMac4irJTI3FcV5VKVY7jZKcGlqapglZLYRgqjiMlSZJ9iWzbluO48jxP+ULhAz/WnQTLkgLiBKyPev3WxMLU5biuarXN2eGB+M2mfL+ZHe6rWCypWCplh8fWnm1w5gSstZbvTzxMkhRHkVq+nx3uKY5j1eu3RgqTJPl+sxPaOM5OjY04AWssaAfZoYkZZu04jjU3Wx87lHEUddaZcKCIE7DGkgn/I15qmLUbjbkVz5VGkSSJGo257PBYOHMC1tjN6RvZoWXCKNLp07/QuXPvqNGY19RUTZ+6/xPau/fT2ZeuaMvWj2SHPmDUM6Z+JnUG1Z7lQBxYc73i9Otfv6vj3/+JqtWKHtyzS5trm3T9xrTefPMtlSslPfPMU6pWytm3LdMvTmmaaubmdHZ4Yqa2bB37U7wRD8Sv6qXD+/TwQ/v08EPP642lU1d+pKdWGgfQVxhFOv79n2j37k/qyNe/rH37HtGeB3dp//4/0Le+9eeq1Sp68cV/z75taEGrlR3q6dqpY/rGX/5Ab2UnVjHs+qsZIU5Lva4Xjl/NDgIYwenTv1C1WtEffu5AdkqS9IVDT+jdd6/q7bf/Ozs1lDAMs0OrunbqmL574lZ2uKdh1u9lzDhJl44d1UtXsqMAhnXu3Dt6cM+u7PCifD6nPbt36fz5/81ODSWOB/x07u0f6LsnPqqHfi870dvA6/cxVpweO7hf0gUd++aP9F52con3jn9l4TKw8+fomYWJM893xg533/9zHc285o1vZ94DbFCNxrw21zZlh5epbqpobn68g+yBP6F74Iv6h7//onZnx/sYeP0+xoqT9h/VCwclnf8nPbfK5d0b396nJ49dWDZ28htf6ey27tup7ZJ0/rwuSdKZUzq58Jpzl65KuqqLFyRpvx5/dOkKwMYzNVXT9Ru9D6pv3JjRVK2WHd6QxouTpL1ffVbbJV069q8rHIL/XCdek6QdOvLKaf3y7Gm9cmSHpAt69WdXpXsf1RM7JemyLl6R3rt0Wdq5o7PeO5elK2f06nlJBw9ob3ZpYIP51P2f0C/f/FV2eNH09E2dPfuWdt2/Mzs1FNse+599T5Naf/xV7j2kF47skPS6nvvmqeVzVy7rnNS59Huyc3m2fBd1jz7zeCdW/3Pxqn524oK040AnWK+d0hsXOzuqx/Y/suQ9wMa0d++nVamUdfz4vykI2svmpqdv6m//7l903/bf0o7f2b5sbliO42aHJmpS648fJ0nbnn5eR3ZKOn+hc3n2Abd3Tt0/P376HknStu2/LUk6+c9H9ep56bH9hxaCdVknXr8saYd+977McsAG9cwzT2m+6ev577ygl1/+qf7z5H/pxZf+Q9/5m3/Utm0f08VL/9dzdzUIz/OyQxM1qfUnEifpHv3x9zqXd8vce0jPHdSyndPyA3BJjx7QY+qGrXO21AnWBZ187YK084A+c+/SRYGNq1op62t/9iUdeupzsm1L71+7rmqlrGef/RN9/S++rMOHn9QPf/jKWIHKFwrZoZ52f+mvhjoYH3b91UwoTksv75bb+9enO4fmq3pEj3fndy4ckHeDJWn7449q2+0XA3eFBx74pD7/+YP606f/SE888dnFS7mHf3+PDh9+UmfPDvqVyA+yLEvF4vg/MVlJsVga+9vhXfx8BVhjMzenh77r5aAsy9LUlq3Z4RVN+p5S49xPKmvEn68AGIc9xt0q+xlm7UqlOrlP1mxblUo1OzyWyfyfARhYPpfPDk3MMGs7jqPqppocd7xP1xzX7awzRBgHQZyANVYoFscOwkoc1x36QQeO46hW2zzyGVSxWFKttnniYRJnTsD64AEHvXE/J2Cd8WiolREnAEbi0zoAxiJOAIxEnAAYiTgBMBJxAmAk4gTASMQJgJGIEwAjEScARiJOAIxEnAAYyUqH/bUhANxhV67V2TkBMBNxAmAk4gTASMQJgJGIEwAjEScARiJOAIxEnAAYiTgBMBJxAmCkif98ZcLLATDQnXqYZteVa/Xx4hRFkfxWW0E7VBzFild4QiiAjcmxbTmuo3zOU7GQkzvBR6yPHKcoijQ711TQDlUq5pXP5+R5rhybq0TgbhEnicIwUhC01fQD5XOeNlVLE4nU0HFK01RNv6X67LyqlZKqlVL2JQDuUnONpuYaTdU2lVUqFsa69BsqTmmaqjHvy28FmqpV5Xnj1xHAxhKGkWbqcyoW8qqUiyMHauBbpnR3TH4r0NYtNcIEYEWe52rrlpr8VqCm3xrrA7KB4hRFkeqz85qqVTlXAtCTY9uaqlVVn51XFEXZ6YH1LU2apppr+KpWSuyYAAzE81xVKyXNNfyRd0994xRFkYJ2yOE3gKFUKyUF7XDk3VPPOKVpKr/VVqmYz04BQF+lYl5+qz3S7qlvnNphpHw+l50CgL7y+ZzaYTT5OElSHMWcNQEYiee5iqM4OzyQnnFK01RxkvAJHYCROLatOEkmu3MaZTEAWM2wTVk1TgCwnogTACMRJwBGIk4AjEScABiJOAEwEnECYCTiBMBIxAmAkYgTACMRJwBGWvUBB2maKkkSXbs+o20f/0h2uocz+urHv6aXs8MDO6gfv/89fTY7DOBD6b33b+hjH52SbdsDP/Bg4AccAMBauwM7JwC4jZ0TgA2FOAEwEnECYCTiBMBIxAmAkYgTACMRJwBGIk4AjEScABiJOAEwEnECYCTiBMBIxAmAkYgTACMRJwBGIk4AjEScABiJOAEwEnECYCTiBMBIxAmAkYgTACMRJwBGuiPPrZtttrNDADaITaVcdqinUZ9bd0fiBABdo8aJyzoARiJOAIxEnAAYiTgBMBJxAmAk4gTASMQJgJGIEwAjEScARuobJ8e2FSdJdhgA+oqTRI7dNzMrWvVd3a+ZO66jMIyy0wDQVxhGclxHWtKUQa0aJy0s5rmOgoAf8gIYXhC05bnO0GFSvzhJUiHvqekH2WEA6KvpByrkvezwQHrGybIsua6rnOdqrtHMTgPAquYaTeU8V67rTn7nZFmWLMtSpVzQXKPJ2ROAgYRhpLlGU5VyYbEjw+oZJy0EynEcVcoFzdTn+OQOQE9xkmimPqdKuSDHGe28SYPGybZtFQt55TxX0zfr7KAArCgMI03frCvnuSoW8kPdYC6rb5y0ZPdULhVUyHu6Pn2LMygAy8w1mro+fUuFvKdyabxdk3rdQzwrTVOlaao4jhVFkZp+W+0wUqmYVz6fk+e5I3/ZCsCHT5wkCsNIQdBW0w+U81yVijm5rrsYplHj1PMe4ivpBipJEqVpqiiKFLQjhVGsJE44jwLuIo5ty3Zsea6jfO72p3LdS7lRw6RR4tTVjdTSUHXHAdwduvHJBmmcKHWNHKeubqC6fwdwd1kaqElEqWvsOK1kwssBMNAkQ7SSOxInABgXz60DYJw4SWRZA37PCQDWShQlsm2bOAEwSxBGsgb9hjgArJVmK5RtEycABgnakZIkketwWQfAIPX5luyF70wRJwBGaPhtRXEi1+1825w4AVh3QTvSzKwvZ8lPYeygzb2ZAKyfoB3p+q2mPMda3DVZliX7NzPzavg8XQXA2mv4bf1mZl6uLbmuvezmdNbVG/U0SSXXsVUrF5TPudn3A8BEBe1I9fmWojiRbXX6Y9u342RZlqwbtxppkiQKo869mCzbVrngKe+5cl2bG8gBGFucJIqiREEYab4VKl2495u3sFta6ZYr/w8LR0wRor7L6QAAAABJRU5ErkJggg==\"},\"id\":3,\"lead_id\":58,\"status\":\"submitted\",\"roof_pitch_deg\":null,\"house_storey\":null,\"shading\":null,\"additional_notes\":\"{\\\"_t\\\":\\\"default\\\",\\\"_v\\\":1,\\\"inspected_at\\\":\\\"2026-03-13T16:48\\\",\\\"roof_type\\\":\\\"QWE\\\",\\\"inspector_name\\\":\\\"EQW\\\",\\\"meter_phase\\\":\\\"single\\\",\\\"inverter_location\\\":\\\"EWQ\\\",\\\"msb_condition\\\":\\\"EQWE\\\",\\\"jobDetails.fullHousePhoto\\\":{\\\"filename\\\":\\\"1773381007347-Screenshot_2026-03-11_120030.png\\\",\\\"storage_url\\\":\\\"/uploads/lead-58/site-inspection/jobDetails-fullHousePhoto/1773381007347-Screenshot_2026-03-11_120030.png\\\",\\\"preview_data_url\\\":\\\"data:image/png;base64,iVBORw0KGgoAAAANSUhEUgAAAScAAACYCAYAAACmsS9VAAAAAXNSR0IArs4c6QAAAARnQU1BAACxjwv8YQUAAAAJcEhZcwAADsMAAA7DAcdvqGQAAAzsSURBVHhe7d1fiFzXYcfx3/03/0ejlRISi5rKUCmNHEsuTo0R1CIgxRiR2hBqRSlx65BA49LI6UMgD0qhTiGkpbUotBT6pNgJiZvWhhhVyJBKDyaJ0UPsh1aSqaSotqxIq9Xszs6dO/dfH2ZntXu9O/+1e7z6fkBYnDNz8Iu+nHtm5l6rPh+kAgDDWP3ilKY9pwGgL8uyskN9LYvT0hARJQCTtjRS/YJl1eeDtBuiNE0VxbHiOFWSporjtBMpy5KIFYBhLbTDsiw5jiV74b+u4yzGabVIWbcarTRNU7XbsaIklm3ZyhfzsmxLiWUpTqVUtAnA8CxLsiQ5luRISuJEgR8oSRO5tqNcbvVIWddvzadhFMtxbBWKeUWyFSaUCMCd4dmWXCVq+YHiOJHnOnIdW5ZlLQuU7bdClcpFecWi/MQiTADuqDBJ5SeWvGJRpXJRfitUGMZK04VjpAXWbCtKg1SKaRKANeZYUt6S6rPzyrm2cp67uIOy/YQwAVgfcSr5iVTbVFbQjhXFyeIOyqZLANZTKilIpU218uLlnSTZ2RcCwFqLUymxbDmurfZCoIgTACO0k1SFYl7xwqUdcQJgjEi2bNtWFCfECYA5wiRVvphXHLNzAmAYy7a4rANgnsSyFCeJrPebEd8mANZJy/cVtAMl8e2P0AdlWZZsx1E+l1ehWMxOf2jZltSqN4gTsB7iOFajMac4irJTI3FcV5VKVY7jZKcGlqapglZLYRgqjiMlSZJ9iWzbluO48jxP+ULhAz/WnQTLkgLiBKyPev3WxMLU5biuarXN2eGB+M2mfL+ZHe6rWCypWCplh8fWnm1w5gSstZbvTzxMkhRHkVq+nx3uKY5j1eu3RgqTJPl+sxPaOM5OjY04AWssaAfZoYkZZu04jjU3Wx87lHEUddaZcKCIE7DGkgn/I15qmLUbjbkVz5VGkSSJGo257PBYOHMC1tjN6RvZoWXCKNLp07/QuXPvqNGY19RUTZ+6/xPau/fT2ZeuaMvWj2SHPmDUM6Z+JnUG1Z7lQBxYc73i9Otfv6vj3/+JqtWKHtyzS5trm3T9xrTefPMtlSslPfPMU6pWytm3LdMvTmmaaubmdHZ4Yqa2bB37U7wRD8Sv6qXD+/TwQ/v08EPP642lU1d+pKdWGgfQVxhFOv79n2j37k/qyNe/rH37HtGeB3dp//4/0Le+9eeq1Sp68cV/z75taEGrlR3q6dqpY/rGX/5Ab2UnVjHs+qsZIU5Lva4Xjl/NDgIYwenTv1C1WtEffu5AdkqS9IVDT+jdd6/q7bf/Ozs1lDAMs0OrunbqmL574lZ2uKdh1u9lzDhJl44d1UtXsqMAhnXu3Dt6cM+u7PCifD6nPbt36fz5/81ODSWOB/x07u0f6LsnPqqHfi870dvA6/cxVpweO7hf0gUd++aP9F52con3jn9l4TKw8+fomYWJM893xg533/9zHc285o1vZ94DbFCNxrw21zZlh5epbqpobn68g+yBP6F74Iv6h7//onZnx/sYeP0+xoqT9h/VCwclnf8nPbfK5d0b396nJ49dWDZ28htf6ey27tup7ZJ0/rwuSdKZUzq58Jpzl65KuqqLFyRpvx5/dOkKwMYzNVXT9Ru9D6pv3JjRVK2WHd6QxouTpL1ffVbbJV069q8rHIL/XCdek6QdOvLKaf3y7Gm9cmSHpAt69WdXpXsf1RM7JemyLl6R3rt0Wdq5o7PeO5elK2f06nlJBw9ob3ZpYIP51P2f0C/f/FV2eNH09E2dPfuWdt2/Mzs1FNse+599T5Naf/xV7j2kF47skPS6nvvmqeVzVy7rnNS59Huyc3m2fBd1jz7zeCdW/3Pxqn524oK040AnWK+d0hsXOzuqx/Y/suQ9wMa0d++nVamUdfz4vykI2svmpqdv6m//7l903/bf0o7f2b5sbliO42aHJmpS648fJ0nbnn5eR3ZKOn+hc3n2Abd3Tt0/P376HknStu2/LUk6+c9H9ep56bH9hxaCdVknXr8saYd+977McsAG9cwzT2m+6ev577ygl1/+qf7z5H/pxZf+Q9/5m3/Utm0f08VL/9dzdzUIz/OyQxM1qfUnEifpHv3x9zqXd8vce0jPHdSyndPyA3BJjx7QY+qGrXO21AnWBZ187YK084A+c+/SRYGNq1op62t/9iUdeupzsm1L71+7rmqlrGef/RN9/S++rMOHn9QPf/jKWIHKFwrZoZ52f+mvhjoYH3b91UwoTksv75bb+9enO4fmq3pEj3fndy4ckHeDJWn7449q2+0XA3eFBx74pD7/+YP606f/SE888dnFS7mHf3+PDh9+UmfPDvqVyA+yLEvF4vg/MVlJsVga+9vhXfx8BVhjMzenh77r5aAsy9LUlq3Z4RVN+p5S49xPKmvEn68AGIc9xt0q+xlm7UqlOrlP1mxblUo1OzyWyfyfARhYPpfPDk3MMGs7jqPqppocd7xP1xzX7awzRBgHQZyANVYoFscOwkoc1x36QQeO46hW2zzyGVSxWFKttnniYRJnTsD64AEHvXE/J2Cd8WiolREnAEbi0zoAxiJOAIxEnAAYiTgBMBJxAmAk4gTASMQJgJGIEwAjEScARiJOAIxEnAAYyUqH/bUhANxhV67V2TkBMBNxAmAk4gTASMQJgJGIEwAjEScARiJOAIxEnAAYiTgBMBJxAmCkif98ZcLLATDQnXqYZteVa/Xx4hRFkfxWW0E7VBzFild4QiiAjcmxbTmuo3zOU7GQkzvBR6yPHKcoijQ711TQDlUq5pXP5+R5rhybq0TgbhEnicIwUhC01fQD5XOeNlVLE4nU0HFK01RNv6X67LyqlZKqlVL2JQDuUnONpuYaTdU2lVUqFsa69BsqTmmaqjHvy28FmqpV5Xnj1xHAxhKGkWbqcyoW8qqUiyMHauBbpnR3TH4r0NYtNcIEYEWe52rrlpr8VqCm3xrrA7KB4hRFkeqz85qqVTlXAtCTY9uaqlVVn51XFEXZ6YH1LU2apppr+KpWSuyYAAzE81xVKyXNNfyRd0994xRFkYJ2yOE3gKFUKyUF7XDk3VPPOKVpKr/VVqmYz04BQF+lYl5+qz3S7qlvnNphpHw+l50CgL7y+ZzaYTT5OElSHMWcNQEYiee5iqM4OzyQnnFK01RxkvAJHYCROLatOEkmu3MaZTEAWM2wTVk1TgCwnogTACMRJwBGIk4AjEScABiJOAEwEnECYCTiBMBIxAmAkYgTACMRJwBGWvUBB2maKkkSXbs+o20f/0h2uocz+urHv6aXs8MDO6gfv/89fTY7DOBD6b33b+hjH52SbdsDP/Bg4AccAMBauwM7JwC4jZ0TgA2FOAEwEnECYCTiBMBIxAmAkYgTACMRJwBGIk4AjEScABiJOAEwEnECYCTiBMBIxAmAkYgTACMRJwBGIk4AjEScABiJOAEwEnECYCTiBMBIxAmAkYgTACMRJwBGuiPPrZtttrNDADaITaVcdqinUZ9bd0fiBABdo8aJyzoARiJOAIxEnAAYiTgBMBJxAmAk4gTASMQJgJGIEwAjEScARuobJ8e2FSdJdhgA+oqTRI7dNzMrWvVd3a+ZO66jMIyy0wDQVxhGclxHWtKUQa0aJy0s5rmOgoAf8gIYXhC05bnO0GFSvzhJUiHvqekH2WEA6KvpByrkvezwQHrGybIsua6rnOdqrtHMTgPAquYaTeU8V67rTn7nZFmWLMtSpVzQXKPJ2ROAgYRhpLlGU5VyYbEjw+oZJy0EynEcVcoFzdTn+OQOQE9xkmimPqdKuSDHGe28SYPGybZtFQt55TxX0zfr7KAArCgMI03frCvnuSoW8kPdYC6rb5y0ZPdULhVUyHu6Pn2LMygAy8w1mro+fUuFvKdyabxdk3rdQzwrTVOlaao4jhVFkZp+W+0wUqmYVz6fk+e5I3/ZCsCHT5wkCsNIQdBW0w+U81yVijm5rrsYplHj1PMe4ivpBipJEqVpqiiKFLQjhVGsJE44jwLuIo5ty3Zsea6jfO72p3LdS7lRw6RR4tTVjdTSUHXHAdwduvHJBmmcKHWNHKeubqC6fwdwd1kaqElEqWvsOK1kwssBMNAkQ7SSOxInABgXz60DYJw4SWRZA37PCQDWShQlsm2bOAEwSxBGsgb9hjgArJVmK5RtEycABgnakZIkketwWQfAIPX5luyF70wRJwBGaPhtRXEi1+1825w4AVh3QTvSzKwvZ8lPYeygzb2ZAKyfoB3p+q2mPMda3DVZliX7NzPzavg8XQXA2mv4bf1mZl6uLbmuvezmdNbVG/U0SSXXsVUrF5TPudn3A8BEBe1I9fmWojiRbXX6Y9u342RZlqwbtxppkiQKo869mCzbVrngKe+5cl2bG8gBGFucJIqiREEYab4VKl2495u3sFta6ZYr/w8LR0wRor7L6QAAAABJRU5ErkJggg==\\\"}}\",\"template_key\":\"default\",\"template_version\":1,\"created_at\":\"2026-03-13T05:50:15.000Z\",\"updated_at\":null,\"__savedTemplateKey\":\"default\",\"__savedTemplateVer\":1}','{\"_t\":\"default\",\"_v\":1,\"inspected_at\":\"2026-03-13T05:48:00.000Z\",\"roof_type\":\"QWEEE\",\"inspector_name\":\"EQW\",\"meter_phase\":\"single\",\"inverter_location\":\"EWQ\",\"msb_condition\":\"EQWE\",\"jobDetails.fullHousePhoto\":{\"filename\":\"1773381007347-Screenshot_2026-03-11_120030.png\",\"storage_url\":\"/uploads/lead-58/site-inspection/jobDetails-fullHousePhoto/1773381007347-Screenshot_2026-03-11_120030.png\",\"preview_data_url\":\"data:image/png;base64,iVBORw0KGgoAAAANSUhEUgAAAScAAACYCAYAAACmsS9VAAAAAXNSR0IArs4c6QAAAARnQU1BAACxjwv8YQUAAAAJcEhZcwAADsMAAA7DAcdvqGQAAAzsSURBVHhe7d1fiFzXYcfx3/03/0ejlRISi5rKUCmNHEsuTo0R1CIgxRiR2hBqRSlx65BA49LI6UMgD0qhTiGkpbUotBT6pNgJiZvWhhhVyJBKDyaJ0UPsh1aSqaSotqxIq9Xszs6dO/dfH2ZntXu9O/+1e7z6fkBYnDNz8Iu+nHtm5l6rPh+kAgDDWP3ilKY9pwGgL8uyskN9LYvT0hARJQCTtjRS/YJl1eeDtBuiNE0VxbHiOFWSporjtBMpy5KIFYBhLbTDsiw5jiV74b+u4yzGabVIWbcarTRNU7XbsaIklm3ZyhfzsmxLiWUpTqVUtAnA8CxLsiQ5luRISuJEgR8oSRO5tqNcbvVIWddvzadhFMtxbBWKeUWyFSaUCMCd4dmWXCVq+YHiOJHnOnIdW5ZlLQuU7bdClcpFecWi/MQiTADuqDBJ5SeWvGJRpXJRfitUGMZK04VjpAXWbCtKg1SKaRKANeZYUt6S6rPzyrm2cp67uIOy/YQwAVgfcSr5iVTbVFbQjhXFyeIOyqZLANZTKilIpU218uLlnSTZ2RcCwFqLUymxbDmurfZCoIgTACO0k1SFYl7xwqUdcQJgjEi2bNtWFCfECYA5wiRVvphXHLNzAmAYy7a4rANgnsSyFCeJrPebEd8mANZJy/cVtAMl8e2P0AdlWZZsx1E+l1ehWMxOf2jZltSqN4gTsB7iOFajMac4irJTI3FcV5VKVY7jZKcGlqapglZLYRgqjiMlSZJ9iWzbluO48jxP+ULhAz/WnQTLkgLiBKyPev3WxMLU5biuarXN2eGB+M2mfL+ZHe6rWCypWCplh8fWnm1w5gSstZbvTzxMkhRHkVq+nx3uKY5j1eu3RgqTJPl+sxPaOM5OjY04AWssaAfZoYkZZu04jjU3Wx87lHEUddaZcKCIE7DGkgn/I15qmLUbjbkVz5VGkSSJGo257PBYOHMC1tjN6RvZoWXCKNLp07/QuXPvqNGY19RUTZ+6/xPau/fT2ZeuaMvWj2SHPmDUM6Z+JnUG1Z7lQBxYc73i9Otfv6vj3/+JqtWKHtyzS5trm3T9xrTefPMtlSslPfPMU6pWytm3LdMvTmmaaubmdHZ4Yqa2bB37U7wRD8Sv6qXD+/TwQ/v08EPP642lU1d+pKdWGgfQVxhFOv79n2j37k/qyNe/rH37HtGeB3dp//4/0Le+9eeq1Sp68cV/z75taEGrlR3q6dqpY/rGX/5Ab2UnVjHs+qsZIU5Lva4Xjl/NDgIYwenTv1C1WtEffu5AdkqS9IVDT+jdd6/q7bf/Ozs1lDAMs0OrunbqmL574lZ2uKdh1u9lzDhJl44d1UtXsqMAhnXu3Dt6cM+u7PCifD6nPbt36fz5/81ODSWOB/x07u0f6LsnPqqHfi870dvA6/cxVpweO7hf0gUd++aP9F52con3jn9l4TKw8+fomYWJM893xg533/9zHc285o1vZ94DbFCNxrw21zZlh5epbqpobn68g+yBP6F74Iv6h7//onZnx/sYeP0+xoqT9h/VCwclnf8nPbfK5d0b396nJ49dWDZ28htf6ey27tup7ZJ0/rwuSdKZUzq58Jpzl65KuqqLFyRpvx5/dOkKwMYzNVXT9Ru9D6pv3JjRVK2WHd6QxouTpL1ffVbbJV069q8rHIL/XCdek6QdOvLKaf3y7Gm9cmSHpAt69WdXpXsf1RM7JemyLl6R3rt0Wdq5o7PeO5elK2f06nlJBw9ob3ZpYIP51P2f0C/f/FV2eNH09E2dPfuWdt2/Mzs1FNse+599T5Naf/xV7j2kF47skPS6nvvmqeVzVy7rnNS59Huyc3m2fBd1jz7zeCdW/3Pxqn524oK040AnWK+d0hsXOzuqx/Y/suQ9wMa0d++nVamUdfz4vykI2svmpqdv6m//7l903/bf0o7f2b5sbliO42aHJmpS648fJ0nbnn5eR3ZKOn+hc3n2Abd3Tt0/P376HknStu2/LUk6+c9H9ep56bH9hxaCdVknXr8saYd+977McsAG9cwzT2m+6ev577ygl1/+qf7z5H/pxZf+Q9/5m3/Utm0f08VL/9dzdzUIz/OyQxM1qfUnEifpHv3x9zqXd8vce0jPHdSyndPyA3BJjx7QY+qGrXO21AnWBZ187YK084A+c+/SRYGNq1op62t/9iUdeupzsm1L71+7rmqlrGef/RN9/S++rMOHn9QPf/jKWIHKFwrZoZ52f+mvhjoYH3b91UwoTksv75bb+9enO4fmq3pEj3fndy4ckHeDJWn7449q2+0XA3eFBx74pD7/+YP606f/SE888dnFS7mHf3+PDh9+UmfPDvqVyA+yLEvF4vg/MVlJsVga+9vhXfx8BVhjMzenh77r5aAsy9LUlq3Z4RVN+p5S49xPKmvEn68AGIc9xt0q+xlm7UqlOrlP1mxblUo1OzyWyfyfARhYPpfPDk3MMGs7jqPqppocd7xP1xzX7awzRBgHQZyANVYoFscOwkoc1x36QQeO46hW2zzyGVSxWFKttnniYRJnTsD64AEHvXE/J2Cd8WiolREnAEbi0zoAxiJOAIxEnAAYiTgBMBJxAmAk4gTASMQJgJGIEwAjEScARiJOAIxEnAAYyUqH/bUhANxhV67V2TkBMBNxAmAk4gTASMQJgJGIEwAjEScARiJOAIxEnAAYiTgBMBJxAmCkif98ZcLLATDQnXqYZteVa/Xx4hRFkfxWW0E7VBzFild4QiiAjcmxbTmuo3zOU7GQkzvBR6yPHKcoijQ711TQDlUq5pXP5+R5rhybq0TgbhEnicIwUhC01fQD5XOeNlVLE4nU0HFK01RNv6X67LyqlZKqlVL2JQDuUnONpuYaTdU2lVUqFsa69BsqTmmaqjHvy28FmqpV5Xnj1xHAxhKGkWbqcyoW8qqUiyMHauBbpnR3TH4r0NYtNcIEYEWe52rrlpr8VqCm3xrrA7KB4hRFkeqz85qqVTlXAtCTY9uaqlVVn51XFEXZ6YH1LU2apppr+KpWSuyYAAzE81xVKyXNNfyRd0994xRFkYJ2yOE3gKFUKyUF7XDk3VPPOKVpKr/VVqmYz04BQF+lYl5+qz3S7qlvnNphpHw+l50CgL7y+ZzaYTT5OElSHMWcNQEYiee5iqM4OzyQnnFK01RxkvAJHYCROLatOEkmu3MaZTEAWM2wTVk1TgCwnogTACMRJwBGIk4AjEScABiJOAEwEnECYCTiBMBIxAmAkYgTACMRJwBGWvUBB2maKkkSXbs+o20f/0h2uocz+urHv6aXs8MDO6gfv/89fTY7DOBD6b33b+hjH52SbdsDP/Bg4AccAMBauwM7JwC4jZ0TgA2FOAEwEnECYCTiBMBIxAmAkYgTACMRJwBGIk4AjEScABiJOAEwEnECYCTiBMBIxAmAkYgTACMRJwBGIk4AjEScABiJOAEwEnECYCTiBMBIxAmAkYgTACMRJwBGuiPPrZtttrNDADaITaVcdqinUZ9bd0fiBABdo8aJyzoARiJOAIxEnAAYiTgBMBJxAmAk4gTASMQJgJGIEwAjEScARuobJ8e2FSdJdhgA+oqTRI7dNzMrWvVd3a+ZO66jMIyy0wDQVxhGclxHWtKUQa0aJy0s5rmOgoAf8gIYXhC05bnO0GFSvzhJUiHvqekH2WEA6KvpByrkvezwQHrGybIsua6rnOdqrtHMTgPAquYaTeU8V67rTn7nZFmWLMtSpVzQXKPJ2ROAgYRhpLlGU5VyYbEjw+oZJy0EynEcVcoFzdTn+OQOQE9xkmimPqdKuSDHGe28SYPGybZtFQt55TxX0zfr7KAArCgMI03frCvnuSoW8kPdYC6rb5y0ZPdULhVUyHu6Pn2LMygAy8w1mro+fUuFvKdyabxdk3rdQzwrTVOlaao4jhVFkZp+W+0wUqmYVz6fk+e5I3/ZCsCHT5wkCsNIQdBW0w+U81yVijm5rrsYplHj1PMe4ivpBipJEqVpqiiKFLQjhVGsJE44jwLuIo5ty3Zsea6jfO72p3LdS7lRw6RR4tTVjdTSUHXHAdwduvHJBmmcKHWNHKeubqC6fwdwd1kaqElEqWvsOK1kwssBMNAkQ7SSOxInABgXz60DYJw4SWRZA37PCQDWShQlsm2bOAEwSxBGsgb9hjgArJVmK5RtEycABgnakZIkketwWQfAIPX5luyF70wRJwBGaPhtRXEi1+1825w4AVh3QTvSzKwvZ8lPYeygzb2ZAKyfoB3p+q2mPMda3DVZliX7NzPzavg8XQXA2mv4bf1mZl6uLbmuvezmdNbVG/U0SSXXsVUrF5TPudn3A8BEBe1I9fmWojiRbXX6Y9u342RZlqwbtxppkiQKo869mCzbVrngKe+5cl2bG8gBGFucJIqiREEYab4VKl2495u3sFta6ZYr/w8LR0wRor7L6QAAAABJRU5ErkJggg==\"},\"id\":3,\"lead_id\":58,\"status\":\"submitted\",\"roof_pitch_deg\":null,\"house_storey\":null,\"shading\":null,\"additional_notes\":\"{\\\"_t\\\":\\\"default\\\",\\\"_v\\\":1,\\\"inspected_at\\\":\\\"2026-03-13T16:48\\\",\\\"roof_type\\\":\\\"QWE\\\",\\\"inspector_name\\\":\\\"EQW\\\",\\\"meter_phase\\\":\\\"single\\\",\\\"inverter_location\\\":\\\"EWQ\\\",\\\"msb_condition\\\":\\\"EQWE\\\",\\\"jobDetails.fullHousePhoto\\\":{\\\"filename\\\":\\\"1773381007347-Screenshot_2026-03-11_120030.png\\\",\\\"storage_url\\\":\\\"/uploads/lead-58/site-inspection/jobDetails-fullHousePhoto/1773381007347-Screenshot_2026-03-11_120030.png\\\",\\\"preview_data_url\\\":\\\"data:image/png;base64,iVBORw0KGgoAAAANSUhEUgAAAScAAACYCAYAAACmsS9VAAAAAXNSR0IArs4c6QAAAARnQU1BAACxjwv8YQUAAAAJcEhZcwAADsMAAA7DAcdvqGQAAAzsSURBVHhe7d1fiFzXYcfx3/03/0ejlRISi5rKUCmNHEsuTo0R1CIgxRiR2hBqRSlx65BA49LI6UMgD0qhTiGkpbUotBT6pNgJiZvWhhhVyJBKDyaJ0UPsh1aSqaSotqxIq9Xszs6dO/dfH2ZntXu9O/+1e7z6fkBYnDNz8Iu+nHtm5l6rPh+kAgDDWP3ilKY9pwGgL8uyskN9LYvT0hARJQCTtjRS/YJl1eeDtBuiNE0VxbHiOFWSporjtBMpy5KIFYBhLbTDsiw5jiV74b+u4yzGabVIWbcarTRNU7XbsaIklm3ZyhfzsmxLiWUpTqVUtAnA8CxLsiQ5luRISuJEgR8oSRO5tqNcbvVIWddvzadhFMtxbBWKeUWyFSaUCMCd4dmWXCVq+YHiOJHnOnIdW5ZlLQuU7bdClcpFecWi/MQiTADuqDBJ5SeWvGJRpXJRfitUGMZK04VjpAXWbCtKg1SKaRKANeZYUt6S6rPzyrm2cp67uIOy/YQwAVgfcSr5iVTbVFbQjhXFyeIOyqZLANZTKilIpU218uLlnSTZ2RcCwFqLUymxbDmurfZCoIgTACO0k1SFYl7xwqUdcQJgjEi2bNtWFCfECYA5wiRVvphXHLNzAmAYy7a4rANgnsSyFCeJrPebEd8mANZJy/cVtAMl8e2P0AdlWZZsx1E+l1ehWMxOf2jZltSqN4gTsB7iOFajMac4irJTI3FcV5VKVY7jZKcGlqapglZLYRgqjiMlSZJ9iWzbluO48jxP+ULhAz/WnQTLkgLiBKyPev3WxMLU5biuarXN2eGB+M2mfL+ZHe6rWCypWCplh8fWnm1w5gSstZbvTzxMkhRHkVq+nx3uKY5j1eu3RgqTJPl+sxPaOM5OjY04AWssaAfZoYkZZu04jjU3Wx87lHEUddaZcKCIE7DGkgn/I15qmLUbjbkVz5VGkSSJGo257PBYOHMC1tjN6RvZoWXCKNLp07/QuXPvqNGY19RUTZ+6/xPau/fT2ZeuaMvWj2SHPmDUM6Z+JnUG1Z7lQBxYc73i9Otfv6vj3/+JqtWKHtyzS5trm3T9xrTefPMtlSslPfPMU6pWytm3LdMvTmmaaubmdHZ4Yqa2bB37U7wRD8Sv6qXD+/TwQ/v08EPP642lU1d+pKdWGgfQVxhFOv79n2j37k/qyNe/rH37HtGeB3dp//4/0Le+9eeq1Sp68cV/z75taEGrlR3q6dqpY/rGX/5Ab2UnVjHs+qsZIU5Lva4Xjl/NDgIYwenTv1C1WtEffu5AdkqS9IVDT+jdd6/q7bf/Ozs1lDAMs0OrunbqmL574lZ2uKdh1u9lzDhJl44d1UtXsqMAhnXu3Dt6cM+u7PCifD6nPbt36fz5/81ODSWOB/x07u0f6LsnPqqHfi870dvA6/cxVpweO7hf0gUd++aP9F52con3jn9l4TKw8+fomYWJM893xg533/9zHc285o1vZ94DbFCNxrw21zZlh5epbqpobn68g+yBP6F74Iv6h7//onZnx/sYeP0+xoqT9h/VCwclnf8nPbfK5d0b396nJ49dWDZ28htf6ey27tup7ZJ0/rwuSdKZUzq58Jpzl65KuqqLFyRpvx5/dOkKwMYzNVXT9Ru9D6pv3JjRVK2WHd6QxouTpL1ffVbbJV069q8rHIL/XCdek6QdOvLKaf3y7Gm9cmSHpAt69WdXpXsf1RM7JemyLl6R3rt0Wdq5o7PeO5elK2f06nlJBw9ob3ZpYIP51P2f0C/f/FV2eNH09E2dPfuWdt2/Mzs1FNse+599T5Naf/xV7j2kF47skPS6nvvmqeVzVy7rnNS59Huyc3m2fBd1jz7zeCdW/3Pxqn524oK040AnWK+d0hsXOzuqx/Y/suQ9wMa0d++nVamUdfz4vykI2svmpqdv6m//7l903/bf0o7f2b5sbliO42aHJmpS648fJ0nbnn5eR3ZKOn+hc3n2Abd3Tt0/P376HknStu2/LUk6+c9H9ep56bH9hxaCdVknXr8saYd+977McsAG9cwzT2m+6ev577ygl1/+qf7z5H/pxZf+Q9/5m3/Utm0f08VL/9dzdzUIz/OyQxM1qfUnEifpHv3x9zqXd8vce0jPHdSyndPyA3BJjx7QY+qGrXO21AnWBZ187YK084A+c+/SRYGNq1op62t/9iUdeupzsm1L71+7rmqlrGef/RN9/S++rMOHn9QPf/jKWIHKFwrZoZ52f+mvhjoYH3b91UwoTksv75bb+9enO4fmq3pEj3fndy4ckHeDJWn7449q2+0XA3eFBx74pD7/+YP606f/SE888dnFS7mHf3+PDh9+UmfPDvqVyA+yLEvF4vg/MVlJsVga+9vhXfx8BVhjMzenh77r5aAsy9LUlq3Z4RVN+p5S49xPKmvEn68AGIc9xt0q+xlm7UqlOrlP1mxblUo1OzyWyfyfARhYPpfPDk3MMGs7jqPqppocd7xP1xzX7awzRBgHQZyANVYoFscOwkoc1x36QQeO46hW2zzyGVSxWFKttnniYRJnTsD64AEHvXE/J2Cd8WiolREnAEbi0zoAxiJOAIxEnAAYiTgBMBJxAmAk4gTASMQJgJGIEwAjEScARiJOAIxEnAAYyUqH/bUhANxhV67V2TkBMBNxAmAk4gTASMQJgJGIEwAjEScARiJOAIxEnAAYiTgBMBJxAmCkif98ZcLLATDQnXqYZteVa/Xx4hRFkfxWW0E7VBzFild4QiiAjcmxbTmuo3zOU7GQkzvBR6yPHKcoijQ711TQDlUq5pXP5+R5rhybq0TgbhEnicIwUhC01fQD5XOeNlVLE4nU0HFK01RNv6X67LyqlZKqlVL2JQDuUnONpuYaTdU2lVUqFsa69BsqTmmaqjHvy28FmqpV5Xnj1xHAxhKGkWbqcyoW8qqUiyMHauBbpnR3TH4r0NYtNcIEYEWe52rrlpr8VqCm3xrrA7KB4hRFkeqz85qqVTlXAtCTY9uaqlVVn51XFEXZ6YH1LU2apppr+KpWSuyYAAzE81xVKyXNNfyRd0994xRFkYJ2yOE3gKFUKyUF7XDk3VPPOKVpKr/VVqmYz04BQF+lYl5+qz3S7qlvnNphpHw+l50CgL7y+ZzaYTT5OElSHMWcNQEYiee5iqM4OzyQnnFK01RxkvAJHYCROLatOEkmu3MaZTEAWM2wTVk1TgCwnogTACMRJwBGIk4AjEScABiJOAEwEnECYCTiBMBIxAmAkYgTACMRJwBGWvUBB2maKkkSXbs+o20f/0h2uocz+urHv6aXs8MDO6gfv/89fTY7DOBD6b33b+hjH52SbdsDP/Bg4AccAMBauwM7JwC4jZ0TgA2FOAEwEnECYCTiBMBIxAmAkYgTACMRJwBGIk4AjEScABiJOAEwEnECYCTiBMBIxAmAkYgTACMRJwBGIk4AjEScABiJOAEwEnECYCTiBMBIxAmAkYgTACMRJwBGuiPPrZtttrNDADaITaVcdqinUZ9bd0fiBABdo8aJyzoARiJOAIxEnAAYiTgBMBJxAmAk4gTASMQJgJGIEwAjEScARuobJ8e2FSdJdhgA+oqTRI7dNzMrWvVd3a+ZO66jMIyy0wDQVxhGclxHWtKUQa0aJy0s5rmOgoAf8gIYXhC05bnO0GFSvzhJUiHvqekH2WEA6KvpByrkvezwQHrGybIsua6rnOdqrtHMTgPAquYaTeU8V67rTn7nZFmWLMtSpVzQXKPJ2ROAgYRhpLlGU5VyYbEjw+oZJy0EynEcVcoFzdTn+OQOQE9xkmimPqdKuSDHGe28SYPGybZtFQt55TxX0zfr7KAArCgMI03frCvnuSoW8kPdYC6rb5y0ZPdULhVUyHu6Pn2LMygAy8w1mro+fUuFvKdyabxdk3rdQzwrTVOlaao4jhVFkZp+W+0wUqmYVz6fk+e5I3/ZCsCHT5wkCsNIQdBW0w+U81yVijm5rrsYplHj1PMe4ivpBipJEqVpqiiKFLQjhVGsJE44jwLuIo5ty3Zsea6jfO72p3LdS7lRw6RR4tTVjdTSUHXHAdwduvHJBmmcKHWNHKeubqC6fwdwd1kaqElEqWvsOK1kwssBMNAkQ7SSOxInABgXz60DYJw4SWRZA37PCQDWShQlsm2bOAEwSxBGsgb9hjgArJVmK5RtEycABgnakZIkketwWQfAIPX5luyF70wRJwBGaPhtRXEi1+1825w4AVh3QTvSzKwvZ8lPYeygzb2ZAKyfoB3p+q2mPMda3DVZliX7NzPzavg8XQXA2mv4bf1mZl6uLbmuvezmdNbVG/U0SSXXsVUrF5TPudn3A8BEBe1I9fmWojiRbXX6Y9u342RZlqwbtxppkiQKo869mCzbVrngKe+5cl2bG8gBGFucJIqiREEYab4VKl2495u3sFta6ZYr/w8LR0wRor7L6QAAAABJRU5ErkJggg==\\\"}}\",\"template_key\":\"default\",\"template_version\":1,\"created_at\":\"2026-03-13T05:50:15.000Z\",\"updated_at\":null,\"__savedTemplateKey\":\"default\",\"__savedTemplateVer\":1}','default',1,'2026-03-13 16:50:15','2026-03-13 16:51:25',NULL,NULL,NULL,NULL,NULL,NULL,NULL,NULL,NULL,NULL,NULL,NULL,NULL,NULL,NULL,NULL,NULL,NULL,NULL,NULL,NULL,NULL,NULL,NULL,NULL,NULL,NULL,NULL,NULL,NULL,NULL,NULL,NULL,NULL,NULL,NULL,NULL,NULL,NULL,NULL,NULL,NULL,NULL,NULL,NULL,NULL,NULL,NULL,NULL,NULL,NULL,NULL,NULL,NULL,NULL,NULL,NULL,NULL,NULL,NULL,NULL,NULL,NULL,NULL,NULL,NULL,NULL,NULL,NULL,NULL,NULL,NULL,NULL,NULL,NULL,NULL,NULL,NULL,NULL,NULL,NULL,NULL,NULL,NULL,NULL,NULL,NULL,NULL,NULL,NULL,NULL,NULL,NULL,NULL),
(3,59,6,'draft',NULL,'testing testing',NULL,NULL,NULL,NULL,NULL,NULL,NULL,NULL,NULL,NULL,NULL,NULL,NULL,NULL,NULL,'2026-03-15 20:28:58',NULL,NULL,NULL,NULL,NULL,NULL,NULL,NULL,NULL,NULL,NULL,NULL,NULL,NULL,NULL,NULL,NULL,NULL,NULL,NULL,NULL,NULL,NULL,NULL,NULL,NULL,NULL,NULL,NULL,NULL,NULL,NULL,NULL,NULL,NULL,NULL,NULL,NULL,NULL,NULL,NULL,NULL,NULL,NULL,NULL,NULL,NULL,NULL,NULL,NULL,NULL,NULL,NULL,NULL,NULL,NULL,NULL,NULL,NULL,NULL,NULL,NULL,NULL,NULL,NULL,NULL,NULL,NULL,NULL,NULL,NULL,NULL,NULL,NULL,NULL,NULL,NULL,NULL,NULL,NULL,NULL,NULL,NULL,NULL,NULL,NULL,NULL,NULL,NULL,NULL,NULL,NULL,NULL,NULL,NULL),
(4,60,3,'draft',NULL,'Ashley Bronson',NULL,NULL,NULL,NULL,NULL,NULL,NULL,NULL,NULL,NULL,NULL,NULL,NULL,NULL,NULL,'2026-03-15 20:39:58',NULL,NULL,NULL,NULL,NULL,NULL,NULL,NULL,NULL,NULL,NULL,NULL,NULL,NULL,NULL,NULL,NULL,NULL,NULL,NULL,NULL,NULL,NULL,NULL,NULL,NULL,NULL,NULL,NULL,NULL,NULL,NULL,NULL,NULL,NULL,NULL,NULL,NULL,NULL,NULL,NULL,NULL,NULL,NULL,NULL,NULL,NULL,NULL,NULL,NULL,NULL,NULL,NULL,NULL,NULL,NULL,NULL,NULL,NULL,NULL,NULL,NULL,NULL,NULL,NULL,NULL,NULL,NULL,NULL,NULL,NULL,NULL,NULL,NULL,NULL,NULL,NULL,NULL,NULL,NULL,NULL,NULL,NULL,NULL,NULL,NULL,NULL,NULL,NULL,NULL,NULL,NULL,NULL,NULL,NULL),
(5,61,3,'draft',NULL,'Ashley Bronson',NULL,NULL,NULL,'2026-03-17 09:00:00',NULL,NULL,NULL,NULL,NULL,NULL,NULL,NULL,NULL,NULL,NULL,'2026-03-16 11:56:57',NULL,NULL,NULL,NULL,NULL,NULL,NULL,NULL,NULL,NULL,NULL,NULL,NULL,NULL,NULL,NULL,NULL,NULL,NULL,NULL,NULL,NULL,NULL,NULL,NULL,NULL,NULL,NULL,NULL,NULL,NULL,NULL,NULL,NULL,NULL,NULL,NULL,NULL,NULL,NULL,NULL,NULL,NULL,NULL,NULL,NULL,NULL,NULL,NULL,NULL,NULL,NULL,NULL,NULL,NULL,NULL,NULL,NULL,NULL,NULL,NULL,NULL,NULL,NULL,NULL,NULL,NULL,NULL,NULL,NULL,NULL,NULL,NULL,NULL,NULL,NULL,NULL,NULL,NULL,NULL,NULL,NULL,NULL,NULL,NULL,NULL,NULL,NULL,NULL,NULL,NULL,NULL,NULL,NULL,NULL),
(6,84,3,'draft',NULL,'Ashley Bronson',NULL,NULL,NULL,'2026-03-17 09:00:00',NULL,NULL,NULL,NULL,NULL,NULL,NULL,NULL,NULL,NULL,NULL,'2026-03-16 21:38:37',NULL,NULL,NULL,NULL,NULL,NULL,NULL,NULL,NULL,NULL,NULL,NULL,NULL,NULL,NULL,NULL,NULL,NULL,NULL,NULL,NULL,NULL,NULL,NULL,NULL,NULL,NULL,NULL,NULL,NULL,NULL,NULL,NULL,NULL,NULL,NULL,NULL,NULL,NULL,NULL,NULL,NULL,NULL,NULL,NULL,NULL,NULL,NULL,NULL,NULL,NULL,NULL,NULL,NULL,NULL,NULL,NULL,NULL,NULL,NULL,NULL,NULL,NULL,NULL,NULL,NULL,NULL,NULL,NULL,NULL,NULL,NULL,NULL,NULL,NULL,NULL,NULL,NULL,NULL,NULL,NULL,NULL,NULL,NULL,NULL,NULL,NULL,NULL,NULL,NULL,NULL,NULL,NULL,NULL,NULL),
(7,78,3,'draft',NULL,'Ashley Bronson',NULL,NULL,NULL,'2026-03-17 10:00:00',NULL,NULL,NULL,NULL,NULL,NULL,NULL,NULL,NULL,NULL,NULL,'2026-03-16 21:38:52',NULL,NULL,NULL,NULL,NULL,NULL,NULL,NULL,NULL,NULL,NULL,NULL,NULL,NULL,NULL,NULL,NULL,NULL,NULL,NULL,NULL,NULL,NULL,NULL,NULL,NULL,NULL,NULL,NULL,NULL,NULL,NULL,NULL,NULL,NULL,NULL,NULL,NULL,NULL,NULL,NULL,NULL,NULL,NULL,NULL,NULL,NULL,NULL,NULL,NULL,NULL,NULL,NULL,NULL,NULL,NULL,NULL,NULL,NULL,NULL,NULL,NULL,NULL,NULL,NULL,NULL,NULL,NULL,NULL,NULL,NULL,NULL,NULL,NULL,NULL,NULL,NULL,NULL,NULL,NULL,NULL,NULL,NULL,NULL,NULL,NULL,NULL,NULL,NULL,NULL,NULL,NULL,NULL,NULL,NULL),
(8,108,NULL,'submitted','2026-03-27 20:00:00','Ashley Bronson','test','/uploads/lead-108/site-inspection/signature/1774499924540-signature.png',NULL,NULL,'Tin Colorbond',1.00,'single','single','1','1','none',NULL,NULL,'default',1,'2026-03-26 04:38:44','2026-03-26 04:38:44',NULL,NULL,NULL,NULL,NULL,NULL,NULL,NULL,NULL,NULL,NULL,NULL,NULL,NULL,NULL,NULL,NULL,NULL,NULL,NULL,NULL,NULL,NULL,NULL,NULL,NULL,NULL,NULL,NULL,NULL,NULL,NULL,NULL,NULL,NULL,NULL,NULL,NULL,NULL,NULL,NULL,NULL,NULL,NULL,NULL,NULL,NULL,NULL,NULL,NULL,NULL,NULL,NULL,NULL,NULL,NULL,NULL,NULL,NULL,NULL,NULL,NULL,NULL,NULL,NULL,NULL,NULL,NULL,NULL,NULL,NULL,NULL,NULL,NULL,NULL,NULL,NULL,NULL,NULL,NULL,NULL,NULL,NULL,NULL,NULL,NULL,NULL,NULL,NULL,NULL,NULL,NULL,NULL,NULL),
(9,109,8,'draft',NULL,'Neil Neil',NULL,NULL,NULL,'2026-03-30 11:00:00',NULL,NULL,NULL,NULL,NULL,NULL,NULL,NULL,NULL,NULL,NULL,'2026-03-26 06:23:02',NULL,NULL,NULL,NULL,NULL,NULL,NULL,NULL,NULL,NULL,NULL,NULL,NULL,NULL,NULL,NULL,NULL,NULL,NULL,NULL,NULL,NULL,NULL,NULL,NULL,NULL,NULL,NULL,NULL,NULL,NULL,NULL,NULL,NULL,NULL,NULL,NULL,NULL,NULL,NULL,NULL,NULL,NULL,NULL,NULL,NULL,NULL,NULL,NULL,NULL,NULL,NULL,NULL,NULL,NULL,NULL,NULL,NULL,NULL,NULL,NULL,NULL,NULL,NULL,NULL,NULL,NULL,NULL,NULL,NULL,NULL,NULL,NULL,NULL,NULL,NULL,NULL,NULL,NULL,NULL,NULL,NULL,NULL,NULL,NULL,NULL,NULL,NULL,NULL,NULL,NULL,NULL,NULL,NULL,NULL),
(10,110,4,'draft',NULL,'Liam Jackman',NULL,NULL,NULL,'2026-03-31 09:00:00',NULL,NULL,NULL,NULL,NULL,NULL,NULL,NULL,NULL,NULL,NULL,'2026-03-26 06:28:44',NULL,NULL,NULL,NULL,NULL,NULL,NULL,NULL,NULL,NULL,NULL,NULL,NULL,NULL,NULL,NULL,NULL,NULL,NULL,NULL,NULL,NULL,NULL,NULL,NULL,NULL,NULL,NULL,NULL,NULL,NULL,NULL,NULL,NULL,NULL,NULL,NULL,NULL,NULL,NULL,NULL,NULL,NULL,NULL,NULL,NULL,NULL,NULL,NULL,NULL,NULL,NULL,NULL,NULL,NULL,NULL,NULL,NULL,NULL,NULL,NULL,NULL,NULL,NULL,NULL,NULL,NULL,NULL,NULL,NULL,NULL,NULL,NULL,NULL,NULL,NULL,NULL,NULL,NULL,NULL,NULL,NULL,NULL,NULL,NULL,NULL,NULL,NULL,NULL,NULL,NULL,NULL,NULL,NULL,NULL),
(11,111,4,'draft',NULL,'Liam Jackman',NULL,NULL,NULL,'2026-03-31 09:00:00',NULL,NULL,NULL,NULL,NULL,NULL,NULL,NULL,NULL,NULL,NULL,'2026-03-26 06:32:38',NULL,NULL,NULL,NULL,NULL,NULL,NULL,NULL,NULL,NULL,NULL,NULL,NULL,NULL,NULL,NULL,NULL,NULL,NULL,NULL,NULL,NULL,NULL,NULL,NULL,NULL,NULL,NULL,NULL,NULL,NULL,NULL,NULL,NULL,NULL,NULL,NULL,NULL,NULL,NULL,NULL,NULL,NULL,NULL,NULL,NULL,NULL,NULL,NULL,NULL,NULL,NULL,NULL,NULL,NULL,NULL,NULL,NULL,NULL,NULL,NULL,NULL,NULL,NULL,NULL,NULL,NULL,NULL,NULL,NULL,NULL,NULL,NULL,NULL,NULL,NULL,NULL,NULL,NULL,NULL,NULL,NULL,NULL,NULL,NULL,NULL,NULL,NULL,NULL,NULL,NULL,NULL,NULL,NULL,NULL),
(12,112,5,'draft',NULL,'Clarke Dean',NULL,NULL,NULL,'2026-03-30 09:00:00',NULL,NULL,NULL,NULL,NULL,NULL,NULL,NULL,NULL,NULL,NULL,'2026-03-26 06:33:31',NULL,NULL,NULL,NULL,NULL,NULL,NULL,NULL,NULL,NULL,NULL,NULL,NULL,NULL,NULL,NULL,NULL,NULL,NULL,NULL,NULL,NULL,NULL,NULL,NULL,NULL,NULL,NULL,NULL,NULL,NULL,NULL,NULL,NULL,NULL,NULL,NULL,NULL,NULL,NULL,NULL,NULL,NULL,NULL,NULL,NULL,NULL,NULL,NULL,NULL,NULL,NULL,NULL,NULL,NULL,NULL,NULL,NULL,NULL,NULL,NULL,NULL,NULL,NULL,NULL,NULL,NULL,NULL,NULL,NULL,NULL,NULL,NULL,NULL,NULL,NULL,NULL,NULL,NULL,NULL,NULL,NULL,NULL,NULL,NULL,NULL,NULL,NULL,NULL,NULL,NULL,NULL,NULL,NULL,NULL),
(13,115,1,'draft',NULL,'Lê Minh',NULL,NULL,NULL,'2026-03-28 04:04:00',NULL,NULL,NULL,NULL,NULL,NULL,NULL,NULL,NULL,NULL,NULL,'2026-03-26 06:53:14',NULL,NULL,NULL,NULL,NULL,NULL,NULL,NULL,NULL,NULL,NULL,NULL,NULL,NULL,NULL,NULL,NULL,NULL,NULL,NULL,NULL,NULL,NULL,NULL,NULL,NULL,NULL,NULL,NULL,NULL,NULL,NULL,NULL,NULL,NULL,NULL,NULL,NULL,NULL,NULL,NULL,NULL,NULL,NULL,NULL,NULL,NULL,NULL,NULL,NULL,NULL,NULL,NULL,NULL,NULL,NULL,NULL,NULL,NULL,NULL,NULL,NULL,NULL,NULL,NULL,NULL,NULL,NULL,NULL,NULL,NULL,NULL,NULL,NULL,NULL,NULL,NULL,NULL,NULL,NULL,NULL,NULL,NULL,NULL,NULL,NULL,NULL,NULL,NULL,NULL,NULL,NULL,NULL,NULL,NULL),
(14,116,4,'draft',NULL,'Liam Jackman',NULL,NULL,NULL,'2026-04-30 10:00:00',NULL,NULL,NULL,NULL,NULL,NULL,NULL,NULL,NULL,NULL,NULL,'2026-03-26 07:12:45',NULL,NULL,NULL,NULL,NULL,NULL,NULL,NULL,NULL,NULL,NULL,NULL,NULL,NULL,NULL,NULL,NULL,NULL,NULL,NULL,NULL,NULL,NULL,NULL,NULL,NULL,NULL,NULL,NULL,NULL,NULL,NULL,NULL,NULL,NULL,NULL,NULL,NULL,NULL,NULL,NULL,NULL,NULL,NULL,NULL,NULL,NULL,NULL,NULL,NULL,NULL,NULL,NULL,NULL,NULL,NULL,NULL,NULL,NULL,NULL,NULL,NULL,NULL,NULL,NULL,NULL,NULL,NULL,NULL,NULL,NULL,NULL,NULL,NULL,NULL,NULL,NULL,NULL,NULL,NULL,NULL,NULL,NULL,NULL,NULL,NULL,NULL,NULL,NULL,NULL,NULL,NULL,NULL,NULL,NULL),
(15,113,4,'draft',NULL,'Liam Jackman',NULL,NULL,NULL,'2026-03-28 09:00:00',NULL,NULL,NULL,NULL,NULL,NULL,NULL,NULL,NULL,NULL,NULL,'2026-03-26 07:16:58',NULL,NULL,NULL,NULL,NULL,NULL,NULL,NULL,NULL,NULL,NULL,NULL,NULL,NULL,NULL,NULL,NULL,NULL,NULL,NULL,NULL,NULL,NULL,NULL,NULL,NULL,NULL,NULL,NULL,NULL,NULL,NULL,NULL,NULL,NULL,NULL,NULL,NULL,NULL,NULL,NULL,NULL,NULL,NULL,NULL,NULL,NULL,NULL,NULL,NULL,NULL,NULL,NULL,NULL,NULL,NULL,NULL,NULL,NULL,NULL,NULL,NULL,NULL,NULL,NULL,NULL,NULL,NULL,NULL,NULL,NULL,NULL,NULL,NULL,NULL,NULL,NULL,NULL,NULL,NULL,NULL,NULL,NULL,NULL,NULL,NULL,NULL,NULL,NULL,NULL,NULL,NULL,NULL,NULL,NULL),
(16,106,3,'draft',NULL,'Ashley Bronson',NULL,NULL,NULL,'2026-04-08 09:00:00',NULL,NULL,NULL,NULL,NULL,NULL,NULL,NULL,NULL,NULL,NULL,'2026-03-26 08:06:15',NULL,NULL,NULL,NULL,NULL,NULL,NULL,NULL,NULL,NULL,NULL,NULL,NULL,NULL,NULL,NULL,NULL,NULL,NULL,NULL,NULL,NULL,NULL,NULL,NULL,NULL,NULL,NULL,NULL,NULL,NULL,NULL,NULL,NULL,NULL,NULL,NULL,NULL,NULL,NULL,NULL,NULL,NULL,NULL,NULL,NULL,NULL,NULL,NULL,NULL,NULL,NULL,NULL,NULL,NULL,NULL,NULL,NULL,NULL,NULL,NULL,NULL,NULL,NULL,NULL,NULL,NULL,NULL,NULL,NULL,NULL,NULL,NULL,NULL,NULL,NULL,NULL,NULL,NULL,NULL,NULL,NULL,NULL,NULL,NULL,NULL,NULL,NULL,NULL,NULL,NULL,NULL,NULL,NULL,NULL),
(17,107,3,'draft',NULL,'Ashley Bronson',NULL,NULL,NULL,'2026-03-31 11:30:00',NULL,NULL,NULL,NULL,NULL,NULL,NULL,NULL,NULL,NULL,NULL,'2026-03-26 21:40:21',NULL,NULL,NULL,NULL,NULL,NULL,NULL,NULL,NULL,NULL,NULL,NULL,NULL,NULL,NULL,NULL,NULL,NULL,NULL,NULL,NULL,NULL,NULL,NULL,NULL,NULL,NULL,NULL,NULL,NULL,NULL,NULL,NULL,NULL,NULL,NULL,NULL,NULL,NULL,NULL,NULL,NULL,NULL,NULL,NULL,NULL,NULL,NULL,NULL,NULL,NULL,NULL,NULL,NULL,NULL,NULL,NULL,NULL,NULL,NULL,NULL,NULL,NULL,NULL,NULL,NULL,NULL,NULL,NULL,NULL,NULL,NULL,NULL,NULL,NULL,NULL,NULL,NULL,NULL,NULL,NULL,NULL,NULL,NULL,NULL,NULL,NULL,NULL,NULL,NULL,NULL,NULL,NULL,NULL,NULL),
(18,114,NULL,'submitted','2026-03-31 09:40:00','Ashley Bronson','1','/uploads/lead-114/site-inspection/signature/1774567091819-signature.png',NULL,NULL,'Tin Kliplock',1.00,'double','single','1','1','none',NULL,NULL,'default',1,'2026-03-26 23:18:12','2026-03-26 23:18:12','1','Yes',NULL,'Single',NULL,NULL,NULL,NULL,NULL,NULL,NULL,NULL,NULL,NULL,NULL,NULL,NULL,NULL,NULL,NULL,NULL,NULL,NULL,NULL,NULL,NULL,NULL,NULL,NULL,NULL,NULL,NULL,NULL,NULL,NULL,NULL,NULL,NULL,NULL,NULL,NULL,NULL,NULL,NULL,NULL,NULL,NULL,NULL,NULL,NULL,NULL,NULL,NULL,NULL,NULL,NULL,NULL,NULL,NULL,NULL,NULL,NULL,NULL,NULL,NULL,NULL,NULL,NULL,NULL,NULL,NULL,NULL,NULL,NULL,'[\"Heavy shading from trees\",\"Heavy shading from adjacent buildings\"]','1','[\"Overloaded circuits\",\"Code violations\"]',NULL,NULL,NULL,NULL,'1',NULL,'1',NULL,NULL,NULL,NULL,NULL,NULL,NULL,NULL,NULL,NULL),
(19,118,3,'submitted','2026-04-17 13:00:00','Ashley Bronson','test','/uploads/lead-118/site-inspection/signature/1775012596983-signature.png',NULL,'2026-04-17 13:00:00','Tin Colorbond',1.00,'single','single','1','1','1',NULL,NULL,'default',1,'2026-04-01 03:02:06','2026-04-01 03:03:17','1','Yes','Underground','Single','Yes','{\"filename\":\"1775012577997-Screenshot_2026-03-12_102834.png\",\"storage_url\":\"/uploads/lead-118/site-inspection/jobDetails-licenseSelfie/1775012577997-Screenshot_2026-03-12_102834.png\"}','{\"filename\":\"1775012586543-Screenshot_2026-03-12_102834.png\",\"storage_url\":\"/uploads/lead-118/site-inspection/jobDetails-fullHousePhoto/1775012586543-Screenshot_2026-03-12_102834.png\"}',NULL,NULL,NULL,NULL,NULL,NULL,NULL,NULL,NULL,NULL,NULL,NULL,NULL,NULL,NULL,NULL,NULL,NULL,NULL,NULL,NULL,NULL,NULL,NULL,NULL,NULL,NULL,NULL,NULL,NULL,NULL,NULL,NULL,NULL,NULL,NULL,NULL,NULL,NULL,NULL,NULL,NULL,NULL,NULL,NULL,NULL,NULL,NULL,NULL,NULL,NULL,NULL,NULL,NULL,NULL,NULL,NULL,NULL,NULL,NULL,NULL,NULL,NULL,NULL,NULL,NULL,NULL,NULL,NULL,NULL,NULL,NULL,NULL,NULL,NULL,NULL,NULL,NULL,NULL,NULL,NULL,NULL,NULL,NULL,NULL,NULL,'- Job Details: License selfie (Photo)\n- Job Details: Full house/building image'),
(20,105,3,'submitted','2026-04-07 10:00:00','Ashley Bronson','Paul Hunter','/uploads/lead-105/site-inspection/signature/1775108879364-signature.png','Test','2026-04-07 10:00:00','Tin Kliplock',10.00,'single','single','Test','Test','Test',NULL,NULL,'default',1,'2026-04-02 01:15:46','2026-04-02 05:47:59','xTechs Renewables Pty Ltd','No','Underground','Single','Yes','{\"filename\":\"Test1.png\",\"storage_url\":\"/uploads/lead-105/site-inspection/jobDetails-licenseSelfie/1775101777443-Screenshot_2026-04-02_at_09.18.26.png\"}','{\"filename\":\"Test2.png\",\"storage_url\":\"/uploads/lead-105/site-inspection/jobDetails-fullHousePhoto/1775104389278-Screenshot_2026-04-02_at_09.18.45.png\"}','{\"filename\":\"Test3.png\",\"storage_url\":\"/uploads/lead-105/site-inspection/switchboard-meterPhoto/1775108487105-Screenshot_2026-04-02_at_06.57.20.png\"}','4105139','6305712318','Yes','Single','Yes','{\"filename\":\"Test5.png\",\"storage_url\":\"/uploads/lead-105/site-inspection/switchboard-neutralEarthPhoto/1775108501966-Screenshot_2026-03-30_at_12.59.45.png\"}','Yes','Test','Test','10','15','16','Multi Core Aluminium','In roof','{\"filename\":\"Test6.png\",\"storage_url\":\"/uploads/lead-105/site-inspection/switchboard-photoSwitchboardOn/1775108539551-Screenshot_2026-04-02_at_09.18.45.png\"}','{\"filename\":\"Test7.png\",\"storage_url\":\"/uploads/lead-105/site-inspection/switchboard-photoSwitchboardOff/1775108553711-Screenshot_2026-04-02_at_09.18.45.png\"}','{\"filename\":\"Test8.png\",\"storage_url\":\"/uploads/lead-105/site-inspection/switchboard-voltageReadingPhotos/1775108577031-Screenshot_2026-04-02_at_06.57.20.png\"}','Yes','Yes','Yes','20','Yes','{\"filename\":\"Test9.png\",\"storage_url\":\"/uploads/lead-105/site-inspection/subBoard-subBoardPOCPhoto/1775108601237-Screenshot_2026-04-02_at_09.18.26.png\"}','{\"filename\":\"Test10.png\",\"storage_url\":\"/uploads/lead-105/site-inspection/inverterLocation-locationPhoto/1775108621585-Error_Message.png\"}','Yes','Test','Yes','Test','No','Yes','Yes','Yes','Yes','Test','Test123','15','No','Yes','17','Yes','Extension Ladder','Hand Passed','Yes','Yes','Test','{\"filename\":\"Test11.png\",\"storage_url\":\"/uploads/lead-105/site-inspection/roofProfile-edgeProtectionPhoto/1775108692955-Screenshot_2026-04-02_at_06.57.20.png\"}','Tin Kliplock','Yes','Test','{\"filename\":\"Test12.png\",\"storage_url\":\"/uploads/lead-105/site-inspection/roofProfile-section1Photo/1775108716795-Screenshot_2026-04-02_at_06.57.20.png\"}',NULL,NULL,NULL,NULL,'Yes','Yes','Yes','Yes','Test','Yes','Test','Yes','20','15','{\"filename\":\"Test13.png\",\"storage_url\":\"/uploads/lead-105/site-inspection/mudMap-mapPhoto/1775108802580-Screenshot_2026-03-30_at_12.59.45.png\"}','Test','[\"Partial shading in morning\",\"Heavy shading from trees\"]',NULL,'[\"Poor grounding\"]','Test','Test','Test','Test','1','Test','25000',NULL,NULL,NULL,NULL,NULL,NULL,NULL,NULL,NULL,'- Job Details: License selfie (Photo)\n- Job Details: Full house/building image\n- Switchboard / Main MSB: Meter Photo\n- Switchboard / Main MSB: Neutral & Earth Bar Photo\n- Switchboard / Main MSB: Image of Switchboard (with front cover ON)\n- Switchboard / Main MSB: Image of Switchboard (with front cover OFF)\n- Switchboard / Main MSB: Voltage reading A–N / N–E / Phase to Phase\n- Sub-Board: Sub-Board / POC Photo (optional)\n- Inverter Installation Location: Inverter location photo\n- Roof Type: Upload image showing Edge Protection location\n- Roof Type: Upload Photo\n- Mud Map: Mud Map (mark inverter, MSB/Sub-Board, POC/TX, access)');
/*!40000 ALTER TABLE `lead_site_inspections` ENABLE KEYS */;
UNLOCK TABLES;

--
-- Table structure for table `leads`
--

DROP TABLE IF EXISTS `leads`;
/*!40101 SET @saved_cs_client     = @@character_set_client */;
/*!40101 SET character_set_client = utf8mb4 */;
CREATE TABLE `leads` (
  `id` bigint(20) unsigned NOT NULL AUTO_INCREMENT,
  `company_id` int(10) unsigned DEFAULT NULL,
  `stage` varchar(80) NOT NULL DEFAULT 'new',
  `customer_name` varchar(150) NOT NULL,
  `email` varchar(255) NOT NULL,
  `phone` varchar(50) NOT NULL,
  `suburb` varchar(150) DEFAULT NULL,
  `system_size_kw` decimal(10,2) DEFAULT NULL,
  `pv_system_size_kw` decimal(10,2) DEFAULT NULL,
  `pv_inverter_size_kw` decimal(10,2) DEFAULT NULL,
  `pv_inverter_brand` varchar(120) DEFAULT NULL,
  `pv_panel_brand` varchar(120) DEFAULT NULL,
  `pv_panel_module_watts` int(11) DEFAULT NULL,
  `ev_charger_brand` varchar(120) DEFAULT NULL,
  `ev_charger_model` varchar(120) DEFAULT NULL,
  `battery_size_kwh` decimal(10,2) DEFAULT NULL,
  `battery_brand` varchar(120) DEFAULT NULL,
  `battery_model` varchar(120) DEFAULT NULL,
  `value_amount` decimal(14,2) DEFAULT NULL,
  `source` varchar(100) DEFAULT NULL,
  `referred_by_lead_id` bigint(20) unsigned DEFAULT NULL,
  `is_closed` tinyint(1) NOT NULL DEFAULT 0,
  `is_won` tinyint(1) NOT NULL DEFAULT 0,
  `won_lost_at` datetime DEFAULT NULL,
  `last_activity_at` datetime DEFAULT NULL,
  `site_inspection_date` datetime DEFAULT NULL,
  `created_at` timestamp NOT NULL DEFAULT current_timestamp(),
  `updated_at` timestamp NULL DEFAULT NULL ON UPDATE current_timestamp(),
  `system_type` varchar(100) DEFAULT NULL,
  `house_storey` varchar(50) DEFAULT NULL,
  `roof_type` varchar(100) DEFAULT NULL,
  `meter_phase` varchar(20) DEFAULT NULL,
  `access_to_second_storey` tinyint(1) DEFAULT NULL,
  `access_to_inverter` tinyint(1) DEFAULT NULL,
  `pre_approval_reference_no` varchar(100) DEFAULT NULL,
  `energy_retailer` varchar(120) DEFAULT NULL,
  `energy_distributor` varchar(120) DEFAULT NULL,
  `solar_vic_eligibility` tinyint(1) DEFAULT NULL,
  `nmi_number` varchar(50) DEFAULT NULL,
  `meter_number` varchar(50) DEFAULT NULL,
  `contacted_at` datetime DEFAULT NULL,
  `last_inbound_email_at` datetime DEFAULT NULL,
  `last_outbound_email_at` datetime DEFAULT NULL,
  `followup_first_sent_at` datetime DEFAULT NULL,
  `followup_second_sent_at` datetime DEFAULT NULL,
  `flagged_for_review_at` datetime DEFAULT NULL,
  `auto_close_nonresponsive` tinyint(1) NOT NULL DEFAULT 0,
  `lost_reason` varchar(120) DEFAULT NULL,
  `owner_doc_last_sent_at` datetime DEFAULT NULL,
  `owner_doc_reminders_count` int(11) NOT NULL DEFAULT 0,
  `external_id` varchar(255) DEFAULT NULL,
  `marketing_payload_json` longtext CHARACTER SET utf8mb4 COLLATE utf8mb4_bin DEFAULT NULL CHECK (json_valid(`marketing_payload_json`)),
  `sales_segment` varchar(8) DEFAULT NULL COMMENT 'b2c | b2b',
  `assigned_user_id` int(10) unsigned DEFAULT NULL,
  `customer_portal_pre_approval_announced` tinyint(1) NOT NULL DEFAULT 0,
  `customer_portal_solar_vic_announced` tinyint(1) NOT NULL DEFAULT 0,
  `pv_panel_model` varchar(120) DEFAULT NULL,
  `pv_panel_quantity` int(11) DEFAULT NULL,
  `pv_inverter_model` varchar(120) DEFAULT NULL,
  `pv_inverter_series` varchar(120) DEFAULT NULL,
  `pv_inverter_power_kw` decimal(10,2) DEFAULT NULL,
  `pv_inverter_quantity` int(11) DEFAULT NULL,
  PRIMARY KEY (`id`),
  KEY `idx_leads_board` (`stage`,`updated_at`),
  KEY `idx_leads_stage_count` (`stage`),
  KEY `idx_leads_value` (`value_amount`),
  KEY `idx_leads_text` (`customer_name`),
  KEY `idx_leads_suburb` (`suburb`),
  KEY `idx_leads_site_inspection_date` (`site_inspection_date`),
  KEY `idx_leads_external_id` (`external_id`),
  KEY `idx_leads_referred_by` (`referred_by_lead_id`),
  KEY `idx_leads_company` (`company_id`),
  KEY `idx_leads_assigned` (`assigned_user_id`),
  CONSTRAINT `fk_leads_assigned` FOREIGN KEY (`assigned_user_id`) REFERENCES `users` (`id`) ON DELETE SET NULL,
  CONSTRAINT `fk_leads_company` FOREIGN KEY (`company_id`) REFERENCES `companies` (`id`) ON DELETE SET NULL
) ENGINE=InnoDB AUTO_INCREMENT=121 DEFAULT CHARSET=utf8mb4 COLLATE=utf8mb4_unicode_ci;
/*!40101 SET character_set_client = @saved_cs_client */;

--
-- Dumping data for table `leads`
--

LOCK TABLES `leads` WRITE;
/*!40000 ALTER TABLE `leads` DISABLE KEYS */;
INSERT INTO `leads` VALUES
(1,NULL,'inspection_completed','MInwerwe','','','test',1000.00,NULL,NULL,NULL,NULL,NULL,NULL,NULL,NULL,NULL,NULL,550.00,'Website',NULL,1,1,'2026-03-11 11:35:07','2026-03-15 20:03:31','2026-03-02 09:15:00','2026-02-11 01:52:35','2026-03-15 09:03:31',NULL,NULL,NULL,NULL,NULL,NULL,NULL,NULL,NULL,NULL,NULL,NULL,'2026-02-25 09:27:48',NULL,NULL,NULL,NULL,NULL,0,NULL,'2026-02-28 22:40:15',23,NULL,NULL,NULL,NULL,0,0,NULL,NULL,NULL,NULL,NULL,NULL),
(24,NULL,'new','Kylie Blyth','kylie@pcts.net.au','0400 308 745','Lysterfield',NULL,NULL,NULL,NULL,NULL,NULL,NULL,NULL,NULL,NULL,NULL,0.00,'Solar Quotes',NULL,0,0,NULL,'2026-03-11 12:00:00',NULL,'2026-03-11 01:00:00',NULL,NULL,NULL,NULL,NULL,NULL,NULL,NULL,NULL,NULL,NULL,NULL,NULL,NULL,NULL,NULL,NULL,NULL,NULL,0,NULL,NULL,0,'1028767','{\"id\":1028767,\"idLeadSupplier\":2301059,\"name\":\"Kylie\",\"lastName\":\"Blyth\",\"phone\":\"0400 308 745\",\"email\":\"kylie@pcts.net.au\",\"supplierId\":14039,\"leadPrice\":60,\"claimed\":\"No\",\"size\":\"Fill my roof with solar panels\",\"systemPriceType\":\"A good mix of quality and price\",\"timeframe\":\"In the next 4 weeks\",\"quarterlyBill\":\"over $2000\",\"electricityBillPerMonth\":\"\",\"ownTheRoofSpace\":\"Yes\",\"typeOfRoof\":\"Terracotta\",\"typeOfRoofOther\":\"\",\"minimumTenSquareMetersNorthFacing\":\"I\'m not sure - Please Help Me Out\",\"roofSlope\":\"\",\"shade\":\"\",\"direction\":\"Not Sure\",\"storeys\":2,\"features\":\"On Grid Solar\\nBattery System\",\"leadType\":\"On Grid Solar + Batteries\",\"submittedDate\":\"2026-03-11 10:26:00\",\"companyName\":\"\",\"address\":\"4 Regency Terrace Lysterfield\",\"latitude\":-37.9218652,\"longitude\":145.2729148,\"installationAddressLineOne\":\"4 Regency Terrace\",\"installationAddressLineTwo\":\"\",\"installationSuburb\":\"Lysterfield\",\"installationState\":\"VIC\",\"installationPostcode\":3156,\"installationCountry\":\"Australia\",\"mailingAddressLineOne\":\"\",\"mailingAddressLineTwo\":\"\",\"mailingSuburb\":\"\",\"mailingState\":\"\",\"mailingPostcode\":\"\",\"mailingCountry\":\"\",\"homeVisit\":\"No\",\"availableForConversation\":\"\",\"importantNotes\":\"We have recently install a pool that has increased our most recent electricity bill quite a lot.This lead was submitted via the QuotesV3 form.This customer has indicated that they would like to receive the VIC rebate.Lead wants to pay cashRequired for: Lowest bills, charge from solar in blackout & almost instant changeover in a blackoutKylie has verified this phone number\",\"importantNotesSplit\":\"We have recently install a pool that has increased our most recent electricity bill quite a lot.:This lead was submitted via the QuotesV3 form.:This customer has indicated that they would like to receive the VIC rebate.:Lead wants to pay cash:Required for: Lowest bills, charge from solar in blackout & almost instant changeover in a blackout:Kylie has verified this phone number\",\"requestedQuotes\":3,\"note\":\"\",\"evExistingSolarSize\":\"\",\"evExistingBattery\":\"No\",\"evInstallationType\":\"\",\"evDistanceChargerSwitchboard\":\"\",\"evCarMakeModel\":\"\",\"images\":{\"evChargerImages\":\"\",\"evSwitchboardImages\":\"\",\"evOtherImages\":\"\",\"hwhpLocationImages\":\"\",\"hwhpSwitchboardImages\":\"\",\"hwhpOtherImages\":\"\"},\"hwhpNumberOfResidents\":\"\",\"hwhpExistingSystem\":\"\",\"hwhpLocationAccessibility\":\"\",\"hwhpSwitchboardDistance\":\"\",\"leadStatus\":\"\",\"funnelVersion\":3,\"extraInfo\":\"\",\"consolidatedNotes\":\"Important Notes: We have recently install a pool that has increased our most recent electricity bill quite a lot.This lead was submitted via the QuotesV3 form.This customer has indicated that they would like to receive the VIC rebate.Lead wants to pay cashRequired for: Lowest bills, charge from solar in blackout & almost instant changeover in a blackoutKylie has verified this phone number\\n\\nFeatures: On Grid Solar\\nBattery System\\n\\nHave Battery: No\\n\\nRoof Type: Terracotta\\n\\nStoreys: 2\\n\\nAddress: 4 Regency Terrace Lysterfield, Lysterfield, VIC, 3156\",\"mappedRoofType\":\"Other\",\"_imported_at\":\"2026-03-11T01:00:00.657Z\"}',NULL,NULL,0,0,NULL,NULL,NULL,NULL,NULL,NULL),
(25,NULL,'new','Stephen Patan','reflex.games@outlook.com','0414 660 069','Wheelers Hill',NULL,NULL,NULL,NULL,NULL,NULL,NULL,NULL,NULL,NULL,NULL,0.00,'Solar Quotes',NULL,0,0,NULL,'2026-03-11 12:00:00',NULL,'2026-03-11 01:00:00',NULL,NULL,NULL,NULL,NULL,NULL,NULL,NULL,NULL,NULL,NULL,NULL,NULL,NULL,NULL,NULL,NULL,NULL,NULL,0,NULL,NULL,0,'1028722','{\"id\":1028722,\"idLeadSupplier\":2300958,\"name\":\"Stephen\",\"lastName\":\"Patan\",\"phone\":\"0414 660 069\",\"email\":\"reflex.games@outlook.com\",\"supplierId\":14039,\"leadPrice\":50,\"claimed\":\"No\",\"size\":\"\",\"systemPriceType\":\"\",\"timeframe\":\"In the next 4 weeks\",\"quarterlyBill\":\"Less than $500\",\"electricityBillPerMonth\":\"\",\"ownTheRoofSpace\":\"Yes\",\"typeOfRoof\":\"\",\"typeOfRoofOther\":\"\",\"minimumTenSquareMetersNorthFacing\":\"I\'m not sure - Please Help Me Out\",\"roofSlope\":\"\",\"shade\":\"\",\"direction\":\"Not Sure\",\"storeys\":2,\"features\":\"Battery System\",\"leadType\":\"Batteries\",\"submittedDate\":\"2026-03-11 08:50:24\",\"companyName\":\"\",\"address\":\"20 Garnett Rd Wheelers Hill\",\"latitude\":-37.9116209,\"longitude\":145.1971984,\"installationAddressLineOne\":\"20 Garnett Rd\",\"installationAddressLineTwo\":\"\",\"installationSuburb\":\"Wheelers Hill\",\"installationState\":\"VIC\",\"installationPostcode\":3150,\"installationCountry\":\"Australia\",\"mailingAddressLineOne\":\"\",\"mailingAddressLineTwo\":\"\",\"mailingSuburb\":\"\",\"mailingState\":\"\",\"mailingPostcode\":\"\",\"mailingCountry\":\"\",\"homeVisit\":\"No\",\"availableForConversation\":\"\",\"importantNotes\":\"This lead was submitted via the QuotesV3 form.Lead wants to pay cashExisting inverter type: Goodwe 5 KW 1PH DNS-30Required for: Lowest bills, charge from solar in blackout & almost instant changeover in a blackoutStephen has verified this phone number\",\"importantNotesSplit\":\"This lead was submitted via the QuotesV3 form.:Lead wants to pay cash:Existing inverter type: Goodwe 5 KW 1PH DNS-30:Required for: Lowest bills, charge from solar in blackout & almost instant changeover in a blackout:Stephen has verified this phone number\",\"requestedQuotes\":2,\"note\":\"\",\"evExistingSolarSize\":\"\",\"evExistingBattery\":\"\",\"evInstallationType\":\"\",\"evDistanceChargerSwitchboard\":\"\",\"evCarMakeModel\":\"\",\"images\":{\"evChargerImages\":\"\",\"evSwitchboardImages\":\"\",\"evOtherImages\":\"\",\"hwhpLocationImages\":\"\",\"hwhpSwitchboardImages\":\"\",\"hwhpOtherImages\":\"\"},\"hwhpNumberOfResidents\":\"\",\"hwhpExistingSystem\":\"\",\"hwhpLocationAccessibility\":\"\",\"hwhpSwitchboardDistance\":\"\",\"leadStatus\":\"appointment_booked\",\"funnelVersion\":3,\"extraInfo\":\"\",\"consolidatedNotes\":\"Important Notes: This lead was submitted via the QuotesV3 form.Lead wants to pay cashExisting inverter type: Goodwe 5 KW 1PH DNS-30Required for: Lowest bills, charge from solar in blackout & almost instant changeover in a blackoutStephen has verified this phone number\\n\\nFeatures: Battery System\\n\\nRoof Type: Yes\\n\\nStoreys: 2\\n\\nAddress: 20 Garnett Rd Wheelers Hill, Wheelers Hill, VIC, 3150\",\"mappedRoofType\":\"Other\",\"_imported_at\":\"2026-03-11T01:00:00.674Z\"}',NULL,NULL,0,0,NULL,NULL,NULL,NULL,NULL,NULL),
(26,NULL,'new','BENJAMIN BOWEN','bbowen1987@gmail.com','0449 586 684','Williamstown',3.00,NULL,NULL,NULL,NULL,NULL,NULL,NULL,NULL,NULL,NULL,0.00,'Solar Quotes',NULL,0,0,NULL,'2026-03-11 12:00:00',NULL,'2026-03-11 01:00:00',NULL,NULL,NULL,NULL,NULL,NULL,NULL,NULL,NULL,NULL,NULL,NULL,NULL,NULL,NULL,NULL,NULL,NULL,NULL,0,NULL,NULL,0,'1028626','{\"id\":1028626,\"idLeadSupplier\":2300639,\"name\":\"BENJAMIN\",\"lastName\":\"BOWEN\",\"phone\":\"0449 586 684\",\"email\":\"bbowen1987@gmail.com\",\"supplierId\":14039,\"leadPrice\":60,\"claimed\":\"No\",\"size\":\"3 to 5 kW\",\"systemPriceType\":\"A good mix of quality and price\",\"timeframe\":\"Immediately\",\"quarterlyBill\":\"Less than $500\",\"electricityBillPerMonth\":\"\",\"ownTheRoofSpace\":\"Yes\",\"typeOfRoof\":\"Tin / Colourbond\",\"typeOfRoofOther\":\"\",\"minimumTenSquareMetersNorthFacing\":\"I\'m not sure - Please Help Me Out\",\"roofSlope\":\"\",\"shade\":\"\",\"direction\":\"Not Sure\",\"storeys\":2,\"features\":\"On Grid Solar\\nMicro Inverters or Power Optimisers\\nBattery System\",\"leadType\":\"On Grid Solar + Batteries\",\"submittedDate\":\"2026-03-10 22:25:25\",\"companyName\":\"\",\"address\":\"123 Aitken St Williamstown\",\"latitude\":-37.8623621,\"longitude\":144.9012708,\"installationAddressLineOne\":\"123 Aitken St\",\"installationAddressLineTwo\":\"\",\"installationSuburb\":\"Williamstown\",\"installationState\":\"VIC\",\"installationPostcode\":3016,\"installationCountry\":\"Australia\",\"mailingAddressLineOne\":\"\",\"mailingAddressLineTwo\":\"\",\"mailingSuburb\":\"\",\"mailingState\":\"\",\"mailingPostcode\":\"\",\"mailingCountry\":\"\",\"homeVisit\":\"Yes\",\"availableForConversation\":\"\",\"importantNotes\":\"Small roof area, need high generation panelsThis lead was submitted via the QuotesV3 form.This customer has indicated that they do not want the VIC rebate.Lead wants to pay cashRequired for: Quickest payback time & backups up 3-phase appliancesBENJAMIN has verified this phone number\",\"importantNotesSplit\":\"Small roof area, need high generation panels:::This lead was submitted via the QuotesV3 form.:This customer has indicated that they do not want the VIC rebate.:Lead wants to pay cash:Required for: Quickest payback time & backups up 3-phase appliances:BENJAMIN has verified this phone number\",\"requestedQuotes\":3,\"note\":\"\",\"evExistingSolarSize\":\"\",\"evExistingBattery\":\"No\",\"evInstallationType\":\"\",\"evDistanceChargerSwitchboard\":\"\",\"evCarMakeModel\":\"\",\"images\":{\"evChargerImages\":\"\",\"evSwitchboardImages\":\"\",\"evOtherImages\":\"\",\"hwhpLocationImages\":\"\",\"hwhpSwitchboardImages\":\"\",\"hwhpOtherImages\":\"\"},\"hwhpNumberOfResidents\":\"\",\"hwhpExistingSystem\":\"\",\"hwhpLocationAccessibility\":\"\",\"hwhpSwitchboardDistance\":\"\",\"leadStatus\":\"\",\"funnelVersion\":3,\"extraInfo\":\"Micro Inverters / Power Optimisers\",\"consolidatedNotes\":\"Important Notes: Small roof area, need high generation panelsThis lead was submitted via the QuotesV3 form.This customer has indicated that they do not want the VIC rebate.Lead wants to pay cashRequired for: Quickest payback time & backups up 3-phase appliancesBENJAMIN has verified this phone number\\n\\nFeatures: On Grid Solar\\nMicro Inverters or Power Optimisers\\nBattery System\\n\\nHave Battery: No\\n\\nRoof Type: Tin / Colourbond\\n\\nStoreys: 2\\n\\nAddress: 123 Aitken St Williamstown, Williamstown, VIC, 3016\",\"mappedRoofType\":\"Tin (Colorbond)\",\"_imported_at\":\"2026-03-11T01:00:00.678Z\"}',NULL,NULL,0,0,NULL,NULL,NULL,NULL,NULL,NULL),
(27,NULL,'new','Garry Yin','garry0228@gmail.com','0434 500 238','Glen Waverley',NULL,NULL,NULL,NULL,NULL,NULL,NULL,NULL,NULL,NULL,NULL,0.00,'Solar Quotes',NULL,0,0,NULL,'2026-03-11 12:00:00',NULL,'2026-03-11 01:00:00',NULL,NULL,NULL,NULL,NULL,NULL,NULL,NULL,NULL,NULL,NULL,NULL,NULL,NULL,NULL,NULL,NULL,NULL,NULL,0,NULL,NULL,0,'1027121','{\"id\":1027121,\"idLeadSupplier\":2297981,\"name\":\"Garry\",\"lastName\":\"Yin\",\"phone\":\"0434 500 238\",\"email\":\"garry0228@gmail.com\",\"supplierId\":14039,\"leadPrice\":60,\"claimed\":\"No\",\"size\":\"Fill my roof with solar panels\",\"systemPriceType\":\"A good mix of quality and price\",\"timeframe\":\"In the next 4 weeks\",\"quarterlyBill\":\"$500-$1000\",\"electricityBillPerMonth\":\"\",\"ownTheRoofSpace\":\"Yes\",\"typeOfRoof\":\"Terracotta\",\"typeOfRoofOther\":\"\",\"minimumTenSquareMetersNorthFacing\":\"I\'m not sure - Please Help Me Out\",\"roofSlope\":\"\",\"shade\":\"\",\"direction\":\"Not Sure\",\"storeys\":1,\"features\":\"On Grid Solar\\nMicro Inverters or Power Optimisers\\nBattery System\",\"leadType\":\"On Grid Solar + Batteries\",\"submittedDate\":\"2026-03-07 18:10:24\",\"companyName\":\"\",\"address\":\"7 Joyce Ave Glen Waverley\",\"latitude\":-37.8905006,\"longitude\":145.1688366,\"installationAddressLineOne\":\"7 Joyce Ave\",\"installationAddressLineTwo\":\"\",\"installationSuburb\":\"Glen Waverley\",\"installationState\":\"VIC\",\"installationPostcode\":3150,\"installationCountry\":\"Australia\",\"mailingAddressLineOne\":\"\",\"mailingAddressLineTwo\":\"\",\"mailingSuburb\":\"\",\"mailingState\":\"\",\"mailingPostcode\":\"\",\"mailingCountry\":\"\",\"homeVisit\":\"Yes\",\"availableForConversation\":\"\",\"importantNotes\":\"This lead was submitted via the QuotesV3 form.This customer has indicated that they do not want the VIC rebate.Lead wants to pay cashRequired for: Lowest billsGarry has verified this phone number\",\"importantNotesSplit\":\"This lead was submitted via the QuotesV3 form.:This customer has indicated that they do not want the VIC rebate.:Lead wants to pay cash:Required for: Lowest bills:Garry has verified this phone number\",\"requestedQuotes\":3,\"note\":\"Thursday 2pm\",\"evExistingSolarSize\":\"\",\"evExistingBattery\":\"No\",\"evInstallationType\":\"\",\"evDistanceChargerSwitchboard\":\"\",\"evCarMakeModel\":\"\",\"images\":{\"evChargerImages\":\"\",\"evSwitchboardImages\":\"\",\"evOtherImages\":\"\",\"hwhpLocationImages\":\"\",\"hwhpSwitchboardImages\":\"\",\"hwhpOtherImages\":\"\"},\"hwhpNumberOfResidents\":\"\",\"hwhpExistingSystem\":\"\",\"hwhpLocationAccessibility\":\"\",\"hwhpSwitchboardDistance\":\"\",\"leadStatus\":\"appointment_booked\",\"funnelVersion\":3,\"extraInfo\":\"Micro Inverters / Power Optimisers\",\"consolidatedNotes\":\"Important Notes: This lead was submitted via the QuotesV3 form.This customer has indicated that they do not want the VIC rebate.Lead wants to pay cashRequired for: Lowest billsGarry has verified this phone number\\n\\nFeatures: On Grid Solar\\nMicro Inverters or Power Optimisers\\nBattery System\\n\\nHave Battery: No\\n\\nRoof Type: Terracotta\\n\\nStoreys: 1\\n\\nAddress: 7 Joyce Ave Glen Waverley, Glen Waverley, VIC, 3150\",\"mappedRoofType\":\"Other\",\"_imported_at\":\"2026-03-11T01:00:00.682Z\"}',NULL,NULL,0,0,NULL,NULL,NULL,NULL,NULL,NULL),
(28,NULL,'new','Amanda Smith','ajsmith33@gmail.com','0408 537 326','Heatherton',NULL,NULL,NULL,NULL,NULL,NULL,NULL,NULL,NULL,NULL,NULL,0.00,'Solar Quotes',NULL,0,0,NULL,'2026-03-11 12:00:00',NULL,'2026-03-11 01:00:00',NULL,NULL,NULL,NULL,NULL,NULL,NULL,NULL,NULL,NULL,NULL,NULL,NULL,NULL,NULL,NULL,NULL,NULL,NULL,0,NULL,NULL,0,'1027114','{\"id\":1027114,\"idLeadSupplier\":2297963,\"name\":\"Amanda\",\"lastName\":\"Smith\",\"phone\":\"0408 537 326\",\"email\":\"ajsmith33@gmail.com\",\"supplierId\":14039,\"leadPrice\":60,\"claimed\":\"No\",\"size\":\"Not Sure. Please help me decide\",\"systemPriceType\":\"\",\"timeframe\":\"In the next 3 months\",\"quarterlyBill\":\"Less than $500\",\"electricityBillPerMonth\":\"\",\"ownTheRoofSpace\":\"Yes\",\"typeOfRoof\":\"Tile\",\"typeOfRoofOther\":\"\",\"minimumTenSquareMetersNorthFacing\":\"I\'m not sure - Please Help Me Out\",\"roofSlope\":\"\",\"shade\":\"\",\"direction\":\"Not Sure\",\"storeys\":2,\"features\":\"Battery System\\nIncrease size of existing solar system\",\"leadType\":\"On Grid Solar + Batteries\",\"submittedDate\":\"2026-03-07 17:15:08\",\"companyName\":\"\",\"address\":\"30 St Andrews Dr Heatherton\",\"latitude\":-37.9588706,\"longitude\":145.0819048,\"installationAddressLineOne\":\"30 St Andrews Dr\",\"installationAddressLineTwo\":\"\",\"installationSuburb\":\"Heatherton\",\"installationState\":\"VIC\",\"installationPostcode\":3202,\"installationCountry\":\"Australia\",\"mailingAddressLineOne\":\"\",\"mailingAddressLineTwo\":\"\",\"mailingSuburb\":\"\",\"mailingState\":\"\",\"mailingPostcode\":\"\",\"mailingCountry\":\"\",\"homeVisit\":\"Yes\",\"availableForConversation\":\"\",\"importantNotes\":\"This lead was submitted via the QuotesV3 form.Lead wants to pay cashExisting inverter type: Fronius primo 3.5-1 (1)Required for: Lowest billsAmanda has verified this phone number\",\"importantNotesSplit\":\"This lead was submitted via the QuotesV3 form.:Lead wants to pay cash:Existing inverter type: Fronius primo 3.5-1 (1):Required for: Lowest bills:Amanda has verified this phone number\",\"requestedQuotes\":3,\"note\":\"\",\"evExistingSolarSize\":\"\",\"evExistingBattery\":\"No\",\"evInstallationType\":\"\",\"evDistanceChargerSwitchboard\":\"\",\"evCarMakeModel\":\"\",\"images\":{\"evChargerImages\":\"\",\"evSwitchboardImages\":\"\",\"evOtherImages\":\"\",\"hwhpLocationImages\":\"\",\"hwhpSwitchboardImages\":\"\",\"hwhpOtherImages\":\"\"},\"hwhpNumberOfResidents\":\"\",\"hwhpExistingSystem\":\"\",\"hwhpLocationAccessibility\":\"\",\"hwhpSwitchboardDistance\":\"\",\"leadStatus\":\"\",\"funnelVersion\":3,\"extraInfo\":\"Solar System Upgrade\",\"consolidatedNotes\":\"Important Notes: This lead was submitted via the QuotesV3 form.Lead wants to pay cashExisting inverter type: Fronius primo 3.5-1 (1)Required for: Lowest billsAmanda has verified this phone number\\n\\nFeatures: Battery System\\nIncrease size of existing solar system\\n\\nHave Battery: No\\n\\nRoof Type: Tile\\n\\nStoreys: 2\\n\\nAddress: 30 St Andrews Dr Heatherton, Heatherton, VIC, 3202\",\"mappedRoofType\":\"Tile (Concrete)\",\"_imported_at\":\"2026-03-11T01:00:00.686Z\"}',NULL,NULL,0,0,NULL,NULL,NULL,NULL,NULL,NULL),
(29,NULL,'new','LAURENCE WALSH','lmwalsh8@gmail.com','0404 098 591','Croydon Hills',NULL,NULL,NULL,NULL,NULL,NULL,NULL,NULL,NULL,NULL,NULL,0.00,'Solar Quotes',NULL,0,0,NULL,'2026-03-11 12:00:00',NULL,'2026-03-11 01:00:00',NULL,NULL,NULL,NULL,NULL,NULL,NULL,NULL,NULL,NULL,NULL,NULL,NULL,NULL,NULL,NULL,NULL,NULL,NULL,0,NULL,NULL,0,'1026990','{\"id\":1026990,\"idLeadSupplier\":2297776,\"name\":\"LAURENCE\",\"lastName\":\"WALSH\",\"phone\":\"0404 098 591\",\"email\":\"lmwalsh8@gmail.com\",\"supplierId\":14039,\"leadPrice\":50,\"claimed\":\"No\",\"size\":\"\",\"systemPriceType\":\"\",\"timeframe\":\"In the next 3 months\",\"quarterlyBill\":\"$500-$1000\",\"electricityBillPerMonth\":\"\",\"ownTheRoofSpace\":\"Yes\",\"typeOfRoof\":\"\",\"typeOfRoofOther\":\"\",\"minimumTenSquareMetersNorthFacing\":\"I\'m not sure - Please Help Me Out\",\"roofSlope\":\"\",\"shade\":\"\",\"direction\":\"Not Sure\",\"storeys\":1,\"features\":\"Battery System\",\"leadType\":\"Batteries\",\"submittedDate\":\"2026-03-07 12:15:08\",\"companyName\":\"\",\"address\":\"74 Bemboka Rd Croydon Hills\",\"latitude\":-37.7744051,\"longitude\":145.2579883,\"installationAddressLineOne\":\"74 Bemboka Rd\",\"installationAddressLineTwo\":\"\",\"installationSuburb\":\"Croydon Hills\",\"installationState\":\"VIC\",\"installationPostcode\":3136,\"installationCountry\":\"Australia\",\"mailingAddressLineOne\":\"\",\"mailingAddressLineTwo\":\"\",\"mailingSuburb\":\"\",\"mailingState\":\"\",\"mailingPostcode\":\"\",\"mailingCountry\":\"\",\"homeVisit\":\"No\",\"availableForConversation\":\"\",\"importantNotes\":\"Small to medium size battery Lead has consented to discussion of energy plans.This lead was submitted via the QuotesV3 form.Lead wants to pay cashExisting inverter type: Fronius Required for: Blackout Protection, charge from solar in blackout, almost instant changeover in a blackout & easily expandableLAURENCE has verified this phone number\",\"importantNotesSplit\":\"Small to medium size battery :Lead has consented to discussion of energy plans.:This lead was submitted via the QuotesV3 form.:Lead wants to pay cash:Existing inverter type: Fronius :Required for: Blackout Protection, charge from solar in blackout, almost instant changeover in a blackout & easily expandable:LAURENCE has verified this phone number\",\"requestedQuotes\":3,\"note\":\"\",\"evExistingSolarSize\":\"\",\"evExistingBattery\":\"\",\"evInstallationType\":\"\",\"evDistanceChargerSwitchboard\":\"\",\"evCarMakeModel\":\"\",\"images\":{\"evChargerImages\":\"\",\"evSwitchboardImages\":\"\",\"evOtherImages\":\"\",\"hwhpLocationImages\":\"\",\"hwhpSwitchboardImages\":\"\",\"hwhpOtherImages\":\"\"},\"hwhpNumberOfResidents\":\"\",\"hwhpExistingSystem\":\"\",\"hwhpLocationAccessibility\":\"\",\"hwhpSwitchboardDistance\":\"\",\"leadStatus\":\"\",\"funnelVersion\":3,\"extraInfo\":\"\",\"consolidatedNotes\":\"Important Notes: Small to medium size battery Lead has consented to discussion of energy plans.This lead was submitted via the QuotesV3 form.Lead wants to pay cashExisting inverter type: Fronius Required for: Blackout Protection, charge from solar in blackout, almost instant changeover in a blackout & easily expandableLAURENCE has verified this phone number\\n\\nFeatures: Battery System\\n\\nRoof Type: Yes\\n\\nStoreys: 1\\n\\nAddress: 74 Bemboka Rd Croydon Hills, Croydon Hills, VIC, 3136\",\"mappedRoofType\":\"Other\",\"_imported_at\":\"2026-03-11T01:00:00.689Z\"}',NULL,NULL,0,0,NULL,NULL,NULL,NULL,NULL,NULL),
(30,NULL,'new','Hamid Rezatofighi','hamid.rt63@gmail.com','0404 518 200','Rowville',NULL,NULL,NULL,NULL,NULL,NULL,NULL,NULL,NULL,NULL,NULL,0.00,'Solar Quotes',NULL,0,0,NULL,'2026-03-11 12:00:00',NULL,'2026-03-11 01:00:00',NULL,NULL,NULL,NULL,NULL,NULL,NULL,NULL,NULL,NULL,NULL,NULL,NULL,NULL,NULL,NULL,NULL,NULL,NULL,0,NULL,NULL,0,'1026978','{\"id\":1026978,\"idLeadSupplier\":2297756,\"name\":\"Hamid\",\"lastName\":\"Rezatofighi\",\"phone\":\"0404 518 200\",\"email\":\"hamid.rt63@gmail.com\",\"supplierId\":14039,\"leadPrice\":60,\"claimed\":\"No\",\"size\":\"Fill my roof with solar panels\",\"systemPriceType\":\"A good mix of quality and price\",\"timeframe\":\"In the next 4 weeks\",\"quarterlyBill\":\"Less than $500\",\"electricityBillPerMonth\":\"\",\"ownTheRoofSpace\":\"Yes\",\"typeOfRoof\":\"Tile\",\"typeOfRoofOther\":\"\",\"minimumTenSquareMetersNorthFacing\":\"I\'m not sure - Please Help Me Out\",\"roofSlope\":\"\",\"shade\":\"\",\"direction\":\"Not Sure\",\"storeys\":3,\"features\":\"On Grid Solar\\nBattery System\",\"leadType\":\"On Grid Solar + Batteries\",\"submittedDate\":\"2026-03-07 11:45:17\",\"companyName\":\"\",\"address\":\"31 Reservoir Cres Rowville\",\"latitude\":-37.9430964,\"longitude\":145.2500245,\"installationAddressLineOne\":\"31 Reservoir Cres\",\"installationAddressLineTwo\":\"\",\"installationSuburb\":\"Rowville\",\"installationState\":\"VIC\",\"installationPostcode\":3178,\"installationCountry\":\"Australia\",\"mailingAddressLineOne\":\"\",\"mailingAddressLineTwo\":\"\",\"mailingSuburb\":\"\",\"mailingState\":\"\",\"mailingPostcode\":\"\",\"mailingCountry\":\"\",\"homeVisit\":\"Yes\",\"availableForConversation\":\"\",\"importantNotes\":\"Lead has consented to discussion of energy plans.This lead was submitted via the QuotesV3 form.This customer has indicated that they do not want the VIC rebate.Lead wants to pay cashRequired for: Lowest bills & almost instant changeover in a blackoutThis is an ORIGIN lead.Hamid has verified this phone number\",\"importantNotesSplit\":\"Lead has consented to discussion of energy plans.:This lead was submitted via the QuotesV3 form.:This customer has indicated that they do not want the VIC rebate.:Lead wants to pay cash:Required for: Lowest bills & almost instant changeover in a blackout:This is an ORIGIN lead.:Hamid has verified this phone number\",\"requestedQuotes\":2,\"note\":\"\",\"evExistingSolarSize\":\"\",\"evExistingBattery\":\"No\",\"evInstallationType\":\"\",\"evDistanceChargerSwitchboard\":\"\",\"evCarMakeModel\":\"\",\"images\":{\"evChargerImages\":\"\",\"evSwitchboardImages\":\"\",\"evOtherImages\":\"\",\"hwhpLocationImages\":\"\",\"hwhpSwitchboardImages\":\"\",\"hwhpOtherImages\":\"\"},\"hwhpNumberOfResidents\":\"\",\"hwhpExistingSystem\":\"\",\"hwhpLocationAccessibility\":\"\",\"hwhpSwitchboardDistance\":\"\",\"leadStatus\":\"appointment_booked\",\"funnelVersion\":3,\"extraInfo\":\"\",\"consolidatedNotes\":\"Important Notes: Lead has consented to discussion of energy plans.This lead was submitted via the QuotesV3 form.This customer has indicated that they do not want the VIC rebate.Lead wants to pay cashRequired for: Lowest bills & almost instant changeover in a blackoutThis is an ORIGIN lead.Hamid has verified this phone number\\n\\nFeatures: On Grid Solar\\nBattery System\\n\\nHave Battery: No\\n\\nRoof Type: Tile\\n\\nStoreys: 3\\n\\nAddress: 31 Reservoir Cres Rowville, Rowville, VIC, 3178\",\"mappedRoofType\":\"Tile (Concrete)\",\"_imported_at\":\"2026-03-11T01:00:00.692Z\"}',NULL,NULL,0,0,NULL,NULL,NULL,NULL,NULL,NULL),
(31,NULL,'new','John Forshaw','lj_forshaw@hotmail.com','0438 103 929','Langwarrin',NULL,NULL,NULL,NULL,NULL,NULL,NULL,NULL,NULL,NULL,NULL,0.00,'Solar Quotes',NULL,0,0,NULL,'2026-03-11 12:00:00',NULL,'2026-03-11 01:00:00',NULL,NULL,NULL,NULL,NULL,NULL,NULL,NULL,NULL,NULL,NULL,NULL,NULL,NULL,NULL,NULL,NULL,NULL,NULL,0,NULL,NULL,0,'1026935','{\"id\":1026935,\"idLeadSupplier\":2297699,\"name\":\"John\",\"lastName\":\"Forshaw\",\"phone\":\"0438 103 929\",\"email\":\"lj_forshaw@hotmail.com\",\"supplierId\":14039,\"leadPrice\":50,\"claimed\":\"No\",\"size\":\"\",\"systemPriceType\":\"\",\"timeframe\":\"Immediately\",\"quarterlyBill\":\"Less than $500\",\"electricityBillPerMonth\":\"\",\"ownTheRoofSpace\":\"Yes\",\"typeOfRoof\":\"\",\"typeOfRoofOther\":\"\",\"minimumTenSquareMetersNorthFacing\":\"I\'m not sure - Please Help Me Out\",\"roofSlope\":\"\",\"shade\":\"\",\"direction\":\"Not Sure\",\"storeys\":1,\"features\":\"Battery System\",\"leadType\":\"Batteries\",\"submittedDate\":\"2026-03-07 10:35:08\",\"companyName\":\"\",\"address\":\"44 Lyppards Rd Langwarrin\",\"latitude\":-38.1320792,\"longitude\":145.2225177,\"installationAddressLineOne\":\"44 Lyppards Rd\",\"installationAddressLineTwo\":\"\",\"installationSuburb\":\"Langwarrin\",\"installationState\":\"VIC\",\"installationPostcode\":3910,\"installationCountry\":\"Australia\",\"mailingAddressLineOne\":\"\",\"mailingAddressLineTwo\":\"\",\"mailingSuburb\":\"\",\"mailingState\":\"\",\"mailingPostcode\":\"\",\"mailingCountry\":\"\",\"homeVisit\":\"Yes\",\"availableForConversation\":\"\",\"importantNotes\":\"Home back upSingle battery stack Possible to add more panels in the futureAble to handle 15kwh max draw This lead was submitted via the QuotesV3 form.Lead wants to pay cashExisting inverter type: GoodweRequired for: Quickest payback time, charge from solar in blackout & almost instant changeover in a blackoutJohn has verified this phone number\",\"importantNotesSplit\":\"Home back up::Single battery stack ::Possible to add more panels in the future::Able to handle 15kwh max draw :This lead was submitted via the QuotesV3 form.:Lead wants to pay cash:Existing inverter type: Goodwe:Required for: Quickest payback time, charge from solar in blackout & almost instant changeover in a blackout:John has verified this phone number\",\"requestedQuotes\":3,\"note\":\"\",\"evExistingSolarSize\":\"\",\"evExistingBattery\":\"\",\"evInstallationType\":\"\",\"evDistanceChargerSwitchboard\":\"\",\"evCarMakeModel\":\"\",\"images\":{\"evChargerImages\":\"\",\"evSwitchboardImages\":\"\",\"evOtherImages\":\"\",\"hwhpLocationImages\":\"\",\"hwhpSwitchboardImages\":\"\",\"hwhpOtherImages\":\"\"},\"hwhpNumberOfResidents\":\"\",\"hwhpExistingSystem\":\"\",\"hwhpLocationAccessibility\":\"\",\"hwhpSwitchboardDistance\":\"\",\"leadStatus\":\"\",\"funnelVersion\":3,\"extraInfo\":\"\",\"consolidatedNotes\":\"Important Notes: Home back upSingle battery stack Possible to add more panels in the futureAble to handle 15kwh max draw This lead was submitted via the QuotesV3 form.Lead wants to pay cashExisting inverter type: GoodweRequired for: Quickest payback time, charge from solar in blackout & almost instant changeover in a blackoutJohn has verified this phone number\\n\\nFeatures: Battery System\\n\\nRoof Type: Yes\\n\\nStoreys: 1\\n\\nAddress: 44 Lyppards Rd Langwarrin, Langwarrin, VIC, 3910\",\"mappedRoofType\":\"Other\",\"_imported_at\":\"2026-03-11T01:00:00.696Z\"}',NULL,NULL,0,0,NULL,NULL,NULL,NULL,NULL,NULL),
(32,NULL,'new','Faye Phillips','fmp1257@gmail.com','0429 964 075','Junction Village',NULL,NULL,NULL,NULL,NULL,NULL,NULL,NULL,NULL,NULL,NULL,0.00,'Solar Quotes',NULL,0,0,NULL,'2026-03-11 12:00:00',NULL,'2026-03-11 01:00:00',NULL,NULL,NULL,NULL,NULL,NULL,NULL,NULL,NULL,NULL,NULL,NULL,NULL,NULL,NULL,NULL,NULL,NULL,NULL,0,NULL,NULL,0,'1026696','{\"id\":1026696,\"idLeadSupplier\":2297270,\"name\":\"Faye\",\"lastName\":\"Phillips\",\"phone\":\"0429 964 075\",\"email\":\"fmp1257@gmail.com\",\"supplierId\":14039,\"leadPrice\":55,\"claimed\":\"No\",\"size\":\"Not Sure. Please help me decide\",\"systemPriceType\":\"\",\"timeframe\":\"In the next 3 months\",\"quarterlyBill\":\"Don\'t know\",\"electricityBillPerMonth\":\"\",\"ownTheRoofSpace\":\"Yes\",\"typeOfRoof\":\"Tile\",\"typeOfRoofOther\":\"\",\"minimumTenSquareMetersNorthFacing\":\"I\'m not sure - Please Help Me Out\",\"roofSlope\":\"\",\"shade\":\"\",\"direction\":\"Not Sure\",\"storeys\":3,\"features\":\"Increase size of existing solar system\",\"leadType\":\"On Grid Solar\",\"submittedDate\":\"2026-03-06 15:05:58\",\"companyName\":\"\",\"address\":\"7 Sherwood Rd Junction Village\",\"latitude\":-38.1366266,\"longitude\":145.2933876,\"installationAddressLineOne\":\"7 Sherwood Rd\",\"installationAddressLineTwo\":\"\",\"installationSuburb\":\"Junction Village\",\"installationState\":\"VIC\",\"installationPostcode\":3977,\"installationCountry\":\"Australia\",\"mailingAddressLineOne\":\"\",\"mailingAddressLineTwo\":\"\",\"mailingSuburb\":\"\",\"mailingState\":\"\",\"mailingPostcode\":\"\",\"mailingCountry\":\"\",\"homeVisit\":\"Yes\",\"availableForConversation\":\"\",\"importantNotes\":\"This lead was submitted via the QuotesV3 form.Lead wants to pay cashFaye has verified this phone number\",\"importantNotesSplit\":\"This lead was submitted via the QuotesV3 form.:Lead wants to pay cash:Faye has verified this phone number\",\"requestedQuotes\":2,\"note\":\"Friday 2 in the afternoon.\",\"evExistingSolarSize\":\"\",\"evExistingBattery\":\"Yes\",\"evInstallationType\":\"\",\"evDistanceChargerSwitchboard\":\"\",\"evCarMakeModel\":\"\",\"images\":{\"evChargerImages\":\"\",\"evSwitchboardImages\":\"\",\"evOtherImages\":\"\",\"hwhpLocationImages\":\"\",\"hwhpSwitchboardImages\":\"\",\"hwhpOtherImages\":\"\"},\"hwhpNumberOfResidents\":\"\",\"hwhpExistingSystem\":\"\",\"hwhpLocationAccessibility\":\"\",\"hwhpSwitchboardDistance\":\"\",\"leadStatus\":\"appointment_booked\",\"funnelVersion\":3,\"extraInfo\":\"Solar System Upgrade\",\"consolidatedNotes\":\"Important Notes: This lead was submitted via the QuotesV3 form.Lead wants to pay cashFaye has verified this phone number\\n\\nFeatures: Increase size of existing solar system\\n\\nHave Battery: Yes\\n\\nRoof Type: Tile\\n\\nStoreys: 3\\n\\nAddress: 7 Sherwood Rd Junction Village, Junction Village, VIC, 3977\",\"mappedRoofType\":\"Tile (Concrete)\",\"_imported_at\":\"2026-03-11T01:00:00.702Z\"}',NULL,NULL,0,0,NULL,NULL,NULL,NULL,NULL,NULL),
(33,NULL,'new','Matthew Spears','matthew@spearsconstructions.com','0417 889 008','Belgrave South',NULL,NULL,NULL,NULL,NULL,NULL,NULL,NULL,NULL,NULL,NULL,0.00,'Solar Quotes',NULL,0,0,NULL,'2026-03-11 12:00:00',NULL,'2026-03-11 01:00:00',NULL,NULL,NULL,NULL,NULL,NULL,NULL,NULL,NULL,NULL,NULL,NULL,NULL,NULL,NULL,NULL,NULL,NULL,NULL,0,NULL,NULL,0,'1026692','{\"id\":1026692,\"idLeadSupplier\":2297260,\"name\":\"Matthew\",\"lastName\":\"Spears\",\"phone\":\"0417 889 008\",\"email\":\"matthew@spearsconstructions.com\",\"supplierId\":14039,\"leadPrice\":50,\"claimed\":\"No\",\"size\":\"\",\"systemPriceType\":\"\",\"timeframe\":\"In the next 3 months\",\"quarterlyBill\":\"$1000-$2000\",\"electricityBillPerMonth\":\"\",\"ownTheRoofSpace\":\"Yes\",\"typeOfRoof\":\"\",\"typeOfRoofOther\":\"\",\"minimumTenSquareMetersNorthFacing\":\"I\'m not sure - Please Help Me Out\",\"roofSlope\":\"\",\"shade\":\"\",\"direction\":\"Not Sure\",\"storeys\":1,\"features\":\"Battery System\",\"leadType\":\"Batteries\",\"submittedDate\":\"2026-03-06 15:05:31\",\"companyName\":\"\",\"address\":\"95 Blumm Rd Belgrave South\",\"latitude\":-37.9417008,\"longitude\":145.3753348,\"installationAddressLineOne\":\"95 Blumm Rd\",\"installationAddressLineTwo\":\"\",\"installationSuburb\":\"Belgrave South\",\"installationState\":\"VIC\",\"installationPostcode\":3160,\"installationCountry\":\"Australia\",\"mailingAddressLineOne\":\"\",\"mailingAddressLineTwo\":\"\",\"mailingSuburb\":\"\",\"mailingState\":\"\",\"mailingPostcode\":\"\",\"mailingCountry\":\"\",\"homeVisit\":\"Zoom call\",\"availableForConversation\":\"\",\"importantNotes\":\"This lead was submitted via the QuotesV3 form.Lead wants to pay cashExisting inverter type: l have X2 Fronius Primo 5.5 units So that means l have X2 MPPTRequired for: Blackout Protection, charge from solar in blackout & easily expandableMatthew has verified this phone number\",\"importantNotesSplit\":\"This lead was submitted via the QuotesV3 form.:Lead wants to pay cash:Existing inverter type: l have X2 Fronius Primo 5.5 units ::So that means l have X2 MPPT:::Required for: Blackout Protection, charge from solar in blackout & easily expandable:Matthew has verified this phone number\",\"requestedQuotes\":3,\"note\":\"\",\"evExistingSolarSize\":\"\",\"evExistingBattery\":\"\",\"evInstallationType\":\"\",\"evDistanceChargerSwitchboard\":\"\",\"evCarMakeModel\":\"\",\"images\":{\"evChargerImages\":\"\",\"evSwitchboardImages\":\"\",\"evOtherImages\":\"\",\"hwhpLocationImages\":\"\",\"hwhpSwitchboardImages\":\"\",\"hwhpOtherImages\":\"\"},\"hwhpNumberOfResidents\":\"\",\"hwhpExistingSystem\":\"\",\"hwhpLocationAccessibility\":\"\",\"hwhpSwitchboardDistance\":\"\",\"leadStatus\":\"appointment_booked\",\"funnelVersion\":3,\"extraInfo\":\"\",\"consolidatedNotes\":\"Important Notes: This lead was submitted via the QuotesV3 form.Lead wants to pay cashExisting inverter type: l have X2 Fronius Primo 5.5 units So that means l have X2 MPPTRequired for: Blackout Protection, charge from solar in blackout & easily expandableMatthew has verified this phone number\\n\\nFeatures: Battery System\\n\\nRoof Type: Yes\\n\\nStoreys: 1\\n\\nAddress: 95 Blumm Rd Belgrave South, Belgrave South, VIC, 3160\",\"mappedRoofType\":\"Other\",\"_imported_at\":\"2026-03-11T01:00:00.705Z\"}',NULL,NULL,0,0,NULL,NULL,NULL,NULL,NULL,NULL),
(34,NULL,'new','Shourya Ghosh','ghosh.shourjyo@gmail.com','0404 689 098','Narre Warren',5.00,NULL,NULL,NULL,NULL,NULL,NULL,NULL,NULL,NULL,NULL,0.00,'Solar Quotes',NULL,0,0,NULL,'2026-03-11 12:00:00',NULL,'2026-03-11 01:00:00',NULL,NULL,NULL,NULL,NULL,NULL,NULL,NULL,NULL,NULL,NULL,NULL,NULL,NULL,NULL,NULL,NULL,NULL,NULL,0,NULL,NULL,0,'1026567','{\"id\":1026567,\"idLeadSupplier\":2297001,\"name\":\"Shourya\",\"lastName\":\"Ghosh\",\"phone\":\"0404 689 098\",\"email\":\"ghosh.shourjyo@gmail.com\",\"supplierId\":14039,\"leadPrice\":60,\"claimed\":\"No\",\"size\":\"5 to 10 kW\",\"systemPriceType\":\"A good budget system\",\"timeframe\":\"In the next 4 weeks\",\"quarterlyBill\":\"Less than $500\",\"electricityBillPerMonth\":\"\",\"ownTheRoofSpace\":\"Yes\",\"typeOfRoof\":\"Tile\",\"typeOfRoofOther\":\"\",\"minimumTenSquareMetersNorthFacing\":\"I\'m not sure - Please Help Me Out\",\"roofSlope\":\"\",\"shade\":\"\",\"direction\":\"Not Sure\",\"storeys\":1,\"features\":\"On Grid Solar\\nBattery System\",\"leadType\":\"On Grid Solar + Batteries\",\"submittedDate\":\"2026-03-06 11:25:28\",\"companyName\":\"\",\"address\":\"7-9 Denise Ct Narre Warren\",\"latitude\":-38.0081524,\"longitude\":145.3108267,\"installationAddressLineOne\":\"7-9 Denise Ct\",\"installationAddressLineTwo\":\"\",\"installationSuburb\":\"Narre Warren\",\"installationState\":\"VIC\",\"installationPostcode\":3805,\"installationCountry\":\"Australia\",\"mailingAddressLineOne\":\"\",\"mailingAddressLineTwo\":\"\",\"mailingSuburb\":\"\",\"mailingState\":\"\",\"mailingPostcode\":\"\",\"mailingCountry\":\"\",\"homeVisit\":\"No\",\"availableForConversation\":\"\",\"importantNotes\":\"This lead was submitted via the QuotesV3 form.This customer has indicated that they would like to receive the VIC rebate.Lead wants to pay cashRequired for: Quickest payback time & easily expandableShourya has verified this phone number\",\"importantNotesSplit\":\"This lead was submitted via the QuotesV3 form.:This customer has indicated that they would like to receive the VIC rebate.:Lead wants to pay cash:Required for: Quickest payback time & easily expandable:Shourya has verified this phone number\",\"requestedQuotes\":3,\"note\":\"needs a site inspection on monday, after 12 so need to plan accordingly&#13;\",\"evExistingSolarSize\":\"\",\"evExistingBattery\":\"No\",\"evInstallationType\":\"\",\"evDistanceChargerSwitchboard\":\"\",\"evCarMakeModel\":\"\",\"images\":{\"evChargerImages\":\"\",\"evSwitchboardImages\":\"\",\"evOtherImages\":\"\",\"hwhpLocationImages\":\"\",\"hwhpSwitchboardImages\":\"\",\"hwhpOtherImages\":\"\"},\"hwhpNumberOfResidents\":\"\",\"hwhpExistingSystem\":\"\",\"hwhpLocationAccessibility\":\"\",\"hwhpSwitchboardDistance\":\"\",\"leadStatus\":\"appointment_booked\",\"funnelVersion\":3,\"extraInfo\":\"\",\"consolidatedNotes\":\"Important Notes: This lead was submitted via the QuotesV3 form.This customer has indicated that they would like to receive the VIC rebate.Lead wants to pay cashRequired for: Quickest payback time & easily expandableShourya has verified this phone number\\n\\nFeatures: On Grid Solar\\nBattery System\\n\\nHave Battery: No\\n\\nRoof Type: Tile\\n\\nStoreys: 1\\n\\nAddress: 7-9 Denise Ct Narre Warren, Narre Warren, VIC, 3805\",\"mappedRoofType\":\"Tile (Concrete)\",\"_imported_at\":\"2026-03-11T01:00:00.707Z\"}',NULL,NULL,0,0,NULL,NULL,NULL,NULL,NULL,NULL),
(35,NULL,'new','Too Choong','toochoong@hotmail.com','0407 685 070','Lysterfield South',NULL,NULL,NULL,NULL,NULL,NULL,NULL,NULL,NULL,NULL,NULL,0.00,'Solar Quotes',NULL,0,0,NULL,'2026-03-11 12:00:00',NULL,'2026-03-11 01:00:00',NULL,NULL,NULL,NULL,NULL,NULL,NULL,NULL,NULL,NULL,NULL,NULL,NULL,NULL,NULL,NULL,NULL,NULL,NULL,0,NULL,NULL,0,'1026509','{\"id\":1026509,\"idLeadSupplier\":2296888,\"name\":\"Too\",\"lastName\":\"Choong\",\"phone\":\"0407 685 070\",\"email\":\"toochoong@hotmail.com\",\"supplierId\":14039,\"leadPrice\":60,\"claimed\":\"No\",\"size\":\"Not Sure. Please help me decide\",\"systemPriceType\":\"\",\"timeframe\":\"Immediately\",\"quarterlyBill\":\"$1000-$2000\",\"electricityBillPerMonth\":\"\",\"ownTheRoofSpace\":\"Yes\",\"typeOfRoof\":\"Tile\",\"typeOfRoofOther\":\"\",\"minimumTenSquareMetersNorthFacing\":\"I\'m not sure - Please Help Me Out\",\"roofSlope\":\"\",\"shade\":\"\",\"direction\":\"Not Sure\",\"storeys\":3,\"features\":\"Adding Batteries\\nIncrease size of existing solar system\",\"leadType\":\"On Grid Solar + Batteries\",\"submittedDate\":\"2026-03-06 09:35:14\",\"companyName\":\"\",\"address\":\"12 Forrest Hill Grove Lysterfield South\",\"latitude\":-37.9542008,\"longitude\":145.2732978,\"installationAddressLineOne\":\"12 Forrest Hill Grove\",\"installationAddressLineTwo\":\"\",\"installationSuburb\":\"Lysterfield South\",\"installationState\":\"VIC\",\"installationPostcode\":3156,\"installationCountry\":\"Australia\",\"mailingAddressLineOne\":\"\",\"mailingAddressLineTwo\":\"\",\"mailingSuburb\":\"\",\"mailingState\":\"\",\"mailingPostcode\":\"\",\"mailingCountry\":\"\",\"homeVisit\":\"Yes\",\"availableForConversation\":\"\",\"importantNotes\":\"This lead was submitted via the QuotesV3 form.Lead wants to pay cashCustomer wants a battery upgradeAmount of storage required: I don\'t knowExisting battery type: UnknownExisting inverter type: SMARequired for: Lowest bills, charge from solar in blackout & almost instant changeover in a blackoutToo has verified this phone number\",\"importantNotesSplit\":\"This lead was submitted via the QuotesV3 form.:Lead wants to pay cash:Customer wants a battery upgrade:Amount of storage required: I don\'t know:Existing battery type: Unknown:Existing inverter type: SMA:Required for: Lowest bills, charge from solar in blackout & almost instant changeover in a blackout:Too has verified this phone number\",\"requestedQuotes\":3,\"note\":\"monday, Needs in the morning\",\"evExistingSolarSize\":\"\",\"evExistingBattery\":\"\",\"evInstallationType\":\"\",\"evDistanceChargerSwitchboard\":\"\",\"evCarMakeModel\":\"\",\"images\":{\"evChargerImages\":\"\",\"evSwitchboardImages\":\"\",\"evOtherImages\":\"\",\"hwhpLocationImages\":\"\",\"hwhpSwitchboardImages\":\"\",\"hwhpOtherImages\":\"\"},\"hwhpNumberOfResidents\":\"\",\"hwhpExistingSystem\":\"\",\"hwhpLocationAccessibility\":\"\",\"hwhpSwitchboardDistance\":\"\",\"leadStatus\":\"appointment_booked\",\"funnelVersion\":3,\"extraInfo\":[\"Solar System Upgrade\",\"Battery System Upgrade\"],\"consolidatedNotes\":\"Important Notes: This lead was submitted via the QuotesV3 form.Lead wants to pay cashCustomer wants a battery upgradeAmount of storage required: I don\'t knowExisting battery type: UnknownExisting inverter type: SMARequired for: Lowest bills, charge from solar in blackout & almost instant changeover in a blackoutToo has verified this phone number\\n\\nFeatures: Adding Batteries\\nIncrease size of existing solar system\\n\\nRoof Type: Tile\\n\\nStoreys: 3\\n\\nAddress: 12 Forrest Hill Grove Lysterfield South, Lysterfield South, VIC, 3156\",\"mappedRoofType\":\"Tile (Concrete)\",\"_imported_at\":\"2026-03-11T01:00:00.709Z\"}',NULL,NULL,0,0,NULL,NULL,NULL,NULL,NULL,NULL),
(36,NULL,'new','Anthony Wong','anthonyandtammy1229@gmail.com','0420 428 886','Doncaster East',NULL,NULL,NULL,NULL,NULL,NULL,NULL,NULL,NULL,NULL,NULL,0.00,'Solar Quotes',NULL,0,0,NULL,'2026-03-11 12:00:00',NULL,'2026-03-11 01:00:00',NULL,NULL,NULL,NULL,NULL,NULL,NULL,NULL,NULL,NULL,NULL,NULL,NULL,NULL,NULL,NULL,NULL,NULL,NULL,0,NULL,NULL,0,'1026431','{\"id\":1026431,\"idLeadSupplier\":2296758,\"name\":\"Anthony\",\"lastName\":\"Wong\",\"phone\":\"0420 428 886\",\"email\":\"anthonyandtammy1229@gmail.com\",\"supplierId\":14039,\"leadPrice\":50,\"claimed\":\"No\",\"size\":\"Not Sure. Please help me decide\",\"systemPriceType\":\"\",\"timeframe\":\"In the next 4 weeks\",\"quarterlyBill\":\"Less than $500\",\"electricityBillPerMonth\":\"\",\"ownTheRoofSpace\":\"Yes\",\"typeOfRoof\":\"Other\",\"typeOfRoofOther\":\"Other\",\"minimumTenSquareMetersNorthFacing\":\"I\'m not sure - Please Help Me Out\",\"roofSlope\":\"\",\"shade\":\"\",\"direction\":\"Not Sure\",\"storeys\":\"\",\"features\":\"Adding Batteries\",\"leadType\":\"Batteries\",\"submittedDate\":\"2026-03-06 01:36:01\",\"companyName\":\"\",\"address\":\"9 Rosamond Cres Doncaster East\",\"latitude\":-37.7864458,\"longitude\":145.1639926,\"installationAddressLineOne\":\"9 Rosamond Cres\",\"installationAddressLineTwo\":\"\",\"installationSuburb\":\"Doncaster East\",\"installationState\":\"VIC\",\"installationPostcode\":3109,\"installationCountry\":\"Australia\",\"mailingAddressLineOne\":\"\",\"mailingAddressLineTwo\":\"\",\"mailingSuburb\":\"\",\"mailingState\":\"\",\"mailingPostcode\":\"\",\"mailingCountry\":\"\",\"homeVisit\":\"Yes\",\"availableForConversation\":\"\",\"importantNotes\":\"This lead was submitted via the QuotesV3 form.Lead wants to pay cashCustomer wants a battery upgradeAmount of storage required: I don\'t knowExisting battery type: UnknownExisting inverter type: sofar solarRequired for: Lowest bills & charge from solar in blackoutAnthony  has verified this phone number\",\"importantNotesSplit\":\"This lead was submitted via the QuotesV3 form.:Lead wants to pay cash:Customer wants a battery upgrade:Amount of storage required: I don\'t know:Existing battery type: Unknown:Existing inverter type: sofar solar:Required for: Lowest bills & charge from solar in blackout:Anthony  has verified this phone number\",\"requestedQuotes\":2,\"note\":\"\",\"evExistingSolarSize\":\"\",\"evExistingBattery\":\"\",\"evInstallationType\":\"\",\"evDistanceChargerSwitchboard\":\"\",\"evCarMakeModel\":\"\",\"images\":{\"evChargerImages\":\"\",\"evSwitchboardImages\":\"\",\"evOtherImages\":\"\",\"hwhpLocationImages\":\"\",\"hwhpSwitchboardImages\":\"\",\"hwhpOtherImages\":\"\"},\"hwhpNumberOfResidents\":\"\",\"hwhpExistingSystem\":\"\",\"hwhpLocationAccessibility\":\"\",\"hwhpSwitchboardDistance\":\"\",\"leadStatus\":\"\",\"funnelVersion\":3,\"extraInfo\":\"Battery System Upgrade\",\"consolidatedNotes\":\"Important Notes: This lead was submitted via the QuotesV3 form.Lead wants to pay cashCustomer wants a battery upgradeAmount of storage required: I don\'t knowExisting battery type: UnknownExisting inverter type: sofar solarRequired for: Lowest bills & charge from solar in blackoutAnthony  has verified this phone number\\n\\nFeatures: Adding Batteries\\n\\nRoof Type: Other\\n\\nAddress: 9 Rosamond Cres Doncaster East, Doncaster East, VIC, 3109\",\"mappedRoofType\":\"Other\",\"_imported_at\":\"2026-03-11T01:00:00.713Z\"}',NULL,NULL,0,0,NULL,NULL,NULL,NULL,NULL,NULL),
(37,NULL,'new','Nenad Knezevic','gimmealatte@hotmail.com','0403 216 706','Mooroolbark',NULL,NULL,NULL,NULL,NULL,NULL,NULL,NULL,NULL,NULL,NULL,0.00,'Solar Quotes',NULL,0,0,NULL,'2026-03-11 12:00:00',NULL,'2026-03-11 01:00:00',NULL,NULL,NULL,NULL,NULL,NULL,NULL,NULL,NULL,NULL,NULL,NULL,NULL,NULL,NULL,NULL,NULL,NULL,NULL,0,NULL,NULL,0,'1026390','{\"id\":1026390,\"idLeadSupplier\":2296750,\"name\":\"Nenad\",\"lastName\":\"Knezevic\",\"phone\":\"0403 216 706\",\"email\":\"gimmealatte@hotmail.com\",\"supplierId\":14039,\"leadPrice\":60,\"claimed\":\"No\",\"size\":\"Fill my roof with solar panels\",\"systemPriceType\":\"A good mix of quality and price\",\"timeframe\":\"In the next 3 months\",\"quarterlyBill\":\"$500-$1000\",\"electricityBillPerMonth\":\"\",\"ownTheRoofSpace\":\"Yes\",\"typeOfRoof\":\"Terracotta\",\"typeOfRoofOther\":\"\",\"minimumTenSquareMetersNorthFacing\":\"I\'m not sure - Please Help Me Out\",\"roofSlope\":\"\",\"shade\":\"\",\"direction\":\"Not Sure\",\"storeys\":1,\"features\":\"On Grid Solar\\nBattery System\",\"leadType\":\"On Grid Solar + Batteries\",\"submittedDate\":\"2026-03-06 01:35:39\",\"companyName\":\"\",\"address\":\"15 Greenbank Dr Mooroolbark\",\"latitude\":-37.7617506,\"longitude\":145.3203574,\"installationAddressLineOne\":\"15 Greenbank Dr\",\"installationAddressLineTwo\":\"\",\"installationSuburb\":\"Mooroolbark\",\"installationState\":\"VIC\",\"installationPostcode\":3138,\"installationCountry\":\"Australia\",\"mailingAddressLineOne\":\"\",\"mailingAddressLineTwo\":\"\",\"mailingSuburb\":\"\",\"mailingState\":\"\",\"mailingPostcode\":\"\",\"mailingCountry\":\"\",\"homeVisit\":\"Yes\",\"availableForConversation\":\"\",\"importantNotes\":\"There is an old sunny boy inverter from the old solar installation that will require removal. Panels have been removed and disposed of. This lead was submitted via the QuotesV3 form.This customer has indicated that they would like to receive the VIC rebate.Lead wants to pay cashRequired for: Lowest bills & easily expandableThis is a CHOICE lead. Choice currently recommend JA, Tindo, Trina, Jinko & Winaico (panels that achieve 80% or more \'CHOICE Expert rating\').Nenad has verified this phone number\",\"importantNotesSplit\":\"There is an old sunny boy inverter from the old solar installation that will require removal. Panels have been removed and disposed of. :This lead was submitted via the QuotesV3 form.:This customer has indicated that they would like to receive the VIC rebate.:Lead wants to pay cash:Required for: Lowest bills & easily expandable:This is a CHOICE lead. Choice currently recommend JA, Tindo, Trina, Jinko & Winaico (panels that achieve 80% or more \'CHOICE Expert rating\').:Nenad has verified this phone number\",\"requestedQuotes\":3,\"note\":\"\",\"evExistingSolarSize\":\"\",\"evExistingBattery\":\"No\",\"evInstallationType\":\"\",\"evDistanceChargerSwitchboard\":\"\",\"evCarMakeModel\":\"\",\"images\":{\"evChargerImages\":\"\",\"evSwitchboardImages\":\"\",\"evOtherImages\":\"\",\"hwhpLocationImages\":\"\",\"hwhpSwitchboardImages\":\"\",\"hwhpOtherImages\":\"\"},\"hwhpNumberOfResidents\":\"\",\"hwhpExistingSystem\":\"\",\"hwhpLocationAccessibility\":\"\",\"hwhpSwitchboardDistance\":\"\",\"leadStatus\":\"appointment_booked\",\"funnelVersion\":3,\"extraInfo\":\"\",\"consolidatedNotes\":\"Important Notes: There is an old sunny boy inverter from the old solar installation that will require removal. Panels have been removed and disposed of. This lead was submitted via the QuotesV3 form.This customer has indicated that they would like to receive the VIC rebate.Lead wants to pay cashRequired for: Lowest bills & easily expandableThis is a CHOICE lead. Choice currently recommend JA, Tindo, Trina, Jinko & Winaico (panels that achieve 80% or more \'CHOICE Expert rating\').Nenad has verified this phone number\\n\\nFeatures: On Grid Solar\\nBattery System\\n\\nHave Battery: No\\n\\nRoof Type: Terracotta\\n\\nStoreys: 1\\n\\nAddress: 15 Greenbank Dr Mooroolbark, Mooroolbark, VIC, 3138\",\"mappedRoofType\":\"Other\",\"_imported_at\":\"2026-03-11T01:00:00.716Z\"}',NULL,NULL,0,0,NULL,NULL,NULL,NULL,NULL,NULL),
(38,NULL,'new','Mich Eeves','wecanpluck@duck.com','0430 108 325','Ferntree Gully',NULL,NULL,NULL,NULL,NULL,NULL,NULL,NULL,NULL,NULL,NULL,0.00,'Solar Quotes',NULL,0,0,NULL,'2026-03-11 12:00:00',NULL,'2026-03-11 01:00:00',NULL,NULL,NULL,NULL,NULL,NULL,NULL,NULL,NULL,NULL,NULL,NULL,NULL,NULL,NULL,NULL,NULL,NULL,NULL,0,NULL,NULL,0,'1026269','{\"id\":1026269,\"idLeadSupplier\":2296701,\"name\":\"Mich\",\"lastName\":\"Eeves\",\"phone\":\"0430 108 325\",\"email\":\"wecanpluck@duck.com\",\"supplierId\":14039,\"leadPrice\":50,\"claimed\":\"No\",\"size\":\"\",\"systemPriceType\":\"\",\"timeframe\":\"In the next 4 weeks\",\"quarterlyBill\":\"$500-$1000\",\"electricityBillPerMonth\":\"\",\"ownTheRoofSpace\":\"Yes\",\"typeOfRoof\":\"\",\"typeOfRoofOther\":\"\",\"minimumTenSquareMetersNorthFacing\":\"I\'m not sure - Please Help Me Out\",\"roofSlope\":\"\",\"shade\":\"\",\"direction\":\"Not Sure\",\"storeys\":1,\"features\":\"Battery System\",\"leadType\":\"Batteries\",\"submittedDate\":\"2026-03-06 01:20:09\",\"companyName\":\"\",\"address\":\"25 Austin St Ferntree Gully\",\"latitude\":-37.8837646,\"longitude\":145.2855883,\"installationAddressLineOne\":\"25 Austin St\",\"installationAddressLineTwo\":\"\",\"installationSuburb\":\"Ferntree Gully\",\"installationState\":\"VIC\",\"installationPostcode\":3156,\"installationCountry\":\"Australia\",\"mailingAddressLineOne\":\"\",\"mailingAddressLineTwo\":\"\",\"mailingSuburb\":\"\",\"mailingState\":\"\",\"mailingPostcode\":\"\",\"mailingCountry\":\"\",\"homeVisit\":\"No\",\"availableForConversation\":\"\",\"importantNotes\":\"More installers please. Have some prerequisetes that will put me in the \'too hard\' bin for many Co,sTaa.This lead was submitted via the QuotesV3 form.Lead wants to pay cashRequired for: Blackout Protection & easily expandableMich has verified this phone number\",\"importantNotesSplit\":\"More installers please. Have some prerequisetes that will put me in the \'too hard\' bin for many Co,s::Taa.:This lead was submitted via the QuotesV3 form.:Lead wants to pay cash:Required for: Blackout Protection & easily expandable:Mich has verified this phone number\",\"requestedQuotes\":3,\"note\":\"Have sent him my email will share the details over the email then site inspection\",\"evExistingSolarSize\":\"\",\"evExistingBattery\":\"\",\"evInstallationType\":\"\",\"evDistanceChargerSwitchboard\":\"\",\"evCarMakeModel\":\"\",\"images\":{\"evChargerImages\":\"\",\"evSwitchboardImages\":\"\",\"evOtherImages\":\"\",\"hwhpLocationImages\":\"\",\"hwhpSwitchboardImages\":\"\",\"hwhpOtherImages\":\"\"},\"hwhpNumberOfResidents\":\"\",\"hwhpExistingSystem\":\"\",\"hwhpLocationAccessibility\":\"\",\"hwhpSwitchboardDistance\":\"\",\"leadStatus\":\"waiting_reply\",\"funnelVersion\":3,\"extraInfo\":\"\",\"consolidatedNotes\":\"Important Notes: More installers please. Have some prerequisetes that will put me in the \'too hard\' bin for many Co,sTaa.This lead was submitted via the QuotesV3 form.Lead wants to pay cashRequired for: Blackout Protection & easily expandableMich has verified this phone number\\n\\nFeatures: Battery System\\n\\nRoof Type: Yes\\n\\nStoreys: 1\\n\\nAddress: 25 Austin St Ferntree Gully, Ferntree Gully, VIC, 3156\",\"mappedRoofType\":\"Other\",\"_imported_at\":\"2026-03-11T01:00:00.719Z\"}',NULL,NULL,0,0,NULL,NULL,NULL,NULL,NULL,NULL),
(39,NULL,'new','Jill  Tim DSouza','jill_krelle@yahoo.com.au','0402 431 939','Heathmont',10.00,NULL,NULL,NULL,NULL,NULL,NULL,NULL,NULL,NULL,NULL,0.00,'Solar Quotes',NULL,0,0,NULL,'2026-03-11 12:00:00',NULL,'2026-03-11 01:00:00',NULL,NULL,NULL,NULL,NULL,NULL,NULL,NULL,NULL,NULL,NULL,NULL,NULL,NULL,NULL,NULL,NULL,NULL,NULL,0,NULL,NULL,0,'1026418','{\"id\":1026418,\"idLeadSupplier\":2296674,\"name\":\"Jill  Tim\",\"lastName\":\"DSouza\",\"phone\":\"0402 431 939\",\"email\":\"jill_krelle@yahoo.com.au\",\"supplierId\":14039,\"leadPrice\":60,\"claimed\":\"No\",\"size\":\"10 to 15 kW\",\"systemPriceType\":\"A good mix of quality and price\",\"timeframe\":\"In the next 4 weeks\",\"quarterlyBill\":\"$500-$1000\",\"electricityBillPerMonth\":\"\",\"ownTheRoofSpace\":\"Yes\",\"typeOfRoof\":\"Tile\",\"typeOfRoofOther\":\"\",\"minimumTenSquareMetersNorthFacing\":\"I\'m not sure - Please Help Me Out\",\"roofSlope\":\"\",\"shade\":\"\",\"direction\":\"Not Sure\",\"storeys\":1,\"features\":\"On Grid Solar\\nMicro Inverters or Power Optimisers\\nBattery System\",\"leadType\":\"On Grid Solar + Batteries\",\"submittedDate\":\"2026-03-05 22:20:07\",\"companyName\":\"\",\"address\":\"17-23 Marlborough Rd Heathmont\",\"latitude\":-37.8355778,\"longitude\":145.2321258,\"installationAddressLineOne\":\"17-23 Marlborough Rd\",\"installationAddressLineTwo\":\"\",\"installationSuburb\":\"Heathmont\",\"installationState\":\"VIC\",\"installationPostcode\":3135,\"installationCountry\":\"Australia\",\"mailingAddressLineOne\":\"\",\"mailingAddressLineTwo\":\"\",\"mailingSuburb\":\"\",\"mailingState\":\"\",\"mailingPostcode\":\"\",\"mailingCountry\":\"\",\"homeVisit\":\"Zoom call\",\"availableForConversation\":\"\",\"importantNotes\":\"Looking for 10-12kw system. Not sure if I want to get a battery at this point but maybe an inverter so I can add a battery later on. This lead was submitted via the QuotesV3 form.This customer has indicated that they would like to receive the VIC rebate.Lead wants to pay cashRequired for: Quickest payback time & charge from solar in blackoutJill  Tim  has verified this phone number\",\"importantNotesSplit\":\"Looking for 10-12kw system. Not sure if I want to get a battery at this point but maybe an inverter so I can add a battery later on. :This lead was submitted via the QuotesV3 form.:This customer has indicated that they would like to receive the VIC rebate.:Lead wants to pay cash:Required for: Quickest payback time & charge from solar in blackout:Jill  Tim  has verified this phone number\",\"requestedQuotes\":2,\"note\":\"monday, need to give a time\",\"evExistingSolarSize\":\"\",\"evExistingBattery\":\"No\",\"evInstallationType\":\"\",\"evDistanceChargerSwitchboard\":\"\",\"evCarMakeModel\":\"\",\"images\":{\"evChargerImages\":\"\",\"evSwitchboardImages\":\"\",\"evOtherImages\":\"\",\"hwhpLocationImages\":\"\",\"hwhpSwitchboardImages\":\"\",\"hwhpOtherImages\":\"\"},\"hwhpNumberOfResidents\":\"\",\"hwhpExistingSystem\":\"\",\"hwhpLocationAccessibility\":\"\",\"hwhpSwitchboardDistance\":\"\",\"leadStatus\":\"appointment_booked\",\"funnelVersion\":3,\"extraInfo\":\"Micro Inverters / Power Optimisers\",\"consolidatedNotes\":\"Important Notes: Looking for 10-12kw system. Not sure if I want to get a battery at this point but maybe an inverter so I can add a battery later on. This lead was submitted via the QuotesV3 form.This customer has indicated that they would like to receive the VIC rebate.Lead wants to pay cashRequired for: Quickest payback time & charge from solar in blackoutJill  Tim  has verified this phone number\\n\\nFeatures: On Grid Solar\\nMicro Inverters or Power Optimisers\\nBattery System\\n\\nHave Battery: No\\n\\nRoof Type: Tile\\n\\nStoreys: 1\\n\\nAddress: 17-23 Marlborough Rd Heathmont, Heathmont, VIC, 3135\",\"mappedRoofType\":\"Tile (Concrete)\",\"_imported_at\":\"2026-03-11T01:00:00.721Z\"}',NULL,NULL,0,0,NULL,NULL,NULL,NULL,NULL,NULL),
(40,NULL,'new','Anand Shanmugam','ananthsua@gmail.com','0468 468 476','Berwick',NULL,NULL,NULL,NULL,NULL,NULL,NULL,NULL,NULL,NULL,NULL,0.00,'Solar Quotes',NULL,0,0,NULL,'2026-03-11 12:00:00',NULL,'2026-03-11 01:00:00',NULL,NULL,NULL,NULL,NULL,NULL,NULL,NULL,NULL,NULL,NULL,NULL,NULL,NULL,NULL,NULL,NULL,NULL,NULL,0,NULL,NULL,0,'1026392','{\"id\":1026392,\"idLeadSupplier\":2296659,\"name\":\"Anand\",\"lastName\":\"Shanmugam\",\"phone\":\"0468 468 476\",\"email\":\"ananthsua@gmail.com\",\"supplierId\":14039,\"leadPrice\":50,\"claimed\":\"No\",\"size\":\"Not Sure. Please help me decide\",\"systemPriceType\":\"\",\"timeframe\":\"In the next 4 weeks\",\"quarterlyBill\":\"$500-$1000\",\"electricityBillPerMonth\":\"\",\"ownTheRoofSpace\":\"Yes\",\"typeOfRoof\":\"Other\",\"typeOfRoofOther\":\"Other\",\"minimumTenSquareMetersNorthFacing\":\"I\'m not sure - Please Help Me Out\",\"roofSlope\":\"\",\"shade\":\"\",\"direction\":\"Not Sure\",\"storeys\":\"\",\"features\":\"Adding Batteries\",\"leadType\":\"Batteries\",\"submittedDate\":\"2026-03-05 21:15:06\",\"companyName\":\"\",\"address\":\"17 Colson Wy Berwick\",\"latitude\":-38.0483117,\"longitude\":145.324672,\"installationAddressLineOne\":\"17 Colson Wy\",\"installationAddressLineTwo\":\"\",\"installationSuburb\":\"Berwick\",\"installationState\":\"VIC\",\"installationPostcode\":3806,\"installationCountry\":\"Australia\",\"mailingAddressLineOne\":\"\",\"mailingAddressLineTwo\":\"\",\"mailingSuburb\":\"\",\"mailingState\":\"\",\"mailingPostcode\":\"\",\"mailingCountry\":\"\",\"homeVisit\":\"No\",\"availableForConversation\":\"\",\"importantNotes\":\"I want to install both Batteries and increase my existing solar with another 10KW with blackout protection and back upsThis lead was submitted via the QuotesV3 form.Lead wants to pay cashCustomer wants a battery upgradeAmount of storage required: I don\'t knowExisting battery type: 6.6kw Jinko Panels and 5kw Solax inverter installed in Sep 2025Existing inverter type: Solax Power Network TechModel - X1-Boost-5K-G4Required for: Blackout Protection, charge from solar in blackout, almost instant changeover in a blackout, backups up 3-phase appliances & easily expandableThis is a CHOICE lead. Choice currently recommend JA, Tindo, Trina, Jinko & Winaico (panels that achieve 80% or more \'CHOICE Expert rating\').Anand has verified this phone number\",\"importantNotesSplit\":\"I want to install both Batteries and increase my existing solar with another 10KW with blackout protection and back ups:This lead was submitted via the QuotesV3 form.:Lead wants to pay cash:Customer wants a battery upgrade:Amount of storage required: I don\'t know:Existing battery type: 6.6kw Jinko Panels and 5kw Solax inverter installed in Sep 2025:Existing inverter type: Solax Power Network Tech::Model - X1-Boost-5K-G4:Required for: Blackout Protection, charge from solar in blackout, almost instant changeover in a blackout, backups up 3-phase appliances & easily expandable:This is a CHOICE lead. Choice currently recommend JA, Tindo, Trina, Jinko & Winaico (panels that achieve 80% or more \'CHOICE Expert rating\').:Anand has verified this phone number\",\"requestedQuotes\":3,\"note\":\"\",\"evExistingSolarSize\":\"\",\"evExistingBattery\":\"\",\"evInstallationType\":\"\",\"evDistanceChargerSwitchboard\":\"\",\"evCarMakeModel\":\"\",\"images\":{\"evChargerImages\":\"\",\"evSwitchboardImages\":\"\",\"evOtherImages\":\"\",\"hwhpLocationImages\":\"\",\"hwhpSwitchboardImages\":\"\",\"hwhpOtherImages\":\"\"},\"hwhpNumberOfResidents\":\"\",\"hwhpExistingSystem\":\"\",\"hwhpLocationAccessibility\":\"\",\"hwhpSwitchboardDistance\":\"\",\"leadStatus\":\"\",\"funnelVersion\":3,\"extraInfo\":\"Battery System Upgrade\",\"consolidatedNotes\":\"Important Notes: I want to install both Batteries and increase my existing solar with another 10KW with blackout protection and back upsThis lead was submitted via the QuotesV3 form.Lead wants to pay cashCustomer wants a battery upgradeAmount of storage required: I don\'t knowExisting battery type: 6.6kw Jinko Panels and 5kw Solax inverter installed in Sep 2025Existing inverter type: Solax Power Network TechModel - X1-Boost-5K-G4Required for: Blackout Protection, charge from solar in blackout, almost instant changeover in a blackout, backups up 3-phase appliances & easily expandableThis is a CHOICE lead. Choice currently recommend JA, Tindo, Trina, Jinko & Winaico (panels that achieve 80% or more \'CHOICE Expert rating\').Anand has verified this phone number\\n\\nFeatures: Adding Batteries\\n\\nRoof Type: Other\\n\\nAddress: 17 Colson Wy Berwick, Berwick, VIC, 3806\",\"mappedRoofType\":\"Other\",\"_imported_at\":\"2026-03-11T01:00:00.725Z\"}',NULL,NULL,0,0,NULL,NULL,NULL,NULL,NULL,NULL),
(41,NULL,'new','Jie Sun','dasj206@gmail.com','0430 015 359','Narre Warren South',NULL,NULL,NULL,NULL,NULL,NULL,NULL,NULL,NULL,NULL,NULL,0.00,'Solar Quotes',NULL,0,0,NULL,'2026-03-11 12:00:00',NULL,'2026-03-11 01:00:00',NULL,NULL,NULL,NULL,NULL,NULL,NULL,NULL,NULL,NULL,NULL,NULL,NULL,NULL,NULL,NULL,NULL,NULL,NULL,0,NULL,NULL,0,'1025886','{\"id\":1025886,\"idLeadSupplier\":2295779,\"name\":\"Jie\",\"lastName\":\"Sun\",\"phone\":\"0430 015 359\",\"email\":\"dasj206@gmail.com\",\"supplierId\":14039,\"leadPrice\":50,\"claimed\":\"No\",\"size\":\"\",\"systemPriceType\":\"\",\"timeframe\":\"Immediately\",\"quarterlyBill\":\"$500-$1000\",\"electricityBillPerMonth\":\"\",\"ownTheRoofSpace\":\"Yes\",\"typeOfRoof\":\"\",\"typeOfRoofOther\":\"\",\"minimumTenSquareMetersNorthFacing\":\"I\'m not sure - Please Help Me Out\",\"roofSlope\":\"\",\"shade\":\"\",\"direction\":\"Not Sure\",\"storeys\":1,\"features\":\"Battery System\",\"leadType\":\"Batteries\",\"submittedDate\":\"2026-03-04 18:05:24\",\"companyName\":\"\",\"address\":\"12 Fabriano Pl Narre Warren South\",\"latitude\":-38.0564402,\"longitude\":145.3194198,\"installationAddressLineOne\":\"12 Fabriano Pl\",\"installationAddressLineTwo\":\"\",\"installationSuburb\":\"Narre Warren South\",\"installationState\":\"VIC\",\"installationPostcode\":3805,\"installationCountry\":\"Australia\",\"mailingAddressLineOne\":\"\",\"mailingAddressLineTwo\":\"\",\"mailingSuburb\":\"\",\"mailingState\":\"\",\"mailingPostcode\":\"\",\"mailingCountry\":\"\",\"homeVisit\":\"Yes\",\"availableForConversation\":\"\",\"importantNotes\":\"Lead has consented to discussion of energy plans.This lead was submitted via the QuotesV3 form.Lead wants to pay cashRequired for: Quickest payback time & charge from solar in blackoutThis is an ORIGIN lead.Jie has verified this phone number\",\"importantNotesSplit\":\"Lead has consented to discussion of energy plans.:This lead was submitted via the QuotesV3 form.:Lead wants to pay cash:Required for: Quickest payback time & charge from solar in blackout:This is an ORIGIN lead.:Jie has verified this phone number\",\"requestedQuotes\":3,\"note\":\"\",\"evExistingSolarSize\":\"\",\"evExistingBattery\":\"\",\"evInstallationType\":\"\",\"evDistanceChargerSwitchboard\":\"\",\"evCarMakeModel\":\"\",\"images\":{\"evChargerImages\":\"\",\"evSwitchboardImages\":\"\",\"evOtherImages\":\"\",\"hwhpLocationImages\":\"\",\"hwhpSwitchboardImages\":\"\",\"hwhpOtherImages\":\"\"},\"hwhpNumberOfResidents\":\"\",\"hwhpExistingSystem\":\"\",\"hwhpLocationAccessibility\":\"\",\"hwhpSwitchboardDistance\":\"\",\"leadStatus\":\"\",\"funnelVersion\":3,\"extraInfo\":\"\",\"consolidatedNotes\":\"Important Notes: Lead has consented to discussion of energy plans.This lead was submitted via the QuotesV3 form.Lead wants to pay cashRequired for: Quickest payback time & charge from solar in blackoutThis is an ORIGIN lead.Jie has verified this phone number\\n\\nFeatures: Battery System\\n\\nRoof Type: Yes\\n\\nStoreys: 1\\n\\nAddress: 12 Fabriano Pl Narre Warren South, Narre Warren South, VIC, 3805\",\"mappedRoofType\":\"Other\",\"_imported_at\":\"2026-03-11T01:00:00.728Z\"}',NULL,NULL,0,0,NULL,NULL,NULL,NULL,NULL,NULL),
(42,NULL,'new','Alfredo Roldan','roldan.acchristian@gmail.com','0481 242 765','Junction Village',NULL,NULL,NULL,NULL,NULL,NULL,NULL,NULL,NULL,NULL,NULL,0.00,'Solar Quotes',NULL,0,0,NULL,'2026-03-11 12:00:00',NULL,'2026-03-11 01:00:00',NULL,NULL,NULL,NULL,NULL,NULL,NULL,NULL,NULL,NULL,NULL,NULL,NULL,NULL,NULL,NULL,NULL,NULL,NULL,0,NULL,NULL,0,'1025756','{\"id\":1025756,\"idLeadSupplier\":2295511,\"name\":\"Alfredo\",\"lastName\":\"Roldan\",\"phone\":\"0481 242 765\",\"email\":\"roldan.acchristian@gmail.com\",\"supplierId\":14039,\"leadPrice\":50,\"claimed\":\"No\",\"size\":\"\",\"systemPriceType\":\"\",\"timeframe\":\"In the next 4 weeks\",\"quarterlyBill\":\"Less than $500\",\"electricityBillPerMonth\":\"\",\"ownTheRoofSpace\":\"Yes\",\"typeOfRoof\":\"\",\"typeOfRoofOther\":\"\",\"minimumTenSquareMetersNorthFacing\":\"I\'m not sure - Please Help Me Out\",\"roofSlope\":\"\",\"shade\":\"\",\"direction\":\"Not Sure\",\"storeys\":1,\"features\":\"Battery System\",\"leadType\":\"Batteries\",\"submittedDate\":\"2026-03-04 13:45:29\",\"companyName\":\"\",\"address\":\"49 Contata Grv Junction Village\",\"latitude\":-38.1324441,\"longitude\":145.289868,\"installationAddressLineOne\":\"49 Contata Grv\",\"installationAddressLineTwo\":\"\",\"installationSuburb\":\"Junction Village\",\"installationState\":\"VIC\",\"installationPostcode\":3977,\"installationCountry\":\"Australia\",\"mailingAddressLineOne\":\"\",\"mailingAddressLineTwo\":\"\",\"mailingSuburb\":\"\",\"mailingState\":\"\",\"mailingPostcode\":\"\",\"mailingCountry\":\"\",\"homeVisit\":\"Yes\",\"availableForConversation\":\"\",\"importantNotes\":\"Lead has consented to discussion of energy plans.This lead was submitted via the QuotesV3 form.Lead wants to pay cashExisting inverter type: SAJ R5 series (R5-8k-S2-15)Required for: Lowest bills, charge from solar in blackout & almost instant changeover in a blackoutAlfredo  has verified this phone number\",\"importantNotesSplit\":\"Lead has consented to discussion of energy plans.:This lead was submitted via the QuotesV3 form.:Lead wants to pay cash:Existing inverter type: SAJ R5 series (R5-8k-S2-15):Required for: Lowest bills, charge from solar in blackout & almost instant changeover in a blackout:Alfredo  has verified this phone number\",\"requestedQuotes\":3,\"note\":\"\",\"evExistingSolarSize\":\"\",\"evExistingBattery\":\"\",\"evInstallationType\":\"\",\"evDistanceChargerSwitchboard\":\"\",\"evCarMakeModel\":\"\",\"images\":{\"evChargerImages\":\"\",\"evSwitchboardImages\":\"\",\"evOtherImages\":\"\",\"hwhpLocationImages\":\"\",\"hwhpSwitchboardImages\":\"\",\"hwhpOtherImages\":\"\"},\"hwhpNumberOfResidents\":\"\",\"hwhpExistingSystem\":\"\",\"hwhpLocationAccessibility\":\"\",\"hwhpSwitchboardDistance\":\"\",\"leadStatus\":\"sold\",\"funnelVersion\":3,\"extraInfo\":\"\",\"consolidatedNotes\":\"Important Notes: Lead has consented to discussion of energy plans.This lead was submitted via the QuotesV3 form.Lead wants to pay cashExisting inverter type: SAJ R5 series (R5-8k-S2-15)Required for: Lowest bills, charge from solar in blackout & almost instant changeover in a blackoutAlfredo  has verified this phone number\\n\\nFeatures: Battery System\\n\\nRoof Type: Yes\\n\\nStoreys: 1\\n\\nAddress: 49 Contata Grv Junction Village, Junction Village, VIC, 3977\",\"mappedRoofType\":\"Other\",\"_imported_at\":\"2026-03-11T01:00:00.731Z\"}',NULL,NULL,0,0,NULL,NULL,NULL,NULL,NULL,NULL),
(43,NULL,'new','Jagjeet Jawalekar','jagjeet28@yahoo.com','0412 480 754','Aspendale',NULL,NULL,NULL,NULL,NULL,NULL,NULL,NULL,NULL,NULL,NULL,0.00,'Solar Quotes',NULL,0,0,NULL,'2026-03-11 12:00:00',NULL,'2026-03-11 01:00:00',NULL,NULL,NULL,NULL,NULL,NULL,NULL,NULL,NULL,NULL,NULL,NULL,NULL,NULL,NULL,NULL,NULL,NULL,NULL,0,NULL,NULL,0,'1025616','{\"id\":1025616,\"idLeadSupplier\":2295298,\"name\":\"Jagjeet\",\"lastName\":\"Jawalekar\",\"phone\":\"0412 480 754\",\"email\":\"jagjeet28@yahoo.com\",\"supplierId\":14039,\"leadPrice\":50,\"claimed\":\"No\",\"size\":\"\",\"systemPriceType\":\"\",\"timeframe\":\"In the next 4 weeks\",\"quarterlyBill\":\"$500-$1000\",\"electricityBillPerMonth\":\"\",\"ownTheRoofSpace\":\"Yes\",\"typeOfRoof\":\"\",\"typeOfRoofOther\":\"\",\"minimumTenSquareMetersNorthFacing\":\"I\'m not sure - Please Help Me Out\",\"roofSlope\":\"\",\"shade\":\"\",\"direction\":\"Not Sure\",\"storeys\":1,\"features\":\"Battery System\",\"leadType\":\"Batteries\",\"submittedDate\":\"2026-03-04 10:25:13\",\"companyName\":\"\",\"address\":\"3 Carinya Ave Aspendale\",\"latitude\":-38.0196785,\"longitude\":145.1031351,\"installationAddressLineOne\":\"3 Carinya Ave\",\"installationAddressLineTwo\":\"\",\"installationSuburb\":\"Aspendale\",\"installationState\":\"VIC\",\"installationPostcode\":3195,\"installationCountry\":\"Australia\",\"mailingAddressLineOne\":\"\",\"mailingAddressLineTwo\":\"\",\"mailingSuburb\":\"\",\"mailingState\":\"\",\"mailingPostcode\":\"\",\"mailingCountry\":\"\",\"homeVisit\":\"Zoom call\",\"availableForConversation\":\"\",\"importantNotes\":\"This lead was submitted via the QuotesV3 form.Lead wants to pay cashExisting inverter type: Fronius primoRequired for: Quickest payback time & almost instant changeover in a blackoutThis is an ORIGIN lead.Jagjeet has verified this phone number\",\"importantNotesSplit\":\"This lead was submitted via the QuotesV3 form.::Lead wants to pay cash::Existing inverter type: Fronius primo::Required for: Quickest payback time & almost instant changeover in a blackout::This is an ORIGIN lead.::Jagjeet has verified this phone number\",\"requestedQuotes\":3,\"note\":\"\",\"evExistingSolarSize\":\"\",\"evExistingBattery\":\"\",\"evInstallationType\":\"\",\"evDistanceChargerSwitchboard\":\"\",\"evCarMakeModel\":\"\",\"images\":{\"evChargerImages\":\"\",\"evSwitchboardImages\":\"\",\"evOtherImages\":\"\",\"hwhpLocationImages\":\"\",\"hwhpSwitchboardImages\":\"\",\"hwhpOtherImages\":\"\"},\"hwhpNumberOfResidents\":\"\",\"hwhpExistingSystem\":\"\",\"hwhpLocationAccessibility\":\"\",\"hwhpSwitchboardDistance\":\"\",\"leadStatus\":\"appointment_booked\",\"funnelVersion\":3,\"extraInfo\":\"\",\"consolidatedNotes\":\"Important Notes: This lead was submitted via the QuotesV3 form.Lead wants to pay cashExisting inverter type: Fronius primoRequired for: Quickest payback time & almost instant changeover in a blackoutThis is an ORIGIN lead.Jagjeet has verified this phone number\\n\\nFeatures: Battery System\\n\\nRoof Type: Yes\\n\\nStoreys: 1\\n\\nAddress: 3 Carinya Ave Aspendale, Aspendale, VIC, 3195\",\"mappedRoofType\":\"Other\",\"_imported_at\":\"2026-03-11T01:00:00.733Z\"}',NULL,NULL,0,0,NULL,NULL,NULL,NULL,NULL,NULL),
(44,NULL,'new','Edwin Yapp','edwin.yapp@outlook.com','0400 150 118','Mont Albert North',NULL,NULL,NULL,NULL,NULL,NULL,NULL,NULL,NULL,NULL,NULL,0.00,'Solar Quotes',NULL,0,0,NULL,'2026-03-11 12:00:00',NULL,'2026-03-11 01:00:00',NULL,NULL,NULL,NULL,NULL,NULL,NULL,NULL,NULL,NULL,NULL,NULL,NULL,NULL,NULL,NULL,NULL,NULL,NULL,0,NULL,NULL,0,'1025405','{\"id\":1025405,\"idLeadSupplier\":2295113,\"name\":\"Edwin\",\"lastName\":\"Yapp\",\"phone\":\"0400 150 118\",\"email\":\"edwin.yapp@outlook.com\",\"supplierId\":14039,\"leadPrice\":50,\"claimed\":\"No\",\"size\":\"Not Sure. Please help me decide\",\"systemPriceType\":\"\",\"timeframe\":\"In the next 4 weeks\",\"quarterlyBill\":\"Less than $500\",\"electricityBillPerMonth\":\"\",\"ownTheRoofSpace\":\"Yes\",\"typeOfRoof\":\"Other\",\"typeOfRoofOther\":\"Other\",\"minimumTenSquareMetersNorthFacing\":\"I\'m not sure - Please Help Me Out\",\"roofSlope\":\"\",\"shade\":\"\",\"direction\":\"Not Sure\",\"storeys\":\"\",\"features\":\"Adding Batteries\",\"leadType\":\"Batteries\",\"submittedDate\":\"2026-03-04 01:26:00\",\"companyName\":\"\",\"address\":\"71 Box Hill Cres Mont Albert North\",\"latitude\":-37.8021916,\"longitude\":145.1152093,\"installationAddressLineOne\":\"71 Box Hill Cres\",\"installationAddressLineTwo\":\"\",\"installationSuburb\":\"Mont Albert North\",\"installationState\":\"VIC\",\"installationPostcode\":3129,\"installationCountry\":\"Australia\",\"mailingAddressLineOne\":\"\",\"mailingAddressLineTwo\":\"\",\"mailingSuburb\":\"\",\"mailingState\":\"\",\"mailingPostcode\":\"\",\"mailingCountry\":\"\",\"homeVisit\":\"Zoom call\",\"availableForConversation\":\"\",\"importantNotes\":\"This lead was submitted via the QuotesV3 form.Lead wants to pay cashCustomer wants a battery upgradeAmount of storage required: I don\'t knowExisting battery type: Sungrow SBR096 (wanting to add 2 x 3.2 kWh modules for federal rebate)Existing inverter type: Sungrow SH5.0RSRequired for: Lowest bills & easily expandableEdwin has verified this phone number\",\"importantNotesSplit\":\"This lead was submitted via the QuotesV3 form.:Lead wants to pay cash:Customer wants a battery upgrade:Amount of storage required: I don\'t know:Existing battery type: Sungrow SBR096 (wanting to add 2 x 3.2 kWh modules for federal rebate):Existing inverter type: Sungrow SH5.0RS:Required for: Lowest bills & easily expandable:Edwin has verified this phone number\",\"requestedQuotes\":2,\"note\":\"\",\"evExistingSolarSize\":\"\",\"evExistingBattery\":\"\",\"evInstallationType\":\"\",\"evDistanceChargerSwitchboard\":\"\",\"evCarMakeModel\":\"\",\"images\":{\"evChargerImages\":\"\",\"evSwitchboardImages\":\"\",\"evOtherImages\":\"\",\"hwhpLocationImages\":\"\",\"hwhpSwitchboardImages\":\"\",\"hwhpOtherImages\":\"\"},\"hwhpNumberOfResidents\":\"\",\"hwhpExistingSystem\":\"\",\"hwhpLocationAccessibility\":\"\",\"hwhpSwitchboardDistance\":\"\",\"leadStatus\":\"waiting_reply\",\"funnelVersion\":3,\"extraInfo\":\"Battery System Upgrade\",\"consolidatedNotes\":\"Important Notes: This lead was submitted via the QuotesV3 form.Lead wants to pay cashCustomer wants a battery upgradeAmount of storage required: I don\'t knowExisting battery type: Sungrow SBR096 (wanting to add 2 x 3.2 kWh modules for federal rebate)Existing inverter type: Sungrow SH5.0RSRequired for: Lowest bills & easily expandableEdwin has verified this phone number\\n\\nFeatures: Adding Batteries\\n\\nRoof Type: Other\\n\\nAddress: 71 Box Hill Cres Mont Albert North, Mont Albert North, VIC, 3129\",\"mappedRoofType\":\"Other\",\"_imported_at\":\"2026-03-11T01:00:00.737Z\"}',NULL,NULL,0,0,NULL,NULL,NULL,NULL,NULL,NULL),
(45,NULL,'new','Mike Tsakmakis','Mike.tsakmakis@gmail.com','0430 102 602','Bulleen',10.00,NULL,NULL,NULL,NULL,NULL,NULL,NULL,NULL,NULL,NULL,0.00,'Solar Quotes',NULL,0,0,NULL,'2026-03-12 11:00:00',NULL,'2026-03-12 00:00:00',NULL,NULL,NULL,NULL,NULL,NULL,NULL,NULL,NULL,NULL,NULL,NULL,NULL,NULL,NULL,NULL,NULL,NULL,NULL,0,NULL,NULL,0,'1029258','{\"id\":1029258,\"idLeadSupplier\":2301752,\"name\":\"Mike\",\"lastName\":\"Tsakmakis\",\"phone\":\"0430 102 602\",\"email\":\"Mike.tsakmakis@gmail.com\",\"supplierId\":14039,\"leadPrice\":60,\"claimed\":\"No\",\"size\":\"10 to 15 kW\",\"systemPriceType\":\"A good mix of quality and price\",\"timeframe\":\"In the next 4 weeks\",\"quarterlyBill\":\"$500-$1000\",\"electricityBillPerMonth\":\"\",\"ownTheRoofSpace\":\"Yes\",\"typeOfRoof\":\"Tile\",\"typeOfRoofOther\":\"\",\"minimumTenSquareMetersNorthFacing\":\"I\'m not sure - Please Help Me Out\",\"roofSlope\":\"\",\"shade\":\"\",\"direction\":\"Not Sure\",\"storeys\":2,\"features\":\"On Grid Solar\\nMicro Inverters or Power Optimisers\\nBattery System\",\"leadType\":\"On Grid Solar + Batteries\",\"submittedDate\":\"2026-03-11 23:10:09\",\"companyName\":\"\",\"address\":\"4 Eama Ct Bulleen\",\"latitude\":-37.7739755,\"longitude\":145.0989954,\"installationAddressLineOne\":\"4 Eama Ct\",\"installationAddressLineTwo\":\"\",\"installationSuburb\":\"Bulleen\",\"installationState\":\"VIC\",\"installationPostcode\":3105,\"installationCountry\":\"Australia\",\"mailingAddressLineOne\":\"\",\"mailingAddressLineTwo\":\"\",\"mailingSuburb\":\"\",\"mailingState\":\"\",\"mailingPostcode\":\"\",\"mailingCountry\":\"\",\"homeVisit\":\"No\",\"availableForConversation\":\"\",\"importantNotes\":\"Email only please. I won\'t be able to receive calls.This lead was submitted via the QuotesV3 form.This customer has indicated that they do not want the VIC rebate.Lead wants to pay cashRequired for: Lowest bills, charge from solar in blackout, backups up 3-phase appliances & easily expandableThis is an ORIGIN lead.Mike has verified this phone number\",\"importantNotesSplit\":\"Email only please. I won\'t be able to receive calls.:This lead was submitted via the QuotesV3 form.:This customer has indicated that they do not want the VIC rebate.:Lead wants to pay cash:Required for: Lowest bills, charge from solar in blackout, backups up 3-phase appliances & easily expandable:This is an ORIGIN lead.:Mike has verified this phone number\",\"requestedQuotes\":3,\"note\":\"\",\"evExistingSolarSize\":\"\",\"evExistingBattery\":\"No\",\"evInstallationType\":\"\",\"evDistanceChargerSwitchboard\":\"\",\"evCarMakeModel\":\"\",\"images\":{\"evChargerImages\":\"\",\"evSwitchboardImages\":\"\",\"evOtherImages\":\"\",\"hwhpLocationImages\":\"\",\"hwhpSwitchboardImages\":\"\",\"hwhpOtherImages\":\"\"},\"hwhpNumberOfResidents\":\"\",\"hwhpExistingSystem\":\"\",\"hwhpLocationAccessibility\":\"\",\"hwhpSwitchboardDistance\":\"\",\"leadStatus\":\"\",\"funnelVersion\":3,\"extraInfo\":\"Micro Inverters / Power Optimisers\",\"consolidatedNotes\":\"Important Notes: Email only please. I won\'t be able to receive calls.This lead was submitted via the QuotesV3 form.This customer has indicated that they do not want the VIC rebate.Lead wants to pay cashRequired for: Lowest bills, charge from solar in blackout, backups up 3-phase appliances & easily expandableThis is an ORIGIN lead.Mike has verified this phone number\\n\\nFeatures: On Grid Solar\\nMicro Inverters or Power Optimisers\\nBattery System\\n\\nHave Battery: No\\n\\nRoof Type: Tile\\n\\nStoreys: 2\\n\\nAddress: 4 Eama Ct Bulleen, Bulleen, VIC, 3105\",\"mappedRoofType\":\"Tile (Concrete)\",\"_imported_at\":\"2026-03-12T00:00:00.789Z\"}',NULL,NULL,0,0,NULL,NULL,NULL,NULL,NULL,NULL),
(46,NULL,'new','Michael Lazzarini','lazzarinim@hotmail.com','0414 813 111','Box Hill South',15.00,NULL,NULL,NULL,NULL,NULL,NULL,NULL,NULL,NULL,NULL,0.00,'Solar Quotes',NULL,0,0,NULL,'2026-03-12 11:00:00',NULL,'2026-03-12 00:00:00',NULL,NULL,NULL,NULL,NULL,NULL,NULL,NULL,NULL,NULL,NULL,NULL,NULL,NULL,NULL,NULL,NULL,NULL,NULL,0,NULL,NULL,0,'1029095','{\"id\":1029095,\"idLeadSupplier\":2301618,\"name\":\"Michael\",\"lastName\":\"Lazzarini\",\"phone\":\"0414 813 111\",\"email\":\"lazzarinim@hotmail.com\",\"supplierId\":14039,\"leadPrice\":60,\"claimed\":\"No\",\"size\":\"15 to 20 kW\",\"systemPriceType\":\"A good mix of quality and price\",\"timeframe\":\"In the next 4 weeks\",\"quarterlyBill\":\"Less than $500\",\"electricityBillPerMonth\":\"\",\"ownTheRoofSpace\":\"Yes\",\"typeOfRoof\":\"Tile\",\"typeOfRoofOther\":\"\",\"minimumTenSquareMetersNorthFacing\":\"I\'m not sure - Please Help Me Out\",\"roofSlope\":\"\",\"shade\":\"\",\"direction\":\"Not Sure\",\"storeys\":1,\"features\":\"On Grid Solar\\nBattery System\",\"leadType\":\"On Grid Solar + Batteries\",\"submittedDate\":\"2026-03-11 18:25:25\",\"companyName\":\"\",\"address\":\"24 Penrose St Box Hill South\",\"latitude\":-37.8415208,\"longitude\":145.130412,\"installationAddressLineOne\":\"24 Penrose St\",\"installationAddressLineTwo\":\"\",\"installationSuburb\":\"Box Hill South\",\"installationState\":\"VIC\",\"installationPostcode\":3128,\"installationCountry\":\"Australia\",\"mailingAddressLineOne\":\"\",\"mailingAddressLineTwo\":\"\",\"mailingSuburb\":\"\",\"mailingState\":\"\",\"mailingPostcode\":\"\",\"mailingCountry\":\"\",\"homeVisit\":\"No\",\"availableForConversation\":\"\",\"importantNotes\":\"I have an existing 1 kw system more than 16 years.Happy to replace or whatever you recommendLead has consented to discussion of energy plans.This lead was submitted via the QuotesV3 form.This customer has indicated that they would like to receive the VIC rebate.Lead wants to pay cashRequired for: Blackout Protection & almost instant changeover in a blackoutMichael has verified this phone number\",\"importantNotesSplit\":\"I have an existing 1 kw system more than 16 years.::Happy to replace or whatever you recommend:Lead has consented to discussion of energy plans.:This lead was submitted via the QuotesV3 form.:This customer has indicated that they would like to receive the VIC rebate.:Lead wants to pay cash:Required for: Blackout Protection & almost instant changeover in a blackout:Michael has verified this phone number\",\"requestedQuotes\":3,\"note\":\"\",\"evExistingSolarSize\":\"\",\"evExistingBattery\":\"\",\"evInstallationType\":\"\",\"evDistanceChargerSwitchboard\":\"\",\"evCarMakeModel\":\"\",\"images\":{\"evChargerImages\":\"\",\"evSwitchboardImages\":\"\",\"evOtherImages\":\"\",\"hwhpLocationImages\":\"\",\"hwhpSwitchboardImages\":\"\",\"hwhpOtherImages\":\"\"},\"hwhpNumberOfResidents\":\"\",\"hwhpExistingSystem\":\"\",\"hwhpLocationAccessibility\":\"\",\"hwhpSwitchboardDistance\":\"\",\"leadStatus\":\"\",\"funnelVersion\":3,\"extraInfo\":\"\",\"consolidatedNotes\":\"Important Notes: I have an existing 1 kw system more than 16 years.Happy to replace or whatever you recommendLead has consented to discussion of energy plans.This lead was submitted via the QuotesV3 form.This customer has indicated that they would like to receive the VIC rebate.Lead wants to pay cashRequired for: Blackout Protection & almost instant changeover in a blackoutMichael has verified this phone number\\n\\nFeatures: On Grid Solar\\nBattery System\\n\\nRoof Type: Tile\\n\\nStoreys: 1\\n\\nAddress: 24 Penrose St Box Hill South, Box Hill South, VIC, 3128\",\"mappedRoofType\":\"Tile (Concrete)\",\"_imported_at\":\"2026-03-12T00:00:00.817Z\"}',NULL,NULL,0,0,NULL,NULL,NULL,NULL,NULL,NULL),
(47,NULL,'new','Gloria Beggs','beggs72@gmail.com','0400 685 889','Seaford',NULL,NULL,NULL,NULL,NULL,NULL,NULL,NULL,NULL,NULL,NULL,0.00,'Solar Quotes',NULL,0,0,NULL,'2026-03-12 11:00:00',NULL,'2026-03-12 00:00:00',NULL,NULL,NULL,NULL,NULL,NULL,NULL,NULL,NULL,NULL,NULL,NULL,NULL,NULL,NULL,NULL,NULL,NULL,NULL,0,NULL,NULL,0,'1029086','{\"id\":1029086,\"idLeadSupplier\":2301603,\"name\":\"Gloria\",\"lastName\":\"Beggs\",\"phone\":\"0400 685 889\",\"email\":\"beggs72@gmail.com\",\"supplierId\":14039,\"leadPrice\":50,\"claimed\":\"No\",\"size\":\"\",\"systemPriceType\":\"\",\"timeframe\":\"Immediately\",\"quarterlyBill\":\"Less than $500\",\"electricityBillPerMonth\":\"\",\"ownTheRoofSpace\":\"Yes\",\"typeOfRoof\":\"\",\"typeOfRoofOther\":\"\",\"minimumTenSquareMetersNorthFacing\":\"I\'m not sure - Please Help Me Out\",\"roofSlope\":\"\",\"shade\":\"\",\"direction\":\"Not Sure\",\"storeys\":1,\"features\":\"Battery System\",\"leadType\":\"Batteries\",\"submittedDate\":\"2026-03-11 18:05:06\",\"companyName\":\"\",\"address\":\"6 Mitchell St Seaford\",\"latitude\":-38.1053121,\"longitude\":145.1305864,\"installationAddressLineOne\":\"6 Mitchell St\",\"installationAddressLineTwo\":\"\",\"installationSuburb\":\"Seaford\",\"installationState\":\"VIC\",\"installationPostcode\":3198,\"installationCountry\":\"Australia\",\"mailingAddressLineOne\":\"\",\"mailingAddressLineTwo\":\"\",\"mailingSuburb\":\"\",\"mailingState\":\"\",\"mailingPostcode\":\"\",\"mailingCountry\":\"\",\"homeVisit\":\"Yes\",\"availableForConversation\":\"\",\"importantNotes\":\"Please call to talk through.Lead has consented to discussion of energy plans.This lead was submitted via the QuotesV3 form.Lead wants to pay cashExisting inverter type: GoodweRequired for: Lowest bills & charge from solar in blackoutThis is an ORIGIN lead.Gloria  has verified this phone number\",\"importantNotesSplit\":\"Please call to talk through.:Lead has consented to discussion of energy plans.:This lead was submitted via the QuotesV3 form.:Lead wants to pay cash:Existing inverter type: Goodwe:Required for: Lowest bills & charge from solar in blackout:This is an ORIGIN lead.:Gloria  has verified this phone number\",\"requestedQuotes\":2,\"note\":\"\",\"evExistingSolarSize\":\"\",\"evExistingBattery\":\"\",\"evInstallationType\":\"\",\"evDistanceChargerSwitchboard\":\"\",\"evCarMakeModel\":\"\",\"images\":{\"evChargerImages\":\"\",\"evSwitchboardImages\":\"\",\"evOtherImages\":\"\",\"hwhpLocationImages\":\"\",\"hwhpSwitchboardImages\":\"\",\"hwhpOtherImages\":\"\"},\"hwhpNumberOfResidents\":\"\",\"hwhpExistingSystem\":\"\",\"hwhpLocationAccessibility\":\"\",\"hwhpSwitchboardDistance\":\"\",\"leadStatus\":\"\",\"funnelVersion\":3,\"extraInfo\":\"\",\"consolidatedNotes\":\"Important Notes: Please call to talk through.Lead has consented to discussion of energy plans.This lead was submitted via the QuotesV3 form.Lead wants to pay cashExisting inverter type: GoodweRequired for: Lowest bills & charge from solar in blackoutThis is an ORIGIN lead.Gloria  has verified this phone number\\n\\nFeatures: Battery System\\n\\nRoof Type: Yes\\n\\nStoreys: 1\\n\\nAddress: 6 Mitchell St Seaford, Seaford, VIC, 3198\",\"mappedRoofType\":\"Other\",\"_imported_at\":\"2026-03-12T00:00:00.836Z\"}',NULL,NULL,0,0,NULL,NULL,NULL,NULL,NULL,NULL),
(48,NULL,'new','Gabriel Szalma','gabriel@acgabe.com.au','0401 754 885','Emerald',NULL,NULL,NULL,NULL,NULL,NULL,NULL,NULL,NULL,NULL,NULL,0.00,'Solar Quotes',NULL,0,0,NULL,'2026-03-12 11:00:00',NULL,'2026-03-12 00:00:00',NULL,NULL,NULL,NULL,NULL,NULL,NULL,NULL,NULL,NULL,NULL,NULL,NULL,NULL,NULL,NULL,NULL,NULL,NULL,0,NULL,NULL,0,'1028901','{\"id\":1028901,\"idLeadSupplier\":2301324,\"name\":\"Gabriel\",\"lastName\":\"Szalma\",\"phone\":\"0401 754 885\",\"email\":\"gabriel@acgabe.com.au\",\"supplierId\":14039,\"leadPrice\":50,\"claimed\":\"No\",\"size\":\"\",\"systemPriceType\":\"\",\"timeframe\":\"Immediately\",\"quarterlyBill\":\"Don\'t know\",\"electricityBillPerMonth\":\"\",\"ownTheRoofSpace\":\"Yes\",\"typeOfRoof\":\"\",\"typeOfRoofOther\":\"\",\"minimumTenSquareMetersNorthFacing\":\"I\'m not sure - Please Help Me Out\",\"roofSlope\":\"\",\"shade\":\"\",\"direction\":\"Not Sure\",\"storeys\":1,\"features\":\"Battery System\",\"leadType\":\"Batteries\",\"submittedDate\":\"2026-03-11 13:20:16\",\"companyName\":\"\",\"address\":\"13 Holman Rd Emerald\",\"latitude\":-37.8975108,\"longitude\":145.4450303,\"installationAddressLineOne\":\"13 Holman Rd\",\"installationAddressLineTwo\":\"\",\"installationSuburb\":\"Emerald\",\"installationState\":\"VIC\",\"installationPostcode\":3782,\"installationCountry\":\"Australia\",\"mailingAddressLineOne\":\"\",\"mailingAddressLineTwo\":\"\",\"mailingSuburb\":\"\",\"mailingState\":\"\",\"mailingPostcode\":\"\",\"mailingCountry\":\"\",\"homeVisit\":\"No\",\"availableForConversation\":\"\",\"importantNotes\":\"G\'day,I\'m looking for a price for two stacks of Sigen batteries: Stack 1 — 30 kW controller, 3 × 8 kWh batteries, base; Stack 2 — 25 kW DC charger, 3 × 8 kWh batteries, base. I also need a 3-phase gateway.I have three SolarEdge HD-Wave inverters and 16 kWh of solar.Thanks,Gabe(I have 3 off solaredge HD wave inverters and 16kwh solar.)This lead was submitted via the QuotesV3 form.Lead wants to pay cashExisting inverter type: 3 off Solaredge 7kw hd wave Required for: Blackout Protection, charge from solar in blackout, almost instant changeover in a blackout & easily expandableGabriel has verified this phone number\",\"importantNotesSplit\":\"G\'day,:::I\'m looking for a price for two stacks of Sigen batteries: Stack 1 — 30 kW controller, 3 × 8 kWh batteries, base; Stack 2 — 25 kW DC charger, 3 × 8 kWh batteries, base. I also need a 3-phase gateway.:::I have three SolarEdge HD-Wave inverters and 16 kWh of solar.::Thanks,::Gabe::(I have 3 off solaredge HD wave inverters and 16kwh solar.):This lead was submitted via the QuotesV3 form.:Lead wants to pay cash:Existing inverter type: 3 off Solaredge 7kw hd wave :Required for: Blackout Protection, charge from solar in blackout, almost instant changeover in a blackout & easily expandable:Gabriel has verified this phone number\",\"requestedQuotes\":3,\"note\":\"\",\"evExistingSolarSize\":\"\",\"evExistingBattery\":\"\",\"evInstallationType\":\"\",\"evDistanceChargerSwitchboard\":\"\",\"evCarMakeModel\":\"\",\"images\":{\"evChargerImages\":\"\",\"evSwitchboardImages\":\"\",\"evOtherImages\":\"\",\"hwhpLocationImages\":\"\",\"hwhpSwitchboardImages\":\"\",\"hwhpOtherImages\":\"\"},\"hwhpNumberOfResidents\":\"\",\"hwhpExistingSystem\":\"\",\"hwhpLocationAccessibility\":\"\",\"hwhpSwitchboardDistance\":\"\",\"leadStatus\":\"appointment_booked\",\"funnelVersion\":3,\"extraInfo\":\"\",\"consolidatedNotes\":\"Important Notes: G\'day,I\'m looking for a price for two stacks of Sigen batteries: Stack 1 — 30 kW controller, 3 × 8 kWh batteries, base; Stack 2 — 25 kW DC charger, 3 × 8 kWh batteries, base. I also need a 3-phase gateway.I have three SolarEdge HD-Wave inverters and 16 kWh of solar.Thanks,Gabe(I have 3 off solaredge HD wave inverters and 16kwh solar.)This lead was submitted via the QuotesV3 form.Lead wants to pay cashExisting inverter type: 3 off Solaredge 7kw hd wave Required for: Blackout Protection, charge from solar in blackout, almost instant changeover in a blackout & easily expandableGabriel has verified this phone number\\n\\nFeatures: Battery System\\n\\nRoof Type: Yes\\n\\nStoreys: 1\\n\\nAddress: 13 Holman Rd Emerald, Emerald, VIC, 3782\",\"mappedRoofType\":\"Other\",\"_imported_at\":\"2026-03-12T00:00:00.845Z\"}',NULL,NULL,0,0,NULL,NULL,NULL,NULL,NULL,NULL),
(49,NULL,'new','Cathy Sage','cathy@sagewords.com.au','0400 714 603','Kensington',NULL,NULL,NULL,NULL,NULL,NULL,NULL,NULL,NULL,NULL,NULL,0.00,'Solar Quotes',NULL,0,0,NULL,'2026-03-12 18:00:00',NULL,'2026-03-12 07:00:00',NULL,NULL,NULL,NULL,NULL,NULL,NULL,NULL,NULL,NULL,NULL,NULL,NULL,NULL,NULL,NULL,NULL,NULL,NULL,0,NULL,NULL,0,'1029653','{\"id\":1029653,\"idLeadSupplier\":2302686,\"name\":\"Cathy\",\"lastName\":\"Sage\",\"phone\":\"0400 714 603\",\"email\":\"cathy@sagewords.com.au\",\"supplierId\":14039,\"leadPrice\":60,\"claimed\":\"No\",\"size\":\"Not Sure. Please help me decide\",\"systemPriceType\":\"\",\"timeframe\":\"Immediately\",\"quarterlyBill\":\"Less than $500\",\"electricityBillPerMonth\":\"\",\"ownTheRoofSpace\":\"Yes\",\"typeOfRoof\":\"Tin / Colourbond\",\"typeOfRoofOther\":\"\",\"minimumTenSquareMetersNorthFacing\":\"I\'m not sure - Please Help Me Out\",\"roofSlope\":\"\",\"shade\":\"\",\"direction\":\"Not Sure\",\"storeys\":3,\"features\":\"Adding Batteries\\nIncrease size of existing solar system\",\"leadType\":\"On Grid Solar + Batteries\",\"submittedDate\":\"2026-03-12 16:30:50\",\"companyName\":\"\",\"address\":\"91 McCracken St Kensington\",\"latitude\":-37.7933281,\"longitude\":144.9279465,\"installationAddressLineOne\":\"91 McCracken St\",\"installationAddressLineTwo\":\"\",\"installationSuburb\":\"Kensington\",\"installationState\":\"VIC\",\"installationPostcode\":3031,\"installationCountry\":\"Australia\",\"mailingAddressLineOne\":\"\",\"mailingAddressLineTwo\":\"\",\"mailingSuburb\":\"\",\"mailingState\":\"\",\"mailingPostcode\":\"\",\"mailingCountry\":\"\",\"homeVisit\":\"No\",\"availableForConversation\":\"\",\"importantNotes\":\"This lead was submitted via the QuotesV3 form.Lead wants to pay cashCustomer wants a battery upgradeAmount of storage required: I don\'t knowExisting battery type: UnknownExisting inverter type: UnknownRequired for: Lowest billsCathy has verified this phone number\",\"importantNotesSplit\":\"This lead was submitted via the QuotesV3 form.:Lead wants to pay cash:Customer wants a battery upgrade:Amount of storage required: I don\'t know:Existing battery type: Unknown:Existing inverter type: Unknown:Required for: Lowest bills:Cathy has verified this phone number\",\"requestedQuotes\":2,\"note\":\"\",\"evExistingSolarSize\":\"\",\"evExistingBattery\":\"\",\"evInstallationType\":\"\",\"evDistanceChargerSwitchboard\":\"\",\"evCarMakeModel\":\"\",\"images\":{\"evChargerImages\":\"\",\"evSwitchboardImages\":\"\",\"evOtherImages\":\"\",\"hwhpLocationImages\":\"\",\"hwhpSwitchboardImages\":\"\",\"hwhpOtherImages\":\"\"},\"hwhpNumberOfResidents\":\"\",\"hwhpExistingSystem\":\"\",\"hwhpLocationAccessibility\":\"\",\"hwhpSwitchboardDistance\":\"\",\"leadStatus\":\"\",\"funnelVersion\":3,\"extraInfo\":[\"Solar System Upgrade\",\"Battery System Upgrade\"],\"consolidatedNotes\":\"Important Notes: This lead was submitted via the QuotesV3 form.Lead wants to pay cashCustomer wants a battery upgradeAmount of storage required: I don\'t knowExisting battery type: UnknownExisting inverter type: UnknownRequired for: Lowest billsCathy has verified this phone number\\n\\nFeatures: Adding Batteries\\nIncrease size of existing solar system\\n\\nRoof Type: Tin / Colourbond\\n\\nStoreys: 3\\n\\nAddress: 91 McCracken St Kensington, Kensington, VIC, 3031\",\"mappedRoofType\":\"Tin (Colorbond)\",\"_imported_at\":\"2026-03-12T07:00:00.681Z\"}',NULL,NULL,0,0,NULL,NULL,NULL,NULL,NULL,NULL),
(50,NULL,'new','Sean Hearn','sshearn@hotmail.com','0419 799 111','Bulleen',NULL,NULL,NULL,NULL,NULL,NULL,NULL,NULL,NULL,NULL,NULL,0.00,'Solar Quotes',NULL,0,0,NULL,'2026-03-12 19:00:00',NULL,'2026-03-12 08:00:00',NULL,NULL,NULL,NULL,NULL,NULL,NULL,NULL,NULL,NULL,NULL,NULL,NULL,NULL,NULL,NULL,NULL,NULL,NULL,0,NULL,NULL,0,'1029682','{\"id\":1029682,\"idLeadSupplier\":2302732,\"name\":\"Sean\",\"lastName\":\"Hearn\",\"phone\":\"0419 799 111\",\"email\":\"sshearn@hotmail.com\",\"supplierId\":14039,\"leadPrice\":60,\"claimed\":\"No\",\"size\":\"Not Sure. Please help me decide\",\"systemPriceType\":\"A good mix of quality and price\",\"timeframe\":\"Immediately\",\"quarterlyBill\":\"$500-$1000\",\"electricityBillPerMonth\":\"\",\"ownTheRoofSpace\":\"Yes\",\"typeOfRoof\":\"Tile\",\"typeOfRoofOther\":\"\",\"minimumTenSquareMetersNorthFacing\":\"I\'m not sure - Please Help Me Out\",\"roofSlope\":\"\",\"shade\":\"\",\"direction\":\"Not Sure\",\"storeys\":3,\"features\":\"On Grid Solar\\nMicro Inverters or Power Optimisers\\nBattery System\",\"leadType\":\"On Grid Solar + Batteries\",\"submittedDate\":\"2026-03-12 17:45:09\",\"companyName\":\"\",\"address\":\"75 Yarra Valley Blvd Bulleen\",\"latitude\":-37.760986,\"longitude\":145.0902712,\"installationAddressLineOne\":\"75 Yarra Valley Blvd\",\"installationAddressLineTwo\":\"\",\"installationSuburb\":\"Bulleen\",\"installationState\":\"VIC\",\"installationPostcode\":3105,\"installationCountry\":\"Australia\",\"mailingAddressLineOne\":\"\",\"mailingAddressLineTwo\":\"\",\"mailingSuburb\":\"\",\"mailingState\":\"\",\"mailingPostcode\":\"\",\"mailingCountry\":\"\",\"homeVisit\":\"Yes\",\"availableForConversation\":\"\",\"importantNotes\":\"Would like installation before 01 May 2026 for battery rebate.This lead was submitted via the QuotesV3 form.This customer has indicated that they do not want the VIC rebate.Lead wants to pay cashRequired for: Blackout Protection, charge from solar in blackout, almost instant changeover in a blackout & easily expandableSean has verified this phone number\",\"importantNotesSplit\":\"Would like installation before 01 May 2026 for battery rebate.:This lead was submitted via the QuotesV3 form.:This customer has indicated that they do not want the VIC rebate.:Lead wants to pay cash:Required for: Blackout Protection, charge from solar in blackout, almost instant changeover in a blackout & easily expandable:Sean has verified this phone number\",\"requestedQuotes\":3,\"note\":\"\",\"evExistingSolarSize\":\"\",\"evExistingBattery\":\"No\",\"evInstallationType\":\"\",\"evDistanceChargerSwitchboard\":\"\",\"evCarMakeModel\":\"\",\"images\":{\"evChargerImages\":\"\",\"evSwitchboardImages\":\"\",\"evOtherImages\":\"\",\"hwhpLocationImages\":\"\",\"hwhpSwitchboardImages\":\"\",\"hwhpOtherImages\":\"\"},\"hwhpNumberOfResidents\":\"\",\"hwhpExistingSystem\":\"\",\"hwhpLocationAccessibility\":\"\",\"hwhpSwitchboardDistance\":\"\",\"leadStatus\":\"\",\"funnelVersion\":3,\"extraInfo\":\"Micro Inverters / Power Optimisers\",\"consolidatedNotes\":\"Important Notes: Would like installation before 01 May 2026 for battery rebate.This lead was submitted via the QuotesV3 form.This customer has indicated that they do not want the VIC rebate.Lead wants to pay cashRequired for: Blackout Protection, charge from solar in blackout, almost instant changeover in a blackout & easily expandableSean has verified this phone number\\n\\nFeatures: On Grid Solar\\nMicro Inverters or Power Optimisers\\nBattery System\\n\\nHave Battery: No\\n\\nRoof Type: Tile\\n\\nStoreys: 3\\n\\nAddress: 75 Yarra Valley Blvd Bulleen, Bulleen, VIC, 3105\",\"mappedRoofType\":\"Tile (Concrete)\",\"_imported_at\":\"2026-03-12T08:00:00.598Z\"}',NULL,NULL,0,0,NULL,NULL,NULL,NULL,NULL,NULL),
(51,NULL,'new','Aiden Chan','kssangx5@gmail.com','0472 760 495','Lyndhurst',5.00,NULL,NULL,NULL,NULL,NULL,NULL,NULL,NULL,NULL,NULL,0.00,'Solar Quotes',NULL,0,0,NULL,'2026-03-12 21:00:00',NULL,'2026-03-12 10:00:00',NULL,NULL,NULL,NULL,NULL,NULL,NULL,NULL,NULL,NULL,NULL,NULL,NULL,NULL,NULL,NULL,NULL,NULL,NULL,0,NULL,NULL,0,'1029758','{\"id\":1029758,\"idLeadSupplier\":2302788,\"name\":\"Aiden\",\"lastName\":\"Chan\",\"phone\":\"0472 760 495\",\"email\":\"kssangx5@gmail.com\",\"supplierId\":14039,\"leadPrice\":55,\"claimed\":\"No\",\"size\":\"5 to 10 kW\",\"systemPriceType\":\"A good mix of quality and price\",\"timeframe\":\"In the next 4 weeks\",\"quarterlyBill\":\"\",\"electricityBillPerMonth\":\"\",\"ownTheRoofSpace\":\"Yes\",\"typeOfRoof\":\"Tile\",\"typeOfRoofOther\":\"\",\"minimumTenSquareMetersNorthFacing\":\"I\'m not sure - Please Help Me Out\",\"roofSlope\":\"\",\"shade\":\"\",\"direction\":\"Not Sure\",\"storeys\":1,\"features\":\"On Grid Solar\",\"leadType\":\"On Grid Solar\",\"submittedDate\":\"2026-03-12 20:05:24\",\"companyName\":\"\",\"address\":\"21 Tea Tree Ct Lyndhurst\",\"latitude\":-38.0656147,\"longitude\":145.2488039,\"installationAddressLineOne\":\"21 Tea Tree Ct\",\"installationAddressLineTwo\":\"\",\"installationSuburb\":\"Lyndhurst\",\"installationState\":\"VIC\",\"installationPostcode\":3975,\"installationCountry\":\"Australia\",\"mailingAddressLineOne\":\"\",\"mailingAddressLineTwo\":\"\",\"mailingSuburb\":\"\",\"mailingState\":\"\",\"mailingPostcode\":\"\",\"mailingCountry\":\"\",\"homeVisit\":\"No\",\"availableForConversation\":\"\",\"importantNotes\":\"This lead was submitted via the QuotesV3 form.This customer has indicated that they would like to receive the VIC rebate.Lead wants to pay cashAiden has verified this phone number\",\"importantNotesSplit\":\"This lead was submitted via the QuotesV3 form.:This customer has indicated that they would like to receive the VIC rebate.:Lead wants to pay cash:Aiden has verified this phone number\",\"requestedQuotes\":2,\"note\":\"\",\"evExistingSolarSize\":\"\",\"evExistingBattery\":\"No\",\"evInstallationType\":\"\",\"evDistanceChargerSwitchboard\":\"\",\"evCarMakeModel\":\"\",\"images\":{\"evChargerImages\":\"\",\"evSwitchboardImages\":\"\",\"evOtherImages\":\"\",\"hwhpLocationImages\":\"\",\"hwhpSwitchboardImages\":\"\",\"hwhpOtherImages\":\"\"},\"hwhpNumberOfResidents\":\"\",\"hwhpExistingSystem\":\"\",\"hwhpLocationAccessibility\":\"\",\"hwhpSwitchboardDistance\":\"\",\"leadStatus\":\"\",\"funnelVersion\":3,\"extraInfo\":\"\",\"consolidatedNotes\":\"Important Notes: This lead was submitted via the QuotesV3 form.This customer has indicated that they would like to receive the VIC rebate.Lead wants to pay cashAiden has verified this phone number\\n\\nFeatures: On Grid Solar\\n\\nHave Battery: No\\n\\nRoof Type: Tile\\n\\nStoreys: 1\\n\\nAddress: 21 Tea Tree Ct Lyndhurst, Lyndhurst, VIC, 3975\",\"mappedRoofType\":\"Tile (Concrete)\",\"_imported_at\":\"2026-03-12T10:00:00.942Z\"}',NULL,NULL,0,0,NULL,NULL,NULL,NULL,NULL,NULL),
(52,NULL,'new','Ellen Xin','ellenxin7@hotmail.com','0409 224 188','Kew',NULL,NULL,NULL,NULL,NULL,NULL,NULL,NULL,NULL,NULL,NULL,0.00,'Solar Quotes',NULL,0,0,NULL,'2026-03-13 01:00:00',NULL,'2026-03-12 14:00:00',NULL,NULL,NULL,NULL,NULL,NULL,NULL,NULL,NULL,NULL,NULL,NULL,NULL,NULL,NULL,NULL,NULL,NULL,NULL,0,NULL,NULL,0,'1029803','{\"id\":1029803,\"idLeadSupplier\":2302849,\"name\":\"Ellen\",\"lastName\":\"Xin\",\"phone\":\"0409 224 188\",\"email\":\"ellenxin7@hotmail.com\",\"supplierId\":14039,\"leadPrice\":60,\"claimed\":\"No\",\"size\":\"Not Sure. Please help me decide\",\"systemPriceType\":\"\",\"timeframe\":\"In the next 4 weeks\",\"quarterlyBill\":\"Less than $500\",\"electricityBillPerMonth\":\"\",\"ownTheRoofSpace\":\"Yes\",\"typeOfRoof\":\"Tile\",\"typeOfRoofOther\":\"\",\"minimumTenSquareMetersNorthFacing\":\"I\'m not sure - Please Help Me Out\",\"roofSlope\":\"\",\"shade\":\"\",\"direction\":\"Not Sure\",\"storeys\":3,\"features\":\"Adding Batteries\\nIncrease size of existing solar system\",\"leadType\":\"On Grid Solar + Batteries\",\"submittedDate\":\"2026-03-12 23:40:09\",\"companyName\":\"\",\"address\":\"33 Mont Victor Rd Kew\",\"latitude\":-37.8071891,\"longitude\":145.0576466,\"installationAddressLineOne\":\"33 Mont Victor Rd\",\"installationAddressLineTwo\":\"\",\"installationSuburb\":\"Kew\",\"installationState\":\"VIC\",\"installationPostcode\":3101,\"installationCountry\":\"Australia\",\"mailingAddressLineOne\":\"\",\"mailingAddressLineTwo\":\"\",\"mailingSuburb\":\"\",\"mailingState\":\"\",\"mailingPostcode\":\"\",\"mailingCountry\":\"\",\"homeVisit\":\"Yes\",\"availableForConversation\":\"\",\"importantNotes\":\"remove the old panels, and install new onesLead has consented to discussion of energy plans.This lead was submitted via the QuotesV3 form.Lead wants to pay cashCustomer wants a battery upgradeAmount of storage required: I don\'t knowExisting battery type: UnknownExisting inverter type: Sunny Boy SB1700 Required for: Lowest bills & charge from solar in blackoutEllen has verified this phone number\",\"importantNotesSplit\":\"remove the old panels, and install new ones:Lead has consented to discussion of energy plans.:This lead was submitted via the QuotesV3 form.:Lead wants to pay cash:Customer wants a battery upgrade:Amount of storage required: I don\'t know:Existing battery type: Unknown:Existing inverter type: Sunny Boy SB1700 :Required for: Lowest bills & charge from solar in blackout:Ellen has verified this phone number\",\"requestedQuotes\":3,\"note\":\"\",\"evExistingSolarSize\":\"\",\"evExistingBattery\":\"\",\"evInstallationType\":\"\",\"evDistanceChargerSwitchboard\":\"\",\"evCarMakeModel\":\"\",\"images\":{\"evChargerImages\":\"\",\"evSwitchboardImages\":\"\",\"evOtherImages\":\"\",\"hwhpLocationImages\":\"\",\"hwhpSwitchboardImages\":\"\",\"hwhpOtherImages\":\"\"},\"hwhpNumberOfResidents\":\"\",\"hwhpExistingSystem\":\"\",\"hwhpLocationAccessibility\":\"\",\"hwhpSwitchboardDistance\":\"\",\"leadStatus\":\"\",\"funnelVersion\":3,\"extraInfo\":[\"Solar System Upgrade\",\"Battery System Upgrade\"],\"consolidatedNotes\":\"Important Notes: remove the old panels, and install new onesLead has consented to discussion of energy plans.This lead was submitted via the QuotesV3 form.Lead wants to pay cashCustomer wants a battery upgradeAmount of storage required: I don\'t knowExisting battery type: UnknownExisting inverter type: Sunny Boy SB1700 Required for: Lowest bills & charge from solar in blackoutEllen has verified this phone number\\n\\nFeatures: Adding Batteries\\nIncrease size of existing solar system\\n\\nRoof Type: Tile\\n\\nStoreys: 3\\n\\nAddress: 33 Mont Victor Rd Kew, Kew, VIC, 3101\",\"mappedRoofType\":\"Tile (Concrete)\",\"_imported_at\":\"2026-03-12T14:00:00.615Z\"}',NULL,NULL,0,0,NULL,NULL,NULL,NULL,NULL,NULL),
(53,NULL,'new','Kathryn Lowe','kathryn.lowe@mac.com','0414 373 080','Rowville',NULL,NULL,NULL,NULL,NULL,NULL,NULL,NULL,NULL,NULL,NULL,0.00,'Solar Quotes',NULL,0,0,NULL,'2026-03-13 11:00:00',NULL,'2026-03-13 00:00:00',NULL,NULL,NULL,NULL,NULL,NULL,NULL,NULL,NULL,NULL,NULL,NULL,NULL,NULL,NULL,NULL,NULL,NULL,NULL,0,NULL,NULL,0,'1029948','{\"id\":1029948,\"idLeadSupplier\":2303208,\"name\":\"Kathryn\",\"lastName\":\"Lowe\",\"phone\":\"0414 373 080\",\"email\":\"kathryn.lowe@mac.com\",\"supplierId\":14039,\"leadPrice\":60,\"claimed\":\"No\",\"size\":\"Fill my roof with solar panels\",\"systemPriceType\":\"A good mix of quality and price\",\"timeframe\":\"In the next 3 months\",\"quarterlyBill\":\"$1000-$2000\",\"electricityBillPerMonth\":\"\",\"ownTheRoofSpace\":\"Yes\",\"typeOfRoof\":\"Tile\",\"typeOfRoofOther\":\"\",\"minimumTenSquareMetersNorthFacing\":\"I\'m not sure - Please Help Me Out\",\"roofSlope\":\"\",\"shade\":\"\",\"direction\":\"Not Sure\",\"storeys\":1,\"features\":\"On Grid Solar\\nBattery System\",\"leadType\":\"On Grid Solar + Batteries\",\"submittedDate\":\"2026-03-13 10:05:33\",\"companyName\":\"\",\"address\":\"179 Murrindal Dr Rowville\",\"latitude\":-37.9091057,\"longitude\":145.2638734,\"installationAddressLineOne\":\"179 Murrindal Dr\",\"installationAddressLineTwo\":\"\",\"installationSuburb\":\"Rowville\",\"installationState\":\"VIC\",\"installationPostcode\":3178,\"installationCountry\":\"Australia\",\"mailingAddressLineOne\":\"\",\"mailingAddressLineTwo\":\"\",\"mailingSuburb\":\"\",\"mailingState\":\"\",\"mailingPostcode\":\"\",\"mailingCountry\":\"\",\"homeVisit\":\"Yes\",\"availableForConversation\":\"\",\"importantNotes\":\"Currently renovating and are building an extension to which we can also add solar once completed.We already have solar on our shed and would like that system assessed with the potential of adding a battery to that in addition to adding solar and battery to our house. Lead has consented to discussion of energy plans.This lead was submitted via the QuotesV3 form.This customer has indicated that they do not want the VIC rebate.Lead wants to pay cashRequired for: Lowest bills & easily expandableKathryn has verified this phone number\",\"importantNotesSplit\":\"Currently renovating and are building an extension to which we can also add solar once completed.::We already have solar on our shed and would like that system assessed with the potential of adding a battery to that in addition to adding solar and battery to our house. :Lead has consented to discussion of energy plans.:This lead was submitted via the QuotesV3 form.:This customer has indicated that they do not want the VIC rebate.:Lead wants to pay cash:Required for: Lowest bills & easily expandable:Kathryn has verified this phone number\",\"requestedQuotes\":2,\"note\":\"\",\"evExistingSolarSize\":\"\",\"evExistingBattery\":\"No\",\"evInstallationType\":\"\",\"evDistanceChargerSwitchboard\":\"\",\"evCarMakeModel\":\"\",\"images\":{\"evChargerImages\":\"\",\"evSwitchboardImages\":\"\",\"evOtherImages\":\"\",\"hwhpLocationImages\":\"\",\"hwhpSwitchboardImages\":\"\",\"hwhpOtherImages\":\"\"},\"hwhpNumberOfResidents\":\"\",\"hwhpExistingSystem\":\"\",\"hwhpLocationAccessibility\":\"\",\"hwhpSwitchboardDistance\":\"\",\"leadStatus\":\"\",\"funnelVersion\":3,\"extraInfo\":\"\",\"consolidatedNotes\":\"Important Notes: Currently renovating and are building an extension to which we can also add solar once completed.We already have solar on our shed and would like that system assessed with the potential of adding a battery to that in addition to adding solar and battery to our house. Lead has consented to discussion of energy plans.This lead was submitted via the QuotesV3 form.This customer has indicated that they do not want the VIC rebate.Lead wants to pay cashRequired for: Lowest bills & easily expandableKathryn has verified this phone number\\n\\nFeatures: On Grid Solar\\nBattery System\\n\\nHave Battery: No\\n\\nRoof Type: Tile\\n\\nStoreys: 1\\n\\nAddress: 179 Murrindal Dr Rowville, Rowville, VIC, 3178\",\"mappedRoofType\":\"Tile (Concrete)\",\"_imported_at\":\"2026-03-13T00:00:00.812Z\"}',NULL,NULL,0,0,NULL,NULL,NULL,NULL,NULL,NULL),
(54,NULL,'new','David Kwong','kwongdavid@hotmail.com','0455 451 967','Murrumbeena',NULL,NULL,NULL,NULL,NULL,NULL,NULL,NULL,NULL,NULL,NULL,0.00,'Solar Quotes',NULL,0,0,NULL,'2026-03-13 11:00:00',NULL,'2026-03-13 00:00:00',NULL,NULL,NULL,NULL,NULL,NULL,NULL,NULL,NULL,NULL,NULL,NULL,NULL,NULL,NULL,NULL,NULL,NULL,NULL,0,NULL,NULL,0,'1029708','{\"id\":1029708,\"idLeadSupplier\":2302952,\"name\":\"David\",\"lastName\":\"Kwong\",\"phone\":\"0455 451 967\",\"email\":\"kwongdavid@hotmail.com\",\"supplierId\":14039,\"leadPrice\":50,\"claimed\":\"No\",\"size\":\"\",\"systemPriceType\":\"\",\"timeframe\":\"In the next 3 months\",\"quarterlyBill\":\"Less than $500\",\"electricityBillPerMonth\":\"\",\"ownTheRoofSpace\":\"Yes\",\"typeOfRoof\":\"\",\"typeOfRoofOther\":\"\",\"minimumTenSquareMetersNorthFacing\":\"I\'m not sure - Please Help Me Out\",\"roofSlope\":\"\",\"shade\":\"\",\"direction\":\"Not Sure\",\"storeys\":2,\"features\":\"Battery System\",\"leadType\":\"Batteries\",\"submittedDate\":\"2026-03-13 01:45:35\",\"companyName\":\"\",\"address\":\"28 Bute St Murrumbeena\",\"latitude\":-37.8951151,\"longitude\":145.0704236,\"installationAddressLineOne\":\"28 Bute St\",\"installationAddressLineTwo\":\"\",\"installationSuburb\":\"Murrumbeena\",\"installationState\":\"VIC\",\"installationPostcode\":3163,\"installationCountry\":\"Australia\",\"mailingAddressLineOne\":\"\",\"mailingAddressLineTwo\":\"\",\"mailingSuburb\":\"\",\"mailingState\":\"\",\"mailingPostcode\":\"\",\"mailingCountry\":\"\",\"homeVisit\":\"Yes\",\"availableForConversation\":\"\",\"importantNotes\":\"Looking to install some more solar ~6.6kw as well noting some may be south facing. Currently have about ~5kw installed with ~1.3kw panels taken down due to a renovation. This lead was submitted via the QuotesV3 form.Lead wants to pay cashRequired for: Blackout Protection & charge from solar in blackoutThis is an ORIGIN lead.David has verified this phone number\",\"importantNotesSplit\":\"Looking to install some more solar ~6.6kw as well noting some may be south facing. Currently have about ~5kw installed with ~1.3kw panels taken down due to a renovation. :This lead was submitted via the QuotesV3 form.:Lead wants to pay cash:Required for: Blackout Protection & charge from solar in blackout:This is an ORIGIN lead.:David has verified this phone number\",\"requestedQuotes\":3,\"note\":\"\",\"evExistingSolarSize\":\"\",\"evExistingBattery\":\"\",\"evInstallationType\":\"\",\"evDistanceChargerSwitchboard\":\"\",\"evCarMakeModel\":\"\",\"images\":{\"evChargerImages\":\"\",\"evSwitchboardImages\":\"\",\"evOtherImages\":\"\",\"hwhpLocationImages\":\"\",\"hwhpSwitchboardImages\":\"\",\"hwhpOtherImages\":\"\"},\"hwhpNumberOfResidents\":\"\",\"hwhpExistingSystem\":\"\",\"hwhpLocationAccessibility\":\"\",\"hwhpSwitchboardDistance\":\"\",\"leadStatus\":\"\",\"funnelVersion\":3,\"extraInfo\":\"\",\"consolidatedNotes\":\"Important Notes: Looking to install some more solar ~6.6kw as well noting some may be south facing. Currently have about ~5kw installed with ~1.3kw panels taken down due to a renovation. This lead was submitted via the QuotesV3 form.Lead wants to pay cashRequired for: Blackout Protection & charge from solar in blackoutThis is an ORIGIN lead.David has verified this phone number\\n\\nFeatures: Battery System\\n\\nRoof Type: Yes\\n\\nStoreys: 2\\n\\nAddress: 28 Bute St Murrumbeena, Murrumbeena, VIC, 3163\",\"mappedRoofType\":\"Other\",\"_imported_at\":\"2026-03-13T00:00:00.872Z\"}',NULL,NULL,0,0,NULL,NULL,NULL,NULL,NULL,NULL),
(55,NULL,'new','Awin Stephen','awinstephen@gmail.com','0432 551 768','Mooroolbark',NULL,NULL,NULL,NULL,NULL,NULL,NULL,NULL,NULL,NULL,NULL,0.00,'Solar Quotes',NULL,0,0,NULL,'2026-03-13 11:00:00',NULL,'2026-03-13 00:00:00',NULL,NULL,NULL,NULL,NULL,NULL,NULL,NULL,NULL,NULL,NULL,NULL,NULL,NULL,NULL,NULL,NULL,NULL,NULL,0,NULL,NULL,0,'1029706','{\"id\":1029706,\"idLeadSupplier\":2302946,\"name\":\"Awin\",\"lastName\":\"Stephen\",\"phone\":\"0432 551 768\",\"email\":\"awinstephen@gmail.com\",\"supplierId\":14039,\"leadPrice\":50,\"claimed\":\"No\",\"size\":\"\",\"systemPriceType\":\"\",\"timeframe\":\"In the next 4 weeks\",\"quarterlyBill\":\"$500-$1000\",\"electricityBillPerMonth\":\"\",\"ownTheRoofSpace\":\"Yes\",\"typeOfRoof\":\"\",\"typeOfRoofOther\":\"\",\"minimumTenSquareMetersNorthFacing\":\"I\'m not sure - Please Help Me Out\",\"roofSlope\":\"\",\"shade\":\"\",\"direction\":\"Not Sure\",\"storeys\":1,\"features\":\"Battery System\",\"leadType\":\"Batteries\",\"submittedDate\":\"2026-03-13 01:45:15\",\"companyName\":\"\",\"address\":\"5 Devon Walk Mooroolbark\",\"latitude\":-37.7745499,\"longitude\":145.3232157,\"installationAddressLineOne\":\"5 Devon Walk\",\"installationAddressLineTwo\":\"\",\"installationSuburb\":\"Mooroolbark\",\"installationState\":\"VIC\",\"installationPostcode\":3138,\"installationCountry\":\"Australia\",\"mailingAddressLineOne\":\"\",\"mailingAddressLineTwo\":\"\",\"mailingSuburb\":\"\",\"mailingState\":\"\",\"mailingPostcode\":\"\",\"mailingCountry\":\"\",\"homeVisit\":\"Yes\",\"availableForConversation\":\"\",\"importantNotes\":\"Looking to install before changes to rebates in MayThis lead was submitted via the QuotesV3 form.Lead wants to pay cashExisting inverter type: Goodwe GW5000 MSRequired for: Quickest payback timeAwin has verified this phone number\",\"importantNotesSplit\":\"Looking to install before changes to rebates in May:This lead was submitted via the QuotesV3 form.:Lead wants to pay cash:Existing inverter type: Goodwe GW5000 MS:Required for: Quickest payback time:Awin has verified this phone number\",\"requestedQuotes\":3,\"note\":\"\",\"evExistingSolarSize\":\"\",\"evExistingBattery\":\"\",\"evInstallationType\":\"\",\"evDistanceChargerSwitchboard\":\"\",\"evCarMakeModel\":\"\",\"images\":{\"evChargerImages\":\"\",\"evSwitchboardImages\":\"\",\"evOtherImages\":\"\",\"hwhpLocationImages\":\"\",\"hwhpSwitchboardImages\":\"\",\"hwhpOtherImages\":\"\"},\"hwhpNumberOfResidents\":\"\",\"hwhpExistingSystem\":\"\",\"hwhpLocationAccessibility\":\"\",\"hwhpSwitchboardDistance\":\"\",\"leadStatus\":\"\",\"funnelVersion\":3,\"extraInfo\":\"\",\"consolidatedNotes\":\"Important Notes: Looking to install before changes to rebates in MayThis lead was submitted via the QuotesV3 form.Lead wants to pay cashExisting inverter type: Goodwe GW5000 MSRequired for: Quickest payback timeAwin has verified this phone number\\n\\nFeatures: Battery System\\n\\nRoof Type: Yes\\n\\nStoreys: 1\\n\\nAddress: 5 Devon Walk Mooroolbark, Mooroolbark, VIC, 3138\",\"mappedRoofType\":\"Other\",\"_imported_at\":\"2026-03-13T00:00:00.876Z\"}',NULL,NULL,0,0,NULL,NULL,NULL,NULL,NULL,NULL),
(56,NULL,'new','Ivan Mlinaric','ivanmlinaric@outlook.com','401471415','Botanic Ridge',NULL,NULL,NULL,NULL,NULL,NULL,NULL,NULL,NULL,NULL,NULL,0.00,'Solar Quotes',NULL,0,0,NULL,'2026-03-13 12:00:00',NULL,'2026-03-13 01:00:00',NULL,NULL,NULL,NULL,NULL,NULL,NULL,NULL,NULL,NULL,NULL,NULL,NULL,NULL,NULL,NULL,NULL,NULL,NULL,0,NULL,NULL,0,'1029796','{\"id\":1029796,\"idLeadSupplier\":2303263,\"name\":\"Ivan\",\"lastName\":\"Mlinaric\",\"phone\":401471415,\"email\":\"ivanmlinaric@outlook.com\",\"supplierId\":14039,\"leadPrice\":50,\"claimed\":\"No\",\"size\":\"\",\"systemPriceType\":\"\",\"timeframe\":\"Immediately\",\"quarterlyBill\":\"$500-$1000\",\"electricityBillPerMonth\":\"\",\"ownTheRoofSpace\":\"Yes\",\"typeOfRoof\":\"\",\"typeOfRoofOther\":\"\",\"minimumTenSquareMetersNorthFacing\":\"I\'m not sure - Please Help Me Out\",\"roofSlope\":\"\",\"shade\":\"\",\"direction\":\"Not Sure\",\"storeys\":2,\"features\":\"Battery System\",\"leadType\":\"Batteries\",\"submittedDate\":\"2026-03-13 10:35:25\",\"companyName\":\"\",\"address\":\"27 Bellis Cct Botanic Ridge\",\"latitude\":-38.1441303,\"longitude\":145.2506757,\"installationAddressLineOne\":\"27 Bellis Cct\",\"installationAddressLineTwo\":\"\",\"installationSuburb\":\"Botanic Ridge\",\"installationState\":\"VIC\",\"installationPostcode\":3977,\"installationCountry\":\"Australia\",\"mailingAddressLineOne\":\"\",\"mailingAddressLineTwo\":\"\",\"mailingSuburb\":\"\",\"mailingState\":\"\",\"mailingPostcode\":\"\",\"mailingCountry\":\"\",\"homeVisit\":\"No\",\"availableForConversation\":\"\",\"importantNotes\":\"This lead was submitted via the QuotesV3 form.Lead wants to pay cashExisting inverter type: froniusRequired for: Blackout Protection, charge from solar in blackout & almost instant changeover in a blackoutThis is an ORIGIN lead.Ivan has verified this phone number\",\"importantNotesSplit\":\"This lead was submitted via the QuotesV3 form.::Lead wants to pay cash::Existing inverter type: fronius::Required for: Blackout Protection, charge from solar in blackout & almost instant changeover in a blackout::This is an ORIGIN lead.:Ivan has verified this phone number\",\"requestedQuotes\":3,\"note\":\"\",\"evExistingSolarSize\":\"\",\"evExistingBattery\":\"\",\"evInstallationType\":\"\",\"evDistanceChargerSwitchboard\":\"\",\"evCarMakeModel\":\"\",\"images\":{\"evChargerImages\":\"\",\"evSwitchboardImages\":\"\",\"evOtherImages\":\"\",\"hwhpLocationImages\":\"\",\"hwhpSwitchboardImages\":\"\",\"hwhpOtherImages\":\"\"},\"hwhpNumberOfResidents\":\"\",\"hwhpExistingSystem\":\"\",\"hwhpLocationAccessibility\":\"\",\"hwhpSwitchboardDistance\":\"\",\"leadStatus\":\"\",\"funnelVersion\":3,\"extraInfo\":\"\",\"consolidatedNotes\":\"Important Notes: This lead was submitted via the QuotesV3 form.Lead wants to pay cashExisting inverter type: froniusRequired for: Blackout Protection, charge from solar in blackout & almost instant changeover in a blackoutThis is an ORIGIN lead.Ivan has verified this phone number\\n\\nFeatures: Battery System\\n\\nRoof Type: Yes\\n\\nStoreys: 2\\n\\nAddress: 27 Bellis Cct Botanic Ridge, Botanic Ridge, VIC, 3977\",\"mappedRoofType\":\"Other\",\"_imported_at\":\"2026-03-13T01:00:00.604Z\"}',NULL,NULL,0,0,NULL,NULL,NULL,NULL,NULL,NULL),
(57,NULL,'closed_won','Glynnis Owen','glynnis.owen@optusnet.com.au','0411 469 764','Eltham',NULL,NULL,NULL,NULL,NULL,NULL,NULL,NULL,NULL,NULL,NULL,0.00,'Solar Quotes',NULL,1,1,'2026-03-13 17:47:17','2026-03-13 17:47:17',NULL,'2026-03-13 03:00:00','2026-03-13 06:47:17',NULL,NULL,NULL,NULL,NULL,NULL,NULL,NULL,NULL,NULL,NULL,NULL,NULL,NULL,NULL,NULL,NULL,NULL,0,NULL,NULL,0,'1030082','{\"id\":1030082,\"idLeadSupplier\":2303472,\"name\":\"Glynnis\",\"lastName\":\"Owen\",\"phone\":\"0411 469 764\",\"email\":\"glynnis.owen@optusnet.com.au\",\"supplierId\":14039,\"leadPrice\":50,\"claimed\":\"No\",\"size\":\"Not Sure. Please help me decide\",\"systemPriceType\":\"\",\"timeframe\":\"Immediately\",\"quarterlyBill\":\"Less than $500\",\"electricityBillPerMonth\":\"\",\"ownTheRoofSpace\":\"Yes\",\"typeOfRoof\":\"Other\",\"typeOfRoofOther\":\"Other\",\"minimumTenSquareMetersNorthFacing\":\"I\'m not sure - Please Help Me Out\",\"roofSlope\":\"\",\"shade\":\"\",\"direction\":\"Not Sure\",\"storeys\":\"\",\"features\":\"Adding Batteries\",\"leadType\":\"Batteries\",\"submittedDate\":\"2026-03-13 13:06:01\",\"companyName\":\"\",\"address\":\"9-11 Grove St Eltham\",\"latitude\":-37.7108116,\"longitude\":145.1535576,\"installationAddressLineOne\":\"9-11 Grove St\",\"installationAddressLineTwo\":\"\",\"installationSuburb\":\"Eltham\",\"installationState\":\"VIC\",\"installationPostcode\":3095,\"installationCountry\":\"Australia\",\"mailingAddressLineOne\":\"\",\"mailingAddressLineTwo\":\"\",\"mailingSuburb\":\"\",\"mailingState\":\"\",\"mailingPostcode\":\"\",\"mailingCountry\":\"\",\"homeVisit\":\"Yes\",\"availableForConversation\":\"\",\"importantNotes\":\"We have room for the battery to be installed in our garage.This lead was submitted via the QuotesV3 form.Lead wants to pay cashCustomer wants a battery upgradeAmount of storage required: I don\'t knowExisting battery type: UnknownExisting inverter type: GoodweRequired for: Quickest payback time, almost instant changeover in a blackout & easily expandableGlynnis has verified this phone number\",\"importantNotesSplit\":\"We have room for the battery to be installed in our garage.:This lead was submitted via the QuotesV3 form.:Lead wants to pay cash:Customer wants a battery upgrade:Amount of storage required: I don\'t know:Existing battery type: Unknown:Existing inverter type: Goodwe:Required for: Quickest payback time, almost instant changeover in a blackout & easily expandable:Glynnis has verified this phone number\",\"requestedQuotes\":2,\"note\":\"Glynnis booked for ash between Monday 1-2pm\",\"evExistingSolarSize\":\"\",\"evExistingBattery\":\"\",\"evInstallationType\":\"\",\"evDistanceChargerSwitchboard\":\"\",\"evCarMakeModel\":\"\",\"images\":{\"evChargerImages\":\"\",\"evSwitchboardImages\":\"\",\"evOtherImages\":\"\",\"hwhpLocationImages\":\"\",\"hwhpSwitchboardImages\":\"\",\"hwhpOtherImages\":\"\"},\"hwhpNumberOfResidents\":\"\",\"hwhpExistingSystem\":\"\",\"hwhpLocationAccessibility\":\"\",\"hwhpSwitchboardDistance\":\"\",\"leadStatus\":\"appointment_booked\",\"funnelVersion\":3,\"extraInfo\":\"Battery System Upgrade\",\"consolidatedNotes\":\"Important Notes: We have room for the battery to be installed in our garage.This lead was submitted via the QuotesV3 form.Lead wants to pay cashCustomer wants a battery upgradeAmount of storage required: I don\'t knowExisting battery type: UnknownExisting inverter type: GoodweRequired for: Quickest payback time, almost instant changeover in a blackout & easily expandableGlynnis has verified this phone number\\n\\nFeatures: Adding Batteries\\n\\nRoof Type: Other\\n\\nAddress: 9-11 Grove St Eltham, Eltham, VIC, 3095\",\"mappedRoofType\":\"Other\",\"_imported_at\":\"2026-03-13T03:00:00.555Z\"}',NULL,NULL,0,0,NULL,NULL,NULL,NULL,NULL,NULL),
(58,NULL,'inspection_completed','Lê Nguyễn Nhựt Minh','TESST@GMAIL.COM','123456789','Dandenong',50.00,NULL,NULL,NULL,NULL,NULL,NULL,NULL,NULL,NULL,NULL,100.00,'Facebook',NULL,0,0,NULL,'2026-03-13 16:51:25','2026-03-14 17:50:00','2026-03-13 05:48:16','2026-03-13 05:51:25',NULL,NULL,NULL,NULL,NULL,NULL,NULL,NULL,NULL,NULL,NULL,NULL,NULL,NULL,NULL,NULL,NULL,NULL,0,NULL,NULL,0,NULL,NULL,NULL,NULL,0,0,NULL,NULL,NULL,NULL,NULL,NULL),
(59,NULL,'inspection_booked','Richard Taylor','richjamestaylor@icloud.com','0404 343 219','Elwood',NULL,NULL,NULL,NULL,NULL,NULL,NULL,NULL,NULL,NULL,NULL,0.00,'Solar Quotes',NULL,0,0,NULL,'2026-03-15 20:28:58','2026-03-16 09:00:00','2026-03-15 08:00:00','2026-03-15 09:28:58',NULL,NULL,NULL,NULL,NULL,NULL,NULL,NULL,NULL,NULL,NULL,NULL,NULL,NULL,NULL,NULL,NULL,NULL,0,NULL,NULL,0,'1031017','{\"id\":1031017,\"idLeadSupplier\":2305028,\"name\":\"Richard\",\"lastName\":\"Taylor\",\"phone\":\"0404 343 219\",\"email\":\"richjamestaylor@icloud.com\",\"supplierId\":14039,\"leadPrice\":50,\"claimed\":\"No\",\"size\":\"\",\"systemPriceType\":\"\",\"timeframe\":\"In the next 4 weeks\",\"quarterlyBill\":\"$500-$1000\",\"electricityBillPerMonth\":\"\",\"ownTheRoofSpace\":\"Yes\",\"typeOfRoof\":\"\",\"typeOfRoofOther\":\"\",\"minimumTenSquareMetersNorthFacing\":\"I\'m not sure - Please Help Me Out\",\"roofSlope\":\"\",\"shade\":\"\",\"direction\":\"Not Sure\",\"storeys\":2,\"features\":\"Battery System\",\"leadType\":\"Batteries\",\"submittedDate\":\"2026-03-15 15:05:08\",\"companyName\":\"\",\"address\":\"20 Coleridge St Elwood\",\"latitude\":-37.8811732,\"longitude\":144.992799,\"installationAddressLineOne\":\"20 Coleridge St\",\"installationAddressLineTwo\":\"\",\"installationSuburb\":\"Elwood\",\"installationState\":\"VIC\",\"installationPostcode\":3184,\"installationCountry\":\"Australia\",\"mailingAddressLineOne\":\"\",\"mailingAddressLineTwo\":\"\",\"mailingSuburb\":\"\",\"mailingState\":\"\",\"mailingPostcode\":\"\",\"mailingCountry\":\"\",\"homeVisit\":\"Zoom call\",\"availableForConversation\":\"\",\"importantNotes\":\"This lead was submitted via the QuotesV3 form.Lead wants to pay cashExisting inverter type: Enphase inverters to Jinko panelsRequired for: Quickest payback timeRichard has verified this phone number\",\"importantNotesSplit\":\"This lead was submitted via the QuotesV3 form.:Lead wants to pay cash:Existing inverter type: Enphase inverters to Jinko panels:Required for: Quickest payback time:Richard has verified this phone number\",\"requestedQuotes\":3,\"note\":\"\",\"evExistingSolarSize\":\"\",\"evExistingBattery\":\"\",\"evInstallationType\":\"\",\"evDistanceChargerSwitchboard\":\"\",\"evCarMakeModel\":\"\",\"images\":{\"evChargerImages\":\"\",\"evSwitchboardImages\":\"\",\"evOtherImages\":\"\",\"hwhpLocationImages\":\"\",\"hwhpSwitchboardImages\":\"\",\"hwhpOtherImages\":\"\"},\"hwhpNumberOfResidents\":\"\",\"hwhpExistingSystem\":\"\",\"hwhpLocationAccessibility\":\"\",\"hwhpSwitchboardDistance\":\"\",\"leadStatus\":\"\",\"funnelVersion\":3,\"extraInfo\":\"\",\"consolidatedNotes\":\"Important Notes: This lead was submitted via the QuotesV3 form.Lead wants to pay cashExisting inverter type: Enphase inverters to Jinko panelsRequired for: Quickest payback timeRichard has verified this phone number\\n\\nFeatures: Battery System\\n\\nRoof Type: Yes\\n\\nStoreys: 2\\n\\nAddress: 20 Coleridge St Elwood, Elwood, VIC, 3184\",\"mappedRoofType\":\"Other\",\"_imported_at\":\"2026-03-15T08:00:00.645Z\"}',NULL,NULL,0,0,NULL,NULL,NULL,NULL,NULL,NULL),
(60,NULL,'inspection_booked','David Kirkland','davidkir70@gmail.com','0410 270 084','Ferntree Gully',NULL,NULL,NULL,NULL,NULL,NULL,NULL,NULL,NULL,NULL,NULL,0.00,'Solar Quotes',NULL,0,0,NULL,'2026-03-15 20:39:58','2026-03-17 09:00:00','2026-03-15 08:00:00','2026-03-15 09:39:58',NULL,NULL,NULL,NULL,NULL,NULL,NULL,NULL,NULL,NULL,NULL,NULL,NULL,NULL,NULL,NULL,NULL,NULL,0,NULL,NULL,0,'1030930','{\"id\":1030930,\"idLeadSupplier\":2304848,\"name\":\"David\",\"lastName\":\"Kirkland\",\"phone\":\"0410 270 084\",\"email\":\"davidkir70@gmail.com\",\"supplierId\":14039,\"leadPrice\":50,\"claimed\":\"No\",\"size\":\"\",\"systemPriceType\":\"\",\"timeframe\":\"In the next 4 weeks\",\"quarterlyBill\":\"$500-$1000\",\"electricityBillPerMonth\":\"\",\"ownTheRoofSpace\":\"Yes\",\"typeOfRoof\":\"\",\"typeOfRoofOther\":\"\",\"minimumTenSquareMetersNorthFacing\":\"I\'m not sure - Please Help Me Out\",\"roofSlope\":\"\",\"shade\":\"\",\"direction\":\"Not Sure\",\"storeys\":2,\"features\":\"Battery System\",\"leadType\":\"Batteries\",\"submittedDate\":\"2026-03-15 11:20:34\",\"companyName\":\"\",\"address\":\"18 Holme Rd Ferntree Gully\",\"latitude\":-37.8898357,\"longitude\":145.2663999,\"installationAddressLineOne\":\"18 Holme Rd\",\"installationAddressLineTwo\":\"\",\"installationSuburb\":\"Ferntree Gully\",\"installationState\":\"VIC\",\"installationPostcode\":3156,\"installationCountry\":\"Australia\",\"mailingAddressLineOne\":\"\",\"mailingAddressLineTwo\":\"\",\"mailingSuburb\":\"\",\"mailingState\":\"\",\"mailingPostcode\":\"\",\"mailingCountry\":\"\",\"homeVisit\":\"Yes\",\"availableForConversation\":\"\",\"importantNotes\":\"This lead was submitted via the QuotesV3 form.Lead wants to pay cashExisting inverter type: Solis S5-GR3P8KRequired for: Quickest payback time & charge from solar in blackoutDavid has verified this phone number\",\"importantNotesSplit\":\"This lead was submitted via the QuotesV3 form.:Lead wants to pay cash:Existing inverter type: Solis S5-GR3P8K:Required for: Quickest payback time & charge from solar in blackout:David has verified this phone number\",\"requestedQuotes\":2,\"note\":\"\",\"evExistingSolarSize\":\"\",\"evExistingBattery\":\"\",\"evInstallationType\":\"\",\"evDistanceChargerSwitchboard\":\"\",\"evCarMakeModel\":\"\",\"images\":{\"evChargerImages\":\"\",\"evSwitchboardImages\":\"\",\"evOtherImages\":\"\",\"hwhpLocationImages\":\"\",\"hwhpSwitchboardImages\":\"\",\"hwhpOtherImages\":\"\"},\"hwhpNumberOfResidents\":\"\",\"hwhpExistingSystem\":\"\",\"hwhpLocationAccessibility\":\"\",\"hwhpSwitchboardDistance\":\"\",\"leadStatus\":\"\",\"funnelVersion\":3,\"extraInfo\":\"\",\"consolidatedNotes\":\"Important Notes: This lead was submitted via the QuotesV3 form.Lead wants to pay cashExisting inverter type: Solis S5-GR3P8KRequired for: Quickest payback time & charge from solar in blackoutDavid has verified this phone number\\n\\nFeatures: Battery System\\n\\nRoof Type: Yes\\n\\nStoreys: 2\\n\\nAddress: 18 Holme Rd Ferntree Gully, Ferntree Gully, VIC, 3156\",\"mappedRoofType\":\"Other\",\"_imported_at\":\"2026-03-15T08:00:00.664Z\"}',NULL,NULL,0,0,NULL,NULL,NULL,NULL,NULL,NULL),
(61,NULL,'inspection_booked','Neil Robinson','neilsrobinson15664@gmail.com','0419 537 591','Eltham',NULL,NULL,NULL,NULL,NULL,NULL,NULL,NULL,NULL,NULL,NULL,0.00,'Solar Quotes',NULL,0,0,NULL,'2026-03-16 11:56:56','2026-03-17 09:00:00','2026-03-15 08:00:00','2026-03-16 00:56:56',NULL,NULL,NULL,NULL,NULL,NULL,NULL,NULL,NULL,NULL,NULL,NULL,NULL,NULL,NULL,NULL,NULL,NULL,0,NULL,NULL,0,'1030887','{\"id\":1030887,\"idLeadSupplier\":2304796,\"name\":\"Neil\",\"lastName\":\"Robinson\",\"phone\":\"0419 537 591\",\"email\":\"neilsrobinson15664@gmail.com\",\"supplierId\":14039,\"leadPrice\":60,\"claimed\":\"No\",\"size\":\"Not Sure. Please help me decide\",\"systemPriceType\":\"A good mix of quality and price\",\"timeframe\":\"Immediately\",\"quarterlyBill\":\"Less than $500\",\"electricityBillPerMonth\":\"\",\"ownTheRoofSpace\":\"Yes\",\"typeOfRoof\":\"Tile\",\"typeOfRoofOther\":\"\",\"minimumTenSquareMetersNorthFacing\":\"I\'m not sure - Please Help Me Out\",\"roofSlope\":\"\",\"shade\":\"\",\"direction\":\"Not Sure\",\"storeys\":1,\"features\":\"On Grid Solar\\nBattery System\",\"leadType\":\"On Grid Solar + Batteries\",\"submittedDate\":\"2026-03-15 09:45:25\",\"companyName\":\"\",\"address\":\"12 Balmoral Cct Eltham\",\"latitude\":-37.6950141,\"longitude\":145.1542016,\"installationAddressLineOne\":\"12 Balmoral Cct\",\"installationAddressLineTwo\":\"\",\"installationSuburb\":\"Eltham\",\"installationState\":\"VIC\",\"installationPostcode\":3095,\"installationCountry\":\"Australia\",\"mailingAddressLineOne\":\"\",\"mailingAddressLineTwo\":\"\",\"mailingSuburb\":\"\",\"mailingState\":\"\",\"mailingPostcode\":\"\",\"mailingCountry\":\"\",\"homeVisit\":\"Yes\",\"availableForConversation\":\"\",\"importantNotes\":\"Lead has consented to discussion of energy plans.This lead was submitted via the QuotesV3 form.This customer has indicated that they do not want the VIC rebate.Lead wants to pay cashRequired for: Lowest bills, charge from solar in blackout, almost instant changeover in a blackout, backups up 3-phase appliances & easily expandableNeil has verified this phone number\",\"importantNotesSplit\":\"Lead has consented to discussion of energy plans.:This lead was submitted via the QuotesV3 form.:This customer has indicated that they do not want the VIC rebate.:Lead wants to pay cash:Required for: Lowest bills, charge from solar in blackout, almost instant changeover in a blackout, backups up 3-phase appliances & easily expandable:Neil has verified this phone number\",\"requestedQuotes\":3,\"note\":\"\",\"evExistingSolarSize\":\"\",\"evExistingBattery\":\"No\",\"evInstallationType\":\"\",\"evDistanceChargerSwitchboard\":\"\",\"evCarMakeModel\":\"\",\"images\":{\"evChargerImages\":\"\",\"evSwitchboardImages\":\"\",\"evOtherImages\":\"\",\"hwhpLocationImages\":\"\",\"hwhpSwitchboardImages\":\"\",\"hwhpOtherImages\":\"\"},\"hwhpNumberOfResidents\":\"\",\"hwhpExistingSystem\":\"\",\"hwhpLocationAccessibility\":\"\",\"hwhpSwitchboardDistance\":\"\",\"leadStatus\":\"\",\"funnelVersion\":3,\"extraInfo\":\"\",\"consolidatedNotes\":\"Important Notes: Lead has consented to discussion of energy plans.This lead was submitted via the QuotesV3 form.This customer has indicated that they do not want the VIC rebate.Lead wants to pay cashRequired for: Lowest bills, charge from solar in blackout, almost instant changeover in a blackout, backups up 3-phase appliances & easily expandableNeil has verified this phone number\\n\\nFeatures: On Grid Solar\\nBattery System\\n\\nHave Battery: No\\n\\nRoof Type: Tile\\n\\nStoreys: 1\\n\\nAddress: 12 Balmoral Cct Eltham, Eltham, VIC, 3095\",\"mappedRoofType\":\"Tile (Concrete)\",\"_imported_at\":\"2026-03-15T08:00:00.668Z\"}',NULL,NULL,0,0,NULL,NULL,NULL,NULL,NULL,NULL),
(62,NULL,'new','Matthew Fayle','talkies_decibel.4@icloud.com','0407 663 964','Ashburton',NULL,NULL,NULL,NULL,NULL,NULL,NULL,NULL,NULL,NULL,NULL,0.00,'Solar Quotes',NULL,0,0,NULL,'2026-03-15 19:00:00',NULL,'2026-03-15 08:00:00',NULL,NULL,NULL,NULL,NULL,NULL,NULL,NULL,NULL,NULL,NULL,NULL,NULL,NULL,NULL,NULL,NULL,NULL,NULL,0,NULL,NULL,0,'1030879','{\"id\":1030879,\"idLeadSupplier\":2304782,\"name\":\"Matthew\",\"lastName\":\"Fayle\",\"phone\":\"0407 663 964\",\"email\":\"talkies_decibel.4@icloud.com\",\"supplierId\":14039,\"leadPrice\":60,\"claimed\":\"No\",\"size\":\"Not Sure. Please help me decide\",\"systemPriceType\":\"A good mix of quality and price\",\"timeframe\":\"In the next 3 months\",\"quarterlyBill\":\"Less than $500\",\"electricityBillPerMonth\":\"\",\"ownTheRoofSpace\":\"Yes\",\"typeOfRoof\":\"Tin / Colourbond\",\"typeOfRoofOther\":\"\",\"minimumTenSquareMetersNorthFacing\":\"I\'m not sure - Please Help Me Out\",\"roofSlope\":\"\",\"shade\":\"\",\"direction\":\"Not Sure\",\"storeys\":2,\"features\":\"On Grid Solar\\nMicro Inverters or Power Optimisers\\nBattery System\",\"leadType\":\"On Grid Solar + Batteries\",\"submittedDate\":\"2026-03-15 09:25:19\",\"companyName\":\"\",\"address\":\"12 High St Rd Ashburton\",\"latitude\":-37.8654725,\"longitude\":145.0910703,\"installationAddressLineOne\":\"12 High St Rd\",\"installationAddressLineTwo\":\"\",\"installationSuburb\":\"Ashburton\",\"installationState\":\"VIC\",\"installationPostcode\":3147,\"installationCountry\":\"Australia\",\"mailingAddressLineOne\":\"\",\"mailingAddressLineTwo\":\"\",\"mailingSuburb\":\"\",\"mailingState\":\"\",\"mailingPostcode\":\"\",\"mailingCountry\":\"\",\"homeVisit\":\"No\",\"availableForConversation\":\"\",\"importantNotes\":\"Two storey townhouse with a shared roof area.This lead was submitted via the QuotesV3 form.This customer has indicated that they do not want the VIC rebate.Lead wants to pay cashRequired for: Lowest bills, charge from solar in blackout & almost instant changeover in a blackoutThis is an ORIGIN lead.Matthew has verified this phone number\",\"importantNotesSplit\":\"Two storey townhouse with a shared roof area.:This lead was submitted via the QuotesV3 form.:This customer has indicated that they do not want the VIC rebate.:Lead wants to pay cash:Required for: Lowest bills, charge from solar in blackout & almost instant changeover in a blackout:This is an ORIGIN lead.:Matthew has verified this phone number\",\"requestedQuotes\":2,\"note\":\"\",\"evExistingSolarSize\":\"\",\"evExistingBattery\":\"No\",\"evInstallationType\":\"\",\"evDistanceChargerSwitchboard\":\"\",\"evCarMakeModel\":\"\",\"images\":{\"evChargerImages\":\"\",\"evSwitchboardImages\":\"\",\"evOtherImages\":\"\",\"hwhpLocationImages\":\"\",\"hwhpSwitchboardImages\":\"\",\"hwhpOtherImages\":\"\"},\"hwhpNumberOfResidents\":\"\",\"hwhpExistingSystem\":\"\",\"hwhpLocationAccessibility\":\"\",\"hwhpSwitchboardDistance\":\"\",\"leadStatus\":\"\",\"funnelVersion\":3,\"extraInfo\":\"Micro Inverters / Power Optimisers\",\"consolidatedNotes\":\"Important Notes: Two storey townhouse with a shared roof area.This lead was submitted via the QuotesV3 form.This customer has indicated that they do not want the VIC rebate.Lead wants to pay cashRequired for: Lowest bills, charge from solar in blackout & almost instant changeover in a blackoutThis is an ORIGIN lead.Matthew has verified this phone number\\n\\nFeatures: On Grid Solar\\nMicro Inverters or Power Optimisers\\nBattery System\\n\\nHave Battery: No\\n\\nRoof Type: Tin / Colourbond\\n\\nStoreys: 2\\n\\nAddress: 12 High St Rd Ashburton, Ashburton, VIC, 3147\",\"mappedRoofType\":\"Tin (Colorbond)\",\"_imported_at\":\"2026-03-15T08:00:00.672Z\"}',NULL,NULL,0,0,NULL,NULL,NULL,NULL,NULL,NULL),
(63,NULL,'new','Chris Wignall','wignall2000@gmail.com','0419 595 145','Ivanhoe',NULL,NULL,NULL,NULL,NULL,NULL,NULL,NULL,NULL,NULL,NULL,0.00,'Solar Quotes',NULL,0,0,NULL,'2026-03-15 19:00:00',NULL,'2026-03-15 08:00:00',NULL,NULL,NULL,NULL,NULL,NULL,NULL,NULL,NULL,NULL,NULL,NULL,NULL,NULL,NULL,NULL,NULL,NULL,NULL,0,NULL,NULL,0,'1030853','{\"id\":1030853,\"idLeadSupplier\":2304740,\"name\":\"Chris\",\"lastName\":\"Wignall\",\"phone\":\"0419 595 145\",\"email\":\"wignall2000@gmail.com\",\"supplierId\":14039,\"leadPrice\":55,\"claimed\":\"No\",\"size\":\"Not Sure. Please help me decide\",\"systemPriceType\":\"\",\"timeframe\":\"In the next 4 weeks\",\"quarterlyBill\":\"Don\'t know\",\"electricityBillPerMonth\":\"\",\"ownTheRoofSpace\":\"Yes\",\"typeOfRoof\":\"Terracotta\",\"typeOfRoofOther\":\"\",\"minimumTenSquareMetersNorthFacing\":\"I\'m not sure - Please Help Me Out\",\"roofSlope\":\"\",\"shade\":\"\",\"direction\":\"Not Sure\",\"storeys\":3,\"features\":\"Increase size of existing solar system\",\"leadType\":\"On Grid Solar\",\"submittedDate\":\"2026-03-15 08:30:18\",\"companyName\":\"\",\"address\":\"22 Beatty St Ivanhoe\",\"latitude\":-37.7592294,\"longitude\":145.0425112,\"installationAddressLineOne\":\"22 Beatty St\",\"installationAddressLineTwo\":\"\",\"installationSuburb\":\"Ivanhoe\",\"installationState\":\"VIC\",\"installationPostcode\":3079,\"installationCountry\":\"Australia\",\"mailingAddressLineOne\":\"\",\"mailingAddressLineTwo\":\"\",\"mailingSuburb\":\"\",\"mailingState\":\"\",\"mailingPostcode\":\"\",\"mailingCountry\":\"\",\"homeVisit\":\"Yes\",\"availableForConversation\":\"\",\"importantNotes\":\"I have an existing 2kw system and would like to increase capacity and will charge an EVLead has consented to discussion of energy plans.This lead was submitted via the QuotesV3 form.Lead wants to pay cashChris has verified this phone number\",\"importantNotesSplit\":\"I have an existing 2kw system and would like to increase capacity and will charge an EV:Lead has consented to discussion of energy plans.:This lead was submitted via the QuotesV3 form.:Lead wants to pay cash:Chris has verified this phone number\",\"requestedQuotes\":3,\"note\":\"\",\"evExistingSolarSize\":\"\",\"evExistingBattery\":\"No\",\"evInstallationType\":\"\",\"evDistanceChargerSwitchboard\":\"\",\"evCarMakeModel\":\"\",\"images\":{\"evChargerImages\":\"\",\"evSwitchboardImages\":\"\",\"evOtherImages\":\"\",\"hwhpLocationImages\":\"\",\"hwhpSwitchboardImages\":\"\",\"hwhpOtherImages\":\"\"},\"hwhpNumberOfResidents\":\"\",\"hwhpExistingSystem\":\"\",\"hwhpLocationAccessibility\":\"\",\"hwhpSwitchboardDistance\":\"\",\"leadStatus\":\"\",\"funnelVersion\":3,\"extraInfo\":\"Solar System Upgrade\",\"consolidatedNotes\":\"Important Notes: I have an existing 2kw system and would like to increase capacity and will charge an EVLead has consented to discussion of energy plans.This lead was submitted via the QuotesV3 form.Lead wants to pay cashChris has verified this phone number\\n\\nFeatures: Increase size of existing solar system\\n\\nHave Battery: No\\n\\nRoof Type: Terracotta\\n\\nStoreys: 3\\n\\nAddress: 22 Beatty St Ivanhoe, Ivanhoe, VIC, 3079\",\"mappedRoofType\":\"Other\",\"_imported_at\":\"2026-03-15T08:00:00.682Z\"}',NULL,NULL,0,0,NULL,NULL,NULL,NULL,NULL,NULL),
(64,NULL,'new','Anthony Widjaja','anthony.widjaja@live.com','0402 750 930','Knoxfield',NULL,NULL,NULL,NULL,NULL,NULL,NULL,NULL,NULL,NULL,NULL,0.00,'Solar Quotes',NULL,0,0,NULL,'2026-03-15 19:00:00',NULL,'2026-03-15 08:00:00',NULL,NULL,NULL,NULL,NULL,NULL,NULL,NULL,NULL,NULL,NULL,NULL,NULL,NULL,NULL,NULL,NULL,NULL,NULL,0,NULL,NULL,0,'1030829','{\"id\":1030829,\"idLeadSupplier\":2304736,\"name\":\"Anthony\",\"lastName\":\"Widjaja\",\"phone\":\"0402 750 930\",\"email\":\"anthony.widjaja@live.com\",\"supplierId\":14039,\"leadPrice\":60,\"claimed\":\"No\",\"size\":\"Fill my roof with solar panels\",\"systemPriceType\":\"A good budget system\",\"timeframe\":\"Immediately\",\"quarterlyBill\":\"Less than $500\",\"electricityBillPerMonth\":\"\",\"ownTheRoofSpace\":\"Yes\",\"typeOfRoof\":\"Tin / Colourbond\",\"typeOfRoofOther\":\"\",\"minimumTenSquareMetersNorthFacing\":\"I\'m not sure - Please Help Me Out\",\"roofSlope\":\"\",\"shade\":\"\",\"direction\":\"Not Sure\",\"storeys\":2,\"features\":\"On Grid Solar\\nBattery System\",\"leadType\":\"On Grid Solar + Batteries\",\"submittedDate\":\"2026-03-15 08:30:10\",\"companyName\":\"\",\"address\":\"21 David St Knoxfield\",\"latitude\":-37.8920105,\"longitude\":145.2508811,\"installationAddressLineOne\":\"21 David St\",\"installationAddressLineTwo\":\"\",\"installationSuburb\":\"Knoxfield\",\"installationState\":\"VIC\",\"installationPostcode\":3180,\"installationCountry\":\"Australia\",\"mailingAddressLineOne\":\"\",\"mailingAddressLineTwo\":\"\",\"mailingSuburb\":\"\",\"mailingState\":\"\",\"mailingPostcode\":\"\",\"mailingCountry\":\"\",\"homeVisit\":\"Yes\",\"availableForConversation\":\"\",\"importantNotes\":\"This lead was submitted via the QuotesV3 form.This customer has indicated that they would like to receive the VIC rebate.Lead wants to pay cashRequired for: Quickest payback timeThis is an ORIGIN lead.Anthony has verified this phone number\",\"importantNotesSplit\":\"This lead was submitted via the QuotesV3 form.:This customer has indicated that they would like to receive the VIC rebate.:Lead wants to pay cash:Required for: Quickest payback time:This is an ORIGIN lead.:Anthony has verified this phone number\",\"requestedQuotes\":3,\"note\":\"\",\"evExistingSolarSize\":\"\",\"evExistingBattery\":\"\",\"evInstallationType\":\"\",\"evDistanceChargerSwitchboard\":\"\",\"evCarMakeModel\":\"\",\"images\":{\"evChargerImages\":\"\",\"evSwitchboardImages\":\"\",\"evOtherImages\":\"\",\"hwhpLocationImages\":\"\",\"hwhpSwitchboardImages\":\"\",\"hwhpOtherImages\":\"\"},\"hwhpNumberOfResidents\":\"\",\"hwhpExistingSystem\":\"\",\"hwhpLocationAccessibility\":\"\",\"hwhpSwitchboardDistance\":\"\",\"leadStatus\":\"\",\"funnelVersion\":3,\"extraInfo\":\"\",\"consolidatedNotes\":\"Important Notes: This lead was submitted via the QuotesV3 form.This customer has indicated that they would like to receive the VIC rebate.Lead wants to pay cashRequired for: Quickest payback timeThis is an ORIGIN lead.Anthony has verified this phone number\\n\\nFeatures: On Grid Solar\\nBattery System\\n\\nRoof Type: Tin / Colourbond\\n\\nStoreys: 2\\n\\nAddress: 21 David St Knoxfield, Knoxfield, VIC, 3180\",\"mappedRoofType\":\"Tin (Colorbond)\",\"_imported_at\":\"2026-03-15T08:00:00.688Z\"}',NULL,NULL,0,0,NULL,NULL,NULL,NULL,NULL,NULL),
(65,NULL,'new','David Nguyen','qkdn@me.com','0434 382 676','Mont Albert',NULL,NULL,NULL,NULL,NULL,NULL,NULL,NULL,NULL,NULL,NULL,0.00,'Solar Quotes',NULL,0,0,NULL,'2026-03-25 23:33:50',NULL,'2026-03-15 08:00:00','2026-03-25 23:33:50',NULL,NULL,NULL,NULL,NULL,NULL,NULL,NULL,NULL,NULL,NULL,NULL,'2026-03-25 23:33:46',NULL,NULL,NULL,NULL,NULL,0,NULL,NULL,0,'1030782','{\"id\":1030782,\"idLeadSupplier\":2304694,\"name\":\"David\",\"lastName\":\"Nguyen\",\"phone\":\"0434 382 676\",\"email\":\"qkdn@me.com\",\"supplierId\":14039,\"leadPrice\":60,\"claimed\":\"No\",\"size\":\"Fill my roof with solar panels\",\"systemPriceType\":\"A good mix of quality and price\",\"timeframe\":\"In the next 3 months\",\"quarterlyBill\":\"Less than $500\",\"electricityBillPerMonth\":\"\",\"ownTheRoofSpace\":\"Yes\",\"typeOfRoof\":\"Tin / Colourbond\",\"typeOfRoofOther\":\"\",\"minimumTenSquareMetersNorthFacing\":\"I\'m not sure - Please Help Me Out\",\"roofSlope\":\"\",\"shade\":\"\",\"direction\":\"Not Sure\",\"storeys\":2,\"features\":\"On Grid Solar\\nBattery System\",\"leadType\":\"On Grid Solar + Batteries\",\"submittedDate\":\"2026-03-15 02:05:55\",\"companyName\":\"\",\"address\":\"15 Leopold Cres Mont Albert\",\"latitude\":-37.8223209,\"longitude\":145.1034873,\"installationAddressLineOne\":\"15 Leopold Cres\",\"installationAddressLineTwo\":\"\",\"installationSuburb\":\"Mont Albert\",\"installationState\":\"VIC\",\"installationPostcode\":3127,\"installationCountry\":\"Australia\",\"mailingAddressLineOne\":\"\",\"mailingAddressLineTwo\":\"\",\"mailingSuburb\":\"\",\"mailingState\":\"\",\"mailingPostcode\":\"\",\"mailingCountry\":\"\",\"homeVisit\":\"Yes\",\"availableForConversation\":\"\",\"importantNotes\":\"This lead was submitted via the QuotesV3 form.This customer has indicated that they do not want the VIC rebate.Lead wants to pay cashRequired for: Quickest payback time & charge from solar in blackoutDavid has verified this phone number\",\"importantNotesSplit\":\"This lead was submitted via the QuotesV3 form.:This customer has indicated that they do not want the VIC rebate.:Lead wants to pay cash:Required for: Quickest payback time & charge from solar in blackout:David has verified this phone number\",\"requestedQuotes\":2,\"note\":\"\",\"evExistingSolarSize\":\"\",\"evExistingBattery\":\"No\",\"evInstallationType\":\"\",\"evDistanceChargerSwitchboard\":\"\",\"evCarMakeModel\":\"\",\"images\":{\"evChargerImages\":\"\",\"evSwitchboardImages\":\"\",\"evOtherImages\":\"\",\"hwhpLocationImages\":\"\",\"hwhpSwitchboardImages\":\"\",\"hwhpOtherImages\":\"\"},\"hwhpNumberOfResidents\":\"\",\"hwhpExistingSystem\":\"\",\"hwhpLocationAccessibility\":\"\",\"hwhpSwitchboardDistance\":\"\",\"leadStatus\":\"\",\"funnelVersion\":3,\"extraInfo\":\"\",\"consolidatedNotes\":\"Important Notes: This lead was submitted via the QuotesV3 form.This customer has indicated that they do not want the VIC rebate.Lead wants to pay cashRequired for: Quickest payback time & charge from solar in blackoutDavid has verified this phone number\\n\\nFeatures: On Grid Solar\\nBattery System\\n\\nHave Battery: No\\n\\nRoof Type: Tin / Colourbond\\n\\nStoreys: 2\\n\\nAddress: 15 Leopold Cres Mont Albert, Mont Albert, VIC, 3127\",\"mappedRoofType\":\"Tin (Colorbond)\",\"_imported_at\":\"2026-03-15T08:00:00.709Z\"}',NULL,NULL,0,0,NULL,NULL,NULL,NULL,NULL,NULL),
(66,NULL,'new','Jovica Torlak','torlak@bigpond.com','0400 057 584','Malvern East',5.00,NULL,NULL,NULL,NULL,NULL,NULL,NULL,NULL,NULL,NULL,0.00,'Solar Quotes',NULL,0,0,NULL,'2026-03-15 19:00:00',NULL,'2026-03-15 08:00:00',NULL,NULL,NULL,NULL,NULL,NULL,NULL,NULL,NULL,NULL,NULL,NULL,NULL,NULL,NULL,NULL,NULL,NULL,NULL,0,NULL,NULL,0,'1030705','{\"id\":1030705,\"idLeadSupplier\":2304645,\"name\":\"Jovica\",\"lastName\":\"Torlak\",\"phone\":\"0400 057 584\",\"email\":\"torlak@bigpond.com\",\"supplierId\":14039,\"leadPrice\":55,\"claimed\":\"No\",\"size\":\"5 to 10 kW\",\"systemPriceType\":\"A good mix of quality and price\",\"timeframe\":\"In the next 3 months\",\"quarterlyBill\":\"\",\"electricityBillPerMonth\":\"\",\"ownTheRoofSpace\":\"Yes\",\"typeOfRoof\":\"Tin / Colourbond\",\"typeOfRoofOther\":\"\",\"minimumTenSquareMetersNorthFacing\":\"I\'m not sure - Please Help Me Out\",\"roofSlope\":\"\",\"shade\":\"\",\"direction\":\"Not Sure\",\"storeys\":2,\"features\":\"On Grid Solar\\nA home currently under construction - frame and roof completed\",\"leadType\":\"On Grid Solar\",\"submittedDate\":\"2026-03-15 01:45:59\",\"companyName\":\"\",\"address\":\"76 Alma St Malvern East\",\"latitude\":-37.88021,\"longitude\":145.0774259,\"installationAddressLineOne\":\"76 Alma St\",\"installationAddressLineTwo\":\"\",\"installationSuburb\":\"Malvern East\",\"installationState\":\"VIC\",\"installationPostcode\":3145,\"installationCountry\":\"Australia\",\"mailingAddressLineOne\":\"\",\"mailingAddressLineTwo\":\"\",\"mailingSuburb\":\"\",\"mailingState\":\"\",\"mailingPostcode\":\"\",\"mailingCountry\":\"\",\"homeVisit\":\"No\",\"availableForConversation\":\"\",\"importantNotes\":\"Hi could you please provide this quote for 2 under construction dwellings (duplex) with a flat metal roof. Each dwelling is to have a 6.6kw system with a 5kw inverter (preferably Fronius or similar quality).This lead was submitted via the QuotesV3 form.This customer has indicated that they do not want the VIC rebate.Lead wants to pay cashJovica has verified this phone number\",\"importantNotesSplit\":\"Hi could you please provide this quote for 2 under construction dwellings (duplex) with a flat metal roof. Each dwelling is to have a 6.6kw system with a 5kw inverter (preferably Fronius or similar quality).:This lead was submitted via the QuotesV3 form.:This customer has indicated that they do not want the VIC rebate.:Lead wants to pay cash:Jovica has verified this phone number\",\"requestedQuotes\":3,\"note\":\"\",\"evExistingSolarSize\":\"\",\"evExistingBattery\":\"No\",\"evInstallationType\":\"\",\"evDistanceChargerSwitchboard\":\"\",\"evCarMakeModel\":\"\",\"images\":{\"evChargerImages\":\"\",\"evSwitchboardImages\":\"\",\"evOtherImages\":\"\",\"hwhpLocationImages\":\"\",\"hwhpSwitchboardImages\":\"\",\"hwhpOtherImages\":\"\"},\"hwhpNumberOfResidents\":\"\",\"hwhpExistingSystem\":\"\",\"hwhpLocationAccessibility\":\"\",\"hwhpSwitchboardDistance\":\"\",\"leadStatus\":\"\",\"funnelVersion\":3,\"extraInfo\":\"\",\"consolidatedNotes\":\"Important Notes: Hi could you please provide this quote for 2 under construction dwellings (duplex) with a flat metal roof. Each dwelling is to have a 6.6kw system with a 5kw inverter (preferably Fronius or similar quality).This lead was submitted via the QuotesV3 form.This customer has indicated that they do not want the VIC rebate.Lead wants to pay cashJovica has verified this phone number\\n\\nFeatures: On Grid Solar\\nA home currently under construction - frame and roof completed\\n\\nHave Battery: No\\n\\nRoof Type: Tin / Colourbond\\n\\nStoreys: 2\\n\\nAddress: 76 Alma St Malvern East, Malvern East, VIC, 3145\",\"mappedRoofType\":\"Tin (Colorbond)\",\"_imported_at\":\"2026-03-15T08:00:00.714Z\"}',NULL,NULL,0,0,NULL,NULL,NULL,NULL,NULL,NULL),
(67,NULL,'new','Sharon Song','sharonsong23@gmail.com','0425 260 639','Burwood',5.00,NULL,NULL,NULL,NULL,NULL,NULL,NULL,NULL,NULL,NULL,0.00,'Solar Quotes',NULL,0,0,NULL,'2026-03-15 19:00:00',NULL,'2026-03-15 08:00:00',NULL,NULL,NULL,NULL,NULL,NULL,NULL,NULL,NULL,NULL,NULL,NULL,NULL,NULL,NULL,NULL,NULL,NULL,NULL,0,NULL,NULL,0,'1030794','{\"id\":1030794,\"idLeadSupplier\":2304518,\"name\":\"Sharon\",\"lastName\":\"Song\",\"phone\":\"0425 260 639\",\"email\":\"sharonsong23@gmail.com\",\"supplierId\":14039,\"leadPrice\":60,\"claimed\":\"No\",\"size\":\"5 to 10 kW\",\"systemPriceType\":\"A good mix of quality and price\",\"timeframe\":\"In the next 3 months\",\"quarterlyBill\":\"$500-$1000\",\"electricityBillPerMonth\":\"\",\"ownTheRoofSpace\":\"Yes\",\"typeOfRoof\":\"Terracotta\",\"typeOfRoofOther\":\"\",\"minimumTenSquareMetersNorthFacing\":\"I\'m not sure - Please Help Me Out\",\"roofSlope\":\"\",\"shade\":\"\",\"direction\":\"Not Sure\",\"storeys\":1,\"features\":\"On Grid Solar\\nBattery System\",\"leadType\":\"On Grid Solar + Batteries\",\"submittedDate\":\"2026-03-14 23:05:08\",\"companyName\":\"\",\"address\":\"16 Wattlebird Ct Burwood\",\"latitude\":-37.8427435,\"longitude\":145.1012891,\"installationAddressLineOne\":\"16 Wattlebird Ct\",\"installationAddressLineTwo\":\"\",\"installationSuburb\":\"Burwood\",\"installationState\":\"VIC\",\"installationPostcode\":3125,\"installationCountry\":\"Australia\",\"mailingAddressLineOne\":\"\",\"mailingAddressLineTwo\":\"\",\"mailingSuburb\":\"\",\"mailingState\":\"\",\"mailingPostcode\":\"\",\"mailingCountry\":\"\",\"homeVisit\":\"No\",\"availableForConversation\":\"\",\"importantNotes\":\"This lead was submitted via the QuotesV3 form.This customer has indicated that they would like to receive the VIC rebate.Lead wants to pay cashRequired for: Lowest bills, charge from solar in blackout & almost instant changeover in a blackoutThis is an ORIGIN lead.Sharon  has verified this phone number\",\"importantNotesSplit\":\"This lead was submitted via the QuotesV3 form.:This customer has indicated that they would like to receive the VIC rebate.:Lead wants to pay cash:Required for: Lowest bills, charge from solar in blackout & almost instant changeover in a blackout:This is an ORIGIN lead.:Sharon  has verified this phone number\",\"requestedQuotes\":3,\"note\":\"\",\"evExistingSolarSize\":\"\",\"evExistingBattery\":\"No\",\"evInstallationType\":\"\",\"evDistanceChargerSwitchboard\":\"\",\"evCarMakeModel\":\"\",\"images\":{\"evChargerImages\":\"\",\"evSwitchboardImages\":\"\",\"evOtherImages\":\"\",\"hwhpLocationImages\":\"\",\"hwhpSwitchboardImages\":\"\",\"hwhpOtherImages\":\"\"},\"hwhpNumberOfResidents\":\"\",\"hwhpExistingSystem\":\"\",\"hwhpLocationAccessibility\":\"\",\"hwhpSwitchboardDistance\":\"\",\"leadStatus\":\"\",\"funnelVersion\":3,\"extraInfo\":\"\",\"consolidatedNotes\":\"Important Notes: This lead was submitted via the QuotesV3 form.This customer has indicated that they would like to receive the VIC rebate.Lead wants to pay cashRequired for: Lowest bills, charge from solar in blackout & almost instant changeover in a blackoutThis is an ORIGIN lead.Sharon  has verified this phone number\\n\\nFeatures: On Grid Solar\\nBattery System\\n\\nHave Battery: No\\n\\nRoof Type: Terracotta\\n\\nStoreys: 1\\n\\nAddress: 16 Wattlebird Ct Burwood, Burwood, VIC, 3125\",\"mappedRoofType\":\"Other\",\"_imported_at\":\"2026-03-15T08:00:00.718Z\"}',NULL,NULL,0,0,NULL,NULL,NULL,NULL,NULL,NULL),
(68,NULL,'new','Neil Horvath','knwhorvath@gmail.com','0449 162 020','Vermont South',10.00,NULL,NULL,NULL,NULL,NULL,NULL,NULL,NULL,NULL,NULL,0.00,'Solar Quotes',NULL,0,0,NULL,'2026-03-15 19:00:00',NULL,'2026-03-15 08:00:00',NULL,NULL,NULL,NULL,NULL,NULL,NULL,NULL,NULL,NULL,NULL,NULL,NULL,NULL,NULL,NULL,NULL,NULL,NULL,0,NULL,NULL,0,'1030746','{\"id\":1030746,\"idLeadSupplier\":2304458,\"name\":\"Neil\",\"lastName\":\"Horvath\",\"phone\":\"0449 162 020\",\"email\":\"knwhorvath@gmail.com\",\"supplierId\":14039,\"leadPrice\":60,\"claimed\":\"No\",\"size\":\"10 to 15 kW\",\"systemPriceType\":\"A good mix of quality and price\",\"timeframe\":\"In the next 4 weeks\",\"quarterlyBill\":\"Less than $500\",\"electricityBillPerMonth\":\"\",\"ownTheRoofSpace\":\"Yes\",\"typeOfRoof\":\"Terracotta\",\"typeOfRoofOther\":\"\",\"minimumTenSquareMetersNorthFacing\":\"I\'m not sure - Please Help Me Out\",\"roofSlope\":\"\",\"shade\":\"\",\"direction\":\"Not Sure\",\"storeys\":1,\"features\":\"On Grid Solar\\nMicro Inverters or Power Optimisers\\nBattery System\",\"leadType\":\"On Grid Solar + Batteries\",\"submittedDate\":\"2026-03-14 20:45:07\",\"companyName\":\"\",\"address\":\"16 Warrington Ave Vermont South\",\"latitude\":-37.8560445,\"longitude\":145.1890334,\"installationAddressLineOne\":\"16 Warrington Ave\",\"installationAddressLineTwo\":\"\",\"installationSuburb\":\"Vermont South\",\"installationState\":\"VIC\",\"installationPostcode\":3133,\"installationCountry\":\"Australia\",\"mailingAddressLineOne\":\"\",\"mailingAddressLineTwo\":\"\",\"mailingSuburb\":\"\",\"mailingState\":\"\",\"mailingPostcode\":\"\",\"mailingCountry\":\"\",\"homeVisit\":\"Yes\",\"availableForConversation\":\"\",\"importantNotes\":\"Replace exitibg panels. Use all subsidies currentlt available. 10 kW inverter with around 12 kW of soalr panelsQuality inverter such as Fronius, solaredge, digenergy or SMA preferred. Minimum 25 year warranty on solar panels.This lead was submitted via the QuotesV3 form.This customer has indicated that they would like to receive the VIC rebate.Lead wants to pay cashRequired for: Quickest payback time, charge from solar in blackout & almost instant changeover in a blackoutNeil  has verified this phone number\",\"importantNotesSplit\":\"Replace exitibg panels. Use all subsidies currentlt available. 10 kW inverter with around 12 kW of soalr panels::Quality inverter such as Fronius, solaredge, digenergy or SMA preferred. Minimum 25 year warranty on solar panels.:This lead was submitted via the QuotesV3 form.:This customer has indicated that they would like to receive the VIC rebate.:Lead wants to pay cash:Required for: Quickest payback time, charge from solar in blackout & almost instant changeover in a blackout:Neil  has verified this phone number\",\"requestedQuotes\":2,\"note\":\"\",\"evExistingSolarSize\":\"\",\"evExistingBattery\":\"No\",\"evInstallationType\":\"\",\"evDistanceChargerSwitchboard\":\"\",\"evCarMakeModel\":\"\",\"images\":{\"evChargerImages\":\"\",\"evSwitchboardImages\":\"\",\"evOtherImages\":\"\",\"hwhpLocationImages\":\"\",\"hwhpSwitchboardImages\":\"\",\"hwhpOtherImages\":\"\"},\"hwhpNumberOfResidents\":\"\",\"hwhpExistingSystem\":\"\",\"hwhpLocationAccessibility\":\"\",\"hwhpSwitchboardDistance\":\"\",\"leadStatus\":\"\",\"funnelVersion\":3,\"extraInfo\":\"Micro Inverters / Power Optimisers\",\"consolidatedNotes\":\"Important Notes: Replace exitibg panels. Use all subsidies currentlt available. 10 kW inverter with around 12 kW of soalr panelsQuality inverter such as Fronius, solaredge, digenergy or SMA preferred. Minimum 25 year warranty on solar panels.This lead was submitted via the QuotesV3 form.This customer has indicated that they would like to receive the VIC rebate.Lead wants to pay cashRequired for: Quickest payback time, charge from solar in blackout & almost instant changeover in a blackoutNeil  has verified this phone number\\n\\nFeatures: On Grid Solar\\nMicro Inverters or Power Optimisers\\nBattery System\\n\\nHave Battery: No\\n\\nRoof Type: Terracotta\\n\\nStoreys: 1\\n\\nAddress: 16 Warrington Ave Vermont South, Vermont South, VIC, 3133\",\"mappedRoofType\":\"Other\",\"_imported_at\":\"2026-03-15T08:00:00.722Z\"}',NULL,NULL,0,0,NULL,NULL,NULL,NULL,NULL,NULL),
(69,NULL,'new','Stephen Hooke','emailstevehooke@gmail.com','0421 048 329','Nunawading',NULL,NULL,NULL,NULL,NULL,NULL,NULL,NULL,NULL,NULL,NULL,0.00,'Solar Quotes',NULL,0,0,NULL,'2026-03-15 19:00:00',NULL,'2026-03-15 08:00:00',NULL,NULL,NULL,NULL,NULL,NULL,NULL,NULL,NULL,NULL,NULL,NULL,NULL,NULL,NULL,NULL,NULL,NULL,NULL,0,NULL,NULL,0,'1030710','{\"id\":1030710,\"idLeadSupplier\":2304436,\"name\":\"Stephen\",\"lastName\":\"Hooke\",\"phone\":\"0421 048 329\",\"email\":\"emailstevehooke@gmail.com\",\"supplierId\":14039,\"leadPrice\":50,\"claimed\":\"No\",\"size\":\"\",\"systemPriceType\":\"\",\"timeframe\":\"Immediately\",\"quarterlyBill\":\"$500-$1000\",\"electricityBillPerMonth\":\"\",\"ownTheRoofSpace\":\"Yes\",\"typeOfRoof\":\"\",\"typeOfRoofOther\":\"\",\"minimumTenSquareMetersNorthFacing\":\"I\'m not sure - Please Help Me Out\",\"roofSlope\":\"\",\"shade\":\"\",\"direction\":\"Not Sure\",\"storeys\":1,\"features\":\"Battery System\",\"leadType\":\"Batteries\",\"submittedDate\":\"2026-03-14 18:40:25\",\"companyName\":\"\",\"address\":\"9 Lemon Grove Nunawading\",\"latitude\":-37.8087243,\"longitude\":145.1837885,\"installationAddressLineOne\":\"9 Lemon Grove\",\"installationAddressLineTwo\":\"\",\"installationSuburb\":\"Nunawading\",\"installationState\":\"VIC\",\"installationPostcode\":3131,\"installationCountry\":\"Australia\",\"mailingAddressLineOne\":\"\",\"mailingAddressLineTwo\":\"\",\"mailingSuburb\":\"\",\"mailingState\":\"\",\"mailingPostcode\":\"\",\"mailingCountry\":\"\",\"homeVisit\":\"No\",\"availableForConversation\":\"\",\"importantNotes\":\"This lead was submitted via the QuotesV3 form.Lead wants to pay cashExisting inverter type: Enphase Required for: Blackout Protection, charge from solar in blackout, almost instant changeover in a blackout & backups up 3-phase appliancesStephen  has verified this phone number\",\"importantNotesSplit\":\"This lead was submitted via the QuotesV3 form.:Lead wants to pay cash:Existing inverter type: Enphase :Required for: Blackout Protection, charge from solar in blackout, almost instant changeover in a blackout & backups up 3-phase appliances:Stephen  has verified this phone number\",\"requestedQuotes\":2,\"note\":\"\",\"evExistingSolarSize\":\"\",\"evExistingBattery\":\"\",\"evInstallationType\":\"\",\"evDistanceChargerSwitchboard\":\"\",\"evCarMakeModel\":\"\",\"images\":{\"evChargerImages\":\"\",\"evSwitchboardImages\":\"\",\"evOtherImages\":\"\",\"hwhpLocationImages\":\"\",\"hwhpSwitchboardImages\":\"\",\"hwhpOtherImages\":\"\"},\"hwhpNumberOfResidents\":\"\",\"hwhpExistingSystem\":\"\",\"hwhpLocationAccessibility\":\"\",\"hwhpSwitchboardDistance\":\"\",\"leadStatus\":\"\",\"funnelVersion\":3,\"extraInfo\":\"\",\"consolidatedNotes\":\"Important Notes: This lead was submitted via the QuotesV3 form.Lead wants to pay cashExisting inverter type: Enphase Required for: Blackout Protection, charge from solar in blackout, almost instant changeover in a blackout & backups up 3-phase appliancesStephen  has verified this phone number\\n\\nFeatures: Battery System\\n\\nRoof Type: Yes\\n\\nStoreys: 1\\n\\nAddress: 9 Lemon Grove Nunawading, Nunawading, VIC, 3131\",\"mappedRoofType\":\"Other\",\"_imported_at\":\"2026-03-15T08:00:00.726Z\"}',NULL,NULL,0,0,NULL,NULL,NULL,NULL,NULL,NULL),
(70,NULL,'new','Gary Wyatt','gdw2964@outlook.com','0437 257 753','Wantirna South',NULL,NULL,NULL,NULL,NULL,NULL,NULL,NULL,NULL,NULL,NULL,0.00,'Solar Quotes',NULL,0,0,NULL,'2026-03-15 19:00:00',NULL,'2026-03-15 08:00:00',NULL,NULL,NULL,NULL,NULL,NULL,NULL,NULL,NULL,NULL,NULL,NULL,NULL,NULL,NULL,NULL,NULL,NULL,NULL,0,NULL,NULL,0,'1030654','{\"id\":1030654,\"idLeadSupplier\":2304390,\"name\":\"Gary\",\"lastName\":\"Wyatt\",\"phone\":\"0437 257 753\",\"email\":\"gdw2964@outlook.com\",\"supplierId\":14039,\"leadPrice\":50,\"claimed\":\"No\",\"size\":\"\",\"systemPriceType\":\"\",\"timeframe\":\"In the next 4 weeks\",\"quarterlyBill\":\"Less than $500\",\"electricityBillPerMonth\":\"\",\"ownTheRoofSpace\":\"Yes\",\"typeOfRoof\":\"\",\"typeOfRoofOther\":\"\",\"minimumTenSquareMetersNorthFacing\":\"I\'m not sure - Please Help Me Out\",\"roofSlope\":\"\",\"shade\":\"\",\"direction\":\"Not Sure\",\"storeys\":2,\"features\":\"Battery System\",\"leadType\":\"Batteries\",\"submittedDate\":\"2026-03-14 17:05:18\",\"companyName\":\"\",\"address\":\"4 Riverpark Dr Wantirna South\",\"latitude\":-37.8728715,\"longitude\":145.2322395,\"installationAddressLineOne\":\"4 Riverpark Dr\",\"installationAddressLineTwo\":\"\",\"installationSuburb\":\"Wantirna South\",\"installationState\":\"VIC\",\"installationPostcode\":3152,\"installationCountry\":\"Australia\",\"mailingAddressLineOne\":\"\",\"mailingAddressLineTwo\":\"\",\"mailingSuburb\":\"\",\"mailingState\":\"\",\"mailingPostcode\":\"\",\"mailingCountry\":\"\",\"homeVisit\":\"Yes\",\"availableForConversation\":\"\",\"importantNotes\":\"This lead was submitted via the QuotesV3 form.Lead wants to pay cashExisting inverter type: Enphase s270 Micro Inverters & LG 330 w NeON panelsRequired for: Blackout Protection, charge from solar in blackout & easily expandableGary has verified this phone number\",\"importantNotesSplit\":\"This lead was submitted via the QuotesV3 form.::Lead wants to pay cash::Existing inverter type: Enphase s270 Micro Inverters & LG 330 w NeON panels::Required for: Blackout Protection, charge from solar in blackout & easily expandable::Gary has verified this phone number\",\"requestedQuotes\":2,\"note\":\"\",\"evExistingSolarSize\":\"\",\"evExistingBattery\":\"\",\"evInstallationType\":\"\",\"evDistanceChargerSwitchboard\":\"\",\"evCarMakeModel\":\"\",\"images\":{\"evChargerImages\":\"\",\"evSwitchboardImages\":\"\",\"evOtherImages\":\"\",\"hwhpLocationImages\":\"\",\"hwhpSwitchboardImages\":\"\",\"hwhpOtherImages\":\"\"},\"hwhpNumberOfResidents\":\"\",\"hwhpExistingSystem\":\"\",\"hwhpLocationAccessibility\":\"\",\"hwhpSwitchboardDistance\":\"\",\"leadStatus\":\"\",\"funnelVersion\":3,\"extraInfo\":\"\",\"consolidatedNotes\":\"Important Notes: This lead was submitted via the QuotesV3 form.Lead wants to pay cashExisting inverter type: Enphase s270 Micro Inverters & LG 330 w NeON panelsRequired for: Blackout Protection, charge from solar in blackout & easily expandableGary has verified this phone number\\n\\nFeatures: Battery System\\n\\nRoof Type: Yes\\n\\nStoreys: 2\\n\\nAddress: 4 Riverpark Dr Wantirna South, Wantirna South, VIC, 3152\",\"mappedRoofType\":\"Other\",\"_imported_at\":\"2026-03-15T08:00:00.731Z\"}',NULL,NULL,0,0,NULL,NULL,NULL,NULL,NULL,NULL),
(71,NULL,'new','Adriyan Hansopaheluwakan','nelizhu88@gmail.com','0433 753 588','Narre Warren',NULL,NULL,NULL,NULL,NULL,NULL,NULL,NULL,NULL,NULL,NULL,0.00,'Solar Quotes',NULL,0,0,NULL,'2026-03-15 19:00:00',NULL,'2026-03-15 08:00:00',NULL,NULL,NULL,NULL,NULL,NULL,NULL,NULL,NULL,NULL,NULL,NULL,NULL,NULL,NULL,NULL,NULL,NULL,NULL,0,NULL,NULL,0,'1030641','{\"id\":1030641,\"idLeadSupplier\":2304370,\"name\":\"Adriyan\",\"lastName\":\"Hansopaheluwakan\",\"phone\":\"0433 753 588\",\"email\":\"nelizhu88@gmail.com\",\"supplierId\":14039,\"leadPrice\":50,\"claimed\":\"No\",\"size\":\"\",\"systemPriceType\":\"\",\"timeframe\":\"In the next 4 weeks\",\"quarterlyBill\":\"$500-$1000\",\"electricityBillPerMonth\":\"\",\"ownTheRoofSpace\":\"Yes\",\"typeOfRoof\":\"\",\"typeOfRoofOther\":\"\",\"minimumTenSquareMetersNorthFacing\":\"I\'m not sure - Please Help Me Out\",\"roofSlope\":\"\",\"shade\":\"\",\"direction\":\"Not Sure\",\"storeys\":1,\"features\":\"Battery System\",\"leadType\":\"Batteries\",\"submittedDate\":\"2026-03-14 16:05:06\",\"companyName\":\"\",\"address\":\"9 Wallaroo Ave Narre Warren\",\"latitude\":-38.0128613,\"longitude\":145.2977055,\"installationAddressLineOne\":\"9 Wallaroo Ave\",\"installationAddressLineTwo\":\"\",\"installationSuburb\":\"Narre Warren\",\"installationState\":\"VIC\",\"installationPostcode\":3805,\"installationCountry\":\"Australia\",\"mailingAddressLineOne\":\"\",\"mailingAddressLineTwo\":\"\",\"mailingSuburb\":\"\",\"mailingState\":\"\",\"mailingPostcode\":\"\",\"mailingCountry\":\"\",\"homeVisit\":\"Yes\",\"availableForConversation\":\"\",\"importantNotes\":\"I have one quote from other provider.Lead has consented to discussion of energy plans.This lead was submitted via the QuotesV3 form.Lead wants to pay cashExisting inverter type: Fronius 5kwRequired for: Lowest bills, charge from solar in blackout, almost instant changeover in a blackout, backups up 3-phase appliances & easily expandableAdriyan has verified this phone number\",\"importantNotesSplit\":\"I have one quote from other provider.:Lead has consented to discussion of energy plans.:This lead was submitted via the QuotesV3 form.:Lead wants to pay cash:Existing inverter type: Fronius 5kw:Required for: Lowest bills, charge from solar in blackout, almost instant changeover in a blackout, backups up 3-phase appliances & easily expandable:Adriyan has verified this phone number\",\"requestedQuotes\":3,\"note\":\"\",\"evExistingSolarSize\":\"\",\"evExistingBattery\":\"\",\"evInstallationType\":\"\",\"evDistanceChargerSwitchboard\":\"\",\"evCarMakeModel\":\"\",\"images\":{\"evChargerImages\":\"\",\"evSwitchboardImages\":\"\",\"evOtherImages\":\"\",\"hwhpLocationImages\":\"\",\"hwhpSwitchboardImages\":\"\",\"hwhpOtherImages\":\"\"},\"hwhpNumberOfResidents\":\"\",\"hwhpExistingSystem\":\"\",\"hwhpLocationAccessibility\":\"\",\"hwhpSwitchboardDistance\":\"\",\"leadStatus\":\"\",\"funnelVersion\":3,\"extraInfo\":\"\",\"consolidatedNotes\":\"Important Notes: I have one quote from other provider.Lead has consented to discussion of energy plans.This lead was submitted via the QuotesV3 form.Lead wants to pay cashExisting inverter type: Fronius 5kwRequired for: Lowest bills, charge from solar in blackout, almost instant changeover in a blackout, backups up 3-phase appliances & easily expandableAdriyan has verified this phone number\\n\\nFeatures: Battery System\\n\\nRoof Type: Yes\\n\\nStoreys: 1\\n\\nAddress: 9 Wallaroo Ave Narre Warren, Narre Warren, VIC, 3805\",\"mappedRoofType\":\"Other\",\"_imported_at\":\"2026-03-15T08:00:00.735Z\"}',NULL,NULL,0,0,NULL,NULL,NULL,NULL,NULL,NULL),
(72,NULL,'new','Nick Matlock','nbm1981@hotmail.com','0419 149 311','Parkdale',NULL,NULL,NULL,NULL,NULL,NULL,NULL,NULL,NULL,NULL,NULL,0.00,'Solar Quotes',NULL,0,0,NULL,'2026-03-15 19:00:00',NULL,'2026-03-15 08:00:00',NULL,NULL,NULL,NULL,NULL,NULL,NULL,NULL,NULL,NULL,NULL,NULL,NULL,NULL,NULL,NULL,NULL,NULL,NULL,0,NULL,NULL,0,'1030639','{\"id\":1030639,\"idLeadSupplier\":2304365,\"name\":\"Nick\",\"lastName\":\"Matlock\",\"phone\":\"0419 149 311\",\"email\":\"nbm1981@hotmail.com\",\"supplierId\":14039,\"leadPrice\":50,\"claimed\":\"No\",\"size\":\"\",\"systemPriceType\":\"\",\"timeframe\":\"Immediately\",\"quarterlyBill\":\"Less than $500\",\"electricityBillPerMonth\":\"\",\"ownTheRoofSpace\":\"Yes\",\"typeOfRoof\":\"\",\"typeOfRoofOther\":\"\",\"minimumTenSquareMetersNorthFacing\":\"I\'m not sure - Please Help Me Out\",\"roofSlope\":\"\",\"shade\":\"\",\"direction\":\"Not Sure\",\"storeys\":2,\"features\":\"Battery System\",\"leadType\":\"Batteries\",\"submittedDate\":\"2026-03-14 15:55:08\",\"companyName\":\"\",\"address\":\"6 Vialls Ave Parkdale\",\"latitude\":-37.9933106,\"longitude\":145.0855745,\"installationAddressLineOne\":\"6 Vialls Ave\",\"installationAddressLineTwo\":\"\",\"installationSuburb\":\"Parkdale\",\"installationState\":\"VIC\",\"installationPostcode\":3195,\"installationCountry\":\"Australia\",\"mailingAddressLineOne\":\"\",\"mailingAddressLineTwo\":\"\",\"mailingSuburb\":\"\",\"mailingState\":\"\",\"mailingPostcode\":\"\",\"mailingCountry\":\"\",\"homeVisit\":\"No\",\"availableForConversation\":\"\",\"importantNotes\":\"Looking for a battery 16-20kWh, that’s easily expandable in future, if I was to buy an Electric Vehicle.Lead has consented to discussion of energy plans.This lead was submitted via the QuotesV3 form.Lead wants to pay cashExisting inverter type: Sungrow SGR10T 11.4kW Solar PanelsRequired for: Quickest payback time & easily expandableNick has verified this phone number\",\"importantNotesSplit\":\"Looking for a battery 16-20kWh, that’s easily expandable in future, if I was to buy an Electric Vehicle.:Lead has consented to discussion of energy plans.:This lead was submitted via the QuotesV3 form.:Lead wants to pay cash:Existing inverter type: Sungrow SGR10T 11.4kW Solar Panels:Required for: Quickest payback time & easily expandable:Nick has verified this phone number\",\"requestedQuotes\":3,\"note\":\"\",\"evExistingSolarSize\":\"\",\"evExistingBattery\":\"\",\"evInstallationType\":\"\",\"evDistanceChargerSwitchboard\":\"\",\"evCarMakeModel\":\"\",\"images\":{\"evChargerImages\":\"\",\"evSwitchboardImages\":\"\",\"evOtherImages\":\"\",\"hwhpLocationImages\":\"\",\"hwhpSwitchboardImages\":\"\",\"hwhpOtherImages\":\"\"},\"hwhpNumberOfResidents\":\"\",\"hwhpExistingSystem\":\"\",\"hwhpLocationAccessibility\":\"\",\"hwhpSwitchboardDistance\":\"\",\"leadStatus\":\"\",\"funnelVersion\":3,\"extraInfo\":\"\",\"consolidatedNotes\":\"Important Notes: Looking for a battery 16-20kWh, that’s easily expandable in future, if I was to buy an Electric Vehicle.Lead has consented to discussion of energy plans.This lead was submitted via the QuotesV3 form.Lead wants to pay cashExisting inverter type: Sungrow SGR10T 11.4kW Solar PanelsRequired for: Quickest payback time & easily expandableNick has verified this phone number\\n\\nFeatures: Battery System\\n\\nRoof Type: Yes\\n\\nStoreys: 2\\n\\nAddress: 6 Vialls Ave Parkdale, Parkdale, VIC, 3195\",\"mappedRoofType\":\"Other\",\"_imported_at\":\"2026-03-15T08:00:00.739Z\"}',NULL,NULL,0,0,NULL,NULL,NULL,NULL,NULL,NULL),
(73,NULL,'new','Tuan Tran','tuanthi@gmail.com','0412 020 701','Bayswater North',NULL,NULL,NULL,NULL,NULL,NULL,NULL,NULL,NULL,NULL,NULL,0.00,'Solar Quotes',NULL,0,0,NULL,'2026-03-15 19:00:00',NULL,'2026-03-15 08:00:00',NULL,NULL,NULL,NULL,NULL,NULL,NULL,NULL,NULL,NULL,NULL,NULL,NULL,NULL,NULL,NULL,NULL,NULL,NULL,0,NULL,NULL,0,'1030308','{\"id\":1030308,\"idLeadSupplier\":2303994,\"name\":\"Tuan\",\"lastName\":\"Tran\",\"phone\":\"0412 020 701\",\"email\":\"tuanthi@gmail.com\",\"supplierId\":14039,\"leadPrice\":50,\"claimed\":\"No\",\"size\":\"\",\"systemPriceType\":\"\",\"timeframe\":\"Immediately\",\"quarterlyBill\":\"Less than $500\",\"electricityBillPerMonth\":\"\",\"ownTheRoofSpace\":\"Yes\",\"typeOfRoof\":\"\",\"typeOfRoofOther\":\"\",\"minimumTenSquareMetersNorthFacing\":\"I\'m not sure - Please Help Me Out\",\"roofSlope\":\"\",\"shade\":\"\",\"direction\":\"Not Sure\",\"storeys\":1,\"features\":\"Battery System\",\"leadType\":\"Batteries\",\"submittedDate\":\"2026-03-14 02:15:19\",\"companyName\":\"\",\"address\":\"26 Bayview Rise Bayswater North\",\"latitude\":-37.8252652,\"longitude\":145.2727398,\"installationAddressLineOne\":\"26 Bayview Rise\",\"installationAddressLineTwo\":\"\",\"installationSuburb\":\"Bayswater North\",\"installationState\":\"VIC\",\"installationPostcode\":3153,\"installationCountry\":\"Australia\",\"mailingAddressLineOne\":\"\",\"mailingAddressLineTwo\":\"\",\"mailingSuburb\":\"\",\"mailingState\":\"\",\"mailingPostcode\":\"\",\"mailingCountry\":\"\",\"homeVisit\":\"Yes\",\"availableForConversation\":\"\",\"importantNotes\":\"I\'d like my battery to be upgradeable in the future to charge electric cars if necessary.Lead has consented to discussion of energy plans.This lead was submitted via the QuotesV3 form.Lead wants to pay cashExisting inverter type: FroniusRequired for: Lowest bills, charge from solar in blackout & almost instant changeover in a blackoutTuan has verified this phone number\",\"importantNotesSplit\":\"I\'d like my battery to be upgradeable in the future to charge electric cars if necessary.:Lead has consented to discussion of energy plans.:This lead was submitted via the QuotesV3 form.:Lead wants to pay cash:Existing inverter type: Fronius:Required for: Lowest bills, charge from solar in blackout & almost instant changeover in a blackout:Tuan has verified this phone number\",\"requestedQuotes\":3,\"note\":\"1st Call and dropped a message but no response yet. - 14/03/2026 14:57\",\"evExistingSolarSize\":\"\",\"evExistingBattery\":\"\",\"evInstallationType\":\"\",\"evDistanceChargerSwitchboard\":\"\",\"evCarMakeModel\":\"\",\"images\":{\"evChargerImages\":\"\",\"evSwitchboardImages\":\"\",\"evOtherImages\":\"\",\"hwhpLocationImages\":\"\",\"hwhpSwitchboardImages\":\"\",\"hwhpOtherImages\":\"\"},\"hwhpNumberOfResidents\":\"\",\"hwhpExistingSystem\":\"\",\"hwhpLocationAccessibility\":\"\",\"hwhpSwitchboardDistance\":\"\",\"leadStatus\":\"\",\"funnelVersion\":3,\"extraInfo\":\"\",\"consolidatedNotes\":\"Important Notes: I\'d like my battery to be upgradeable in the future to charge electric cars if necessary.Lead has consented to discussion of energy plans.This lead was submitted via the QuotesV3 form.Lead wants to pay cashExisting inverter type: FroniusRequired for: Lowest bills, charge from solar in blackout & almost instant changeover in a blackoutTuan has verified this phone number\\n\\nFeatures: Battery System\\n\\nRoof Type: Yes\\n\\nStoreys: 1\\n\\nAddress: 26 Bayview Rise Bayswater North, Bayswater North, VIC, 3153\",\"mappedRoofType\":\"Other\",\"_imported_at\":\"2026-03-15T08:00:00.743Z\"}',NULL,NULL,0,0,NULL,NULL,NULL,NULL,NULL,NULL),
(74,NULL,'new','Amar Naik','amarnaik1@gmail.com','0422 282 527','Carnegie',NULL,NULL,NULL,NULL,NULL,NULL,NULL,NULL,NULL,NULL,NULL,0.00,'Solar Quotes',NULL,0,0,NULL,'2026-03-15 19:00:00',NULL,'2026-03-15 08:00:00',NULL,NULL,NULL,NULL,NULL,NULL,NULL,NULL,NULL,NULL,NULL,NULL,NULL,NULL,NULL,NULL,NULL,NULL,NULL,0,NULL,NULL,0,'1030319','{\"id\":1030319,\"idLeadSupplier\":2303979,\"name\":\"Amar\",\"lastName\":\"Naik\",\"phone\":\"0422 282 527\",\"email\":\"amarnaik1@gmail.com\",\"supplierId\":14039,\"leadPrice\":50,\"claimed\":\"No\",\"size\":\"\",\"systemPriceType\":\"\",\"timeframe\":\"In the next 4 weeks\",\"quarterlyBill\":\"$500-$1000\",\"electricityBillPerMonth\":\"\",\"ownTheRoofSpace\":\"Yes\",\"typeOfRoof\":\"\",\"typeOfRoofOther\":\"\",\"minimumTenSquareMetersNorthFacing\":\"I\'m not sure - Please Help Me Out\",\"roofSlope\":\"\",\"shade\":\"\",\"direction\":\"Not Sure\",\"storeys\":2,\"features\":\"Battery System\",\"leadType\":\"Batteries\",\"submittedDate\":\"2026-03-14 02:10:53\",\"companyName\":\"\",\"address\":\"14 Frogmore Rd Carnegie\",\"latitude\":-37.8939362,\"longitude\":145.0636382,\"installationAddressLineOne\":\"14 Frogmore Rd\",\"installationAddressLineTwo\":\"\",\"installationSuburb\":\"Carnegie\",\"installationState\":\"VIC\",\"installationPostcode\":3163,\"installationCountry\":\"Australia\",\"mailingAddressLineOne\":\"\",\"mailingAddressLineTwo\":\"\",\"mailingSuburb\":\"\",\"mailingState\":\"\",\"mailingPostcode\":\"\",\"mailingCountry\":\"\",\"homeVisit\":\"Zoom call\",\"availableForConversation\":\"\",\"importantNotes\":\"I have 3 phase power and a 13kw solar panel system installed already. I would like to try make the 1 May deadline before the rebates change.This lead was submitted via the QuotesV3 form.Lead wants to pay cashExisting inverter type: Goodwe GW10KAU-DTRequired for: Quickest payback timeAmar has verified this phone number\",\"importantNotesSplit\":\"I have 3 phase power and a 13kw solar panel system installed already. I would like to try make the 1 May deadline before the rebates change.:This lead was submitted via the QuotesV3 form.:Lead wants to pay cash:Existing inverter type: Goodwe GW10KAU-DT:Required for: Quickest payback time:Amar has verified this phone number\",\"requestedQuotes\":3,\"note\":\"Plan For Tuesday: 10am - Amar Naik - (Carnegie)\",\"evExistingSolarSize\":\"\",\"evExistingBattery\":\"\",\"evInstallationType\":\"\",\"evDistanceChargerSwitchboard\":\"\",\"evCarMakeModel\":\"\",\"images\":{\"evChargerImages\":\"\",\"evSwitchboardImages\":\"\",\"evOtherImages\":\"\",\"hwhpLocationImages\":\"\",\"hwhpSwitchboardImages\":\"\",\"hwhpOtherImages\":\"\"},\"hwhpNumberOfResidents\":\"\",\"hwhpExistingSystem\":\"\",\"hwhpLocationAccessibility\":\"\",\"hwhpSwitchboardDistance\":\"\",\"leadStatus\":\"appointment_booked\",\"funnelVersion\":3,\"extraInfo\":\"\",\"consolidatedNotes\":\"Important Notes: I have 3 phase power and a 13kw solar panel system installed already. I would like to try make the 1 May deadline before the rebates change.This lead was submitted via the QuotesV3 form.Lead wants to pay cashExisting inverter type: Goodwe GW10KAU-DTRequired for: Quickest payback timeAmar has verified this phone number\\n\\nFeatures: Battery System\\n\\nRoof Type: Yes\\n\\nStoreys: 2\\n\\nAddress: 14 Frogmore Rd Carnegie, Carnegie, VIC, 3163\",\"mappedRoofType\":\"Other\",\"_imported_at\":\"2026-03-15T08:00:00.745Z\"}',NULL,NULL,0,0,NULL,NULL,NULL,NULL,NULL,NULL),
(75,NULL,'new','Gael McLeod','gmc0608@hotmail.com','0405 156 849','Glen Iris',NULL,NULL,NULL,NULL,NULL,NULL,NULL,NULL,NULL,NULL,NULL,0.00,'Solar Quotes',NULL,0,0,NULL,'2026-03-15 19:00:00',NULL,'2026-03-15 08:00:00',NULL,NULL,NULL,NULL,NULL,NULL,NULL,NULL,NULL,NULL,NULL,NULL,NULL,NULL,NULL,NULL,NULL,NULL,NULL,0,NULL,NULL,0,'1030117','{\"id\":1030117,\"idLeadSupplier\":2303884,\"name\":\"Gael\",\"lastName\":\"McLeod\",\"phone\":\"0405 156 849\",\"email\":\"gmc0608@hotmail.com\",\"supplierId\":14039,\"leadPrice\":50,\"claimed\":\"No\",\"size\":\"\",\"systemPriceType\":\"\",\"timeframe\":\"Immediately\",\"quarterlyBill\":\"$500-$1000\",\"electricityBillPerMonth\":\"\",\"ownTheRoofSpace\":\"Yes\",\"typeOfRoof\":\"\",\"typeOfRoofOther\":\"\",\"minimumTenSquareMetersNorthFacing\":\"I\'m not sure - Please Help Me Out\",\"roofSlope\":\"\",\"shade\":\"\",\"direction\":\"Not Sure\",\"storeys\":2,\"features\":\"Battery System\",\"leadType\":\"Batteries\",\"submittedDate\":\"2026-03-14 01:45:27\",\"companyName\":\"\",\"address\":\"5 Airley Rd Glen Iris\",\"latitude\":-37.8536288,\"longitude\":145.0714871,\"installationAddressLineOne\":\"5 Airley Rd\",\"installationAddressLineTwo\":\"\",\"installationSuburb\":\"Glen Iris\",\"installationState\":\"VIC\",\"installationPostcode\":3146,\"installationCountry\":\"Australia\",\"mailingAddressLineOne\":\"\",\"mailingAddressLineTwo\":\"\",\"mailingSuburb\":\"\",\"mailingState\":\"\",\"mailingPostcode\":\"\",\"mailingCountry\":\"\",\"homeVisit\":\"No\",\"availableForConversation\":\"\",\"importantNotes\":\"I already have a few quotesLead has consented to discussion of energy plans.This lead was submitted via the QuotesV3 form.Lead wants to pay cashRequired for: Lowest bills & charge from solar in blackoutGael has verified this phone number\",\"importantNotesSplit\":\"I already have a few quotes:Lead has consented to discussion of energy plans.:This lead was submitted via the QuotesV3 form.:Lead wants to pay cash:Required for: Lowest bills & charge from solar in blackout:Gael has verified this phone number\",\"requestedQuotes\":3,\"note\":\"1st Call and dropped a message but no response yet. - 14/03/2026 14:48\",\"evExistingSolarSize\":\"\",\"evExistingBattery\":\"\",\"evInstallationType\":\"\",\"evDistanceChargerSwitchboard\":\"\",\"evCarMakeModel\":\"\",\"images\":{\"evChargerImages\":\"\",\"evSwitchboardImages\":\"\",\"evOtherImages\":\"\",\"hwhpLocationImages\":\"\",\"hwhpSwitchboardImages\":\"\",\"hwhpOtherImages\":\"\"},\"hwhpNumberOfResidents\":\"\",\"hwhpExistingSystem\":\"\",\"hwhpLocationAccessibility\":\"\",\"hwhpSwitchboardDistance\":\"\",\"leadStatus\":\"\",\"funnelVersion\":3,\"extraInfo\":\"\",\"consolidatedNotes\":\"Important Notes: I already have a few quotesLead has consented to discussion of energy plans.This lead was submitted via the QuotesV3 form.Lead wants to pay cashRequired for: Lowest bills & charge from solar in blackoutGael has verified this phone number\\n\\nFeatures: Battery System\\n\\nRoof Type: Yes\\n\\nStoreys: 2\\n\\nAddress: 5 Airley Rd Glen Iris, Glen Iris, VIC, 3146\",\"mappedRoofType\":\"Other\",\"_imported_at\":\"2026-03-15T08:00:00.749Z\"}',NULL,NULL,0,0,NULL,NULL,NULL,NULL,NULL,NULL),
(76,NULL,'new','Katherine Hunt','katty54@hotmail.com','0421 335 355','Kew',NULL,NULL,NULL,NULL,NULL,NULL,NULL,NULL,NULL,NULL,NULL,0.00,'Solar Quotes',NULL,0,0,NULL,'2026-03-15 19:00:00',NULL,'2026-03-15 08:00:00',NULL,NULL,NULL,NULL,NULL,NULL,NULL,NULL,NULL,NULL,NULL,NULL,NULL,NULL,NULL,NULL,NULL,NULL,NULL,0,NULL,NULL,0,'1030345','{\"id\":1030345,\"idLeadSupplier\":2303764,\"name\":\"Katherine\",\"lastName\":\"Hunt\",\"phone\":\"0421 335 355\",\"email\":\"katty54@hotmail.com\",\"supplierId\":14039,\"leadPrice\":50,\"claimed\":\"No\",\"size\":\"Not Sure. Please help me decide\",\"systemPriceType\":\"\",\"timeframe\":\"Immediately\",\"quarterlyBill\":\"$500-$1000\",\"electricityBillPerMonth\":\"\",\"ownTheRoofSpace\":\"Yes\",\"typeOfRoof\":\"Other\",\"typeOfRoofOther\":\"Other\",\"minimumTenSquareMetersNorthFacing\":\"I\'m not sure - Please Help Me Out\",\"roofSlope\":\"\",\"shade\":\"\",\"direction\":\"Not Sure\",\"storeys\":\"\",\"features\":\"Adding Batteries\",\"leadType\":\"Batteries\",\"submittedDate\":\"2026-03-13 22:05:15\",\"companyName\":\"\",\"address\":\"53 Davis St Kew\",\"latitude\":-37.81060799999,\"longitude\":145.0463328,\"installationAddressLineOne\":\"53 Davis St\",\"installationAddressLineTwo\":\"\",\"installationSuburb\":\"Kew\",\"installationState\":\"VIC\",\"installationPostcode\":3101,\"installationCountry\":\"Australia\",\"mailingAddressLineOne\":\"\",\"mailingAddressLineTwo\":\"\",\"mailingSuburb\":\"\",\"mailingState\":\"\",\"mailingPostcode\":\"\",\"mailingCountry\":\"\",\"homeVisit\":\"No\",\"availableForConversation\":\"\",\"importantNotes\":\"This lead was submitted via the QuotesV3 form.Lead wants to pay cashCustomer wants a battery upgradeAmount of storage required: I don\'t knowExisting battery type: UnknownExisting inverter type: Fronius primo gen24 8.0Required for: Lowest billsThis is an ORIGIN lead.Katherine  has verified this phone number\",\"importantNotesSplit\":\"This lead was submitted via the QuotesV3 form.:Lead wants to pay cash:Customer wants a battery upgrade:Amount of storage required: I don\'t know:Existing battery type: Unknown:Existing inverter type: Fronius primo gen24 8.0:Required for: Lowest bills:This is an ORIGIN lead.:Katherine  has verified this phone number\",\"requestedQuotes\":2,\"note\":\"1st Call and dropped a message but no response yet. - 14/03/2026 14:45\",\"evExistingSolarSize\":\"\",\"evExistingBattery\":\"\",\"evInstallationType\":\"\",\"evDistanceChargerSwitchboard\":\"\",\"evCarMakeModel\":\"\",\"images\":{\"evChargerImages\":\"\",\"evSwitchboardImages\":\"\",\"evOtherImages\":\"\",\"hwhpLocationImages\":\"\",\"hwhpSwitchboardImages\":\"\",\"hwhpOtherImages\":\"\"},\"hwhpNumberOfResidents\":\"\",\"hwhpExistingSystem\":\"\",\"hwhpLocationAccessibility\":\"\",\"hwhpSwitchboardDistance\":\"\",\"leadStatus\":\"\",\"funnelVersion\":3,\"extraInfo\":\"Battery System Upgrade\",\"consolidatedNotes\":\"Important Notes: This lead was submitted via the QuotesV3 form.Lead wants to pay cashCustomer wants a battery upgradeAmount of storage required: I don\'t knowExisting battery type: UnknownExisting inverter type: Fronius primo gen24 8.0Required for: Lowest billsThis is an ORIGIN lead.Katherine  has verified this phone number\\n\\nFeatures: Adding Batteries\\n\\nRoof Type: Other\\n\\nAddress: 53 Davis St Kew, Kew, VIC, 3101\",\"mappedRoofType\":\"Other\",\"_imported_at\":\"2026-03-15T08:00:00.753Z\"}',NULL,NULL,0,0,NULL,NULL,NULL,NULL,NULL,NULL),
(77,NULL,'new','Alison Liyanage','alison.liyanage@gmail.com','0431 239 184','Mount Waverley',10.00,NULL,NULL,NULL,NULL,NULL,NULL,NULL,NULL,NULL,NULL,0.00,'Solar Quotes',NULL,0,0,NULL,'2026-03-15 19:00:00',NULL,'2026-03-15 08:00:00',NULL,NULL,NULL,NULL,NULL,NULL,NULL,NULL,NULL,NULL,NULL,NULL,NULL,NULL,NULL,NULL,NULL,NULL,NULL,0,NULL,NULL,0,'1030340','{\"id\":1030340,\"idLeadSupplier\":2303761,\"name\":\"Alison\",\"lastName\":\"Liyanage\",\"phone\":\"0431 239 184\",\"email\":\"alison.liyanage@gmail.com\",\"supplierId\":14039,\"leadPrice\":60,\"claimed\":\"No\",\"size\":\"10 to 15 kW\",\"systemPriceType\":\"A good mix of quality and price\",\"timeframe\":\"In the next 3 months\",\"quarterlyBill\":\"$500-$1000\",\"electricityBillPerMonth\":\"\",\"ownTheRoofSpace\":\"Yes\",\"typeOfRoof\":\"Tin / Colourbond\",\"typeOfRoofOther\":\"\",\"minimumTenSquareMetersNorthFacing\":\"I\'m not sure - Please Help Me Out\",\"roofSlope\":\"\",\"shade\":\"\",\"direction\":\"Not Sure\",\"storeys\":2,\"features\":\"On Grid Solar\\nMicro Inverters or Power Optimisers\\nBattery System\",\"leadType\":\"On Grid Solar + Batteries\",\"submittedDate\":\"2026-03-13 22:05:08\",\"companyName\":\"\",\"address\":\"521 Stephensons Rd Mount Waverley\",\"latitude\":-37.895313,\"longitude\":145.1246676,\"installationAddressLineOne\":\"521 Stephensons Rd\",\"installationAddressLineTwo\":\"\",\"installationSuburb\":\"Mount Waverley\",\"installationState\":\"VIC\",\"installationPostcode\":3149,\"installationCountry\":\"Australia\",\"mailingAddressLineOne\":\"\",\"mailingAddressLineTwo\":\"\",\"mailingSuburb\":\"\",\"mailingState\":\"\",\"mailingPostcode\":\"\",\"mailingCountry\":\"\",\"homeVisit\":\"Yes\",\"availableForConversation\":\"\",\"importantNotes\":\"Lead has consented to discussion of energy plans.This lead was submitted via the QuotesV3 form.This customer has indicated that they would like to receive the VIC rebate.Lead wants to pay cashRequired for: Blackout Protection, almost instant changeover in a blackout & backups up 3-phase appliancesThis is a CHOICE lead. Choice currently recommend JA, Tindo, Trina, Jinko & Winaico (panels that achieve 80% or more \'CHOICE Expert rating\').Alison has verified this phone number\",\"importantNotesSplit\":\"Lead has consented to discussion of energy plans.:This lead was submitted via the QuotesV3 form.:This customer has indicated that they would like to receive the VIC rebate.:Lead wants to pay cash:Required for: Blackout Protection, almost instant changeover in a blackout & backups up 3-phase appliances:This is a CHOICE lead. Choice currently recommend JA, Tindo, Trina, Jinko & Winaico (panels that achieve 80% or more \'CHOICE Expert rating\').:Alison has verified this phone number\",\"requestedQuotes\":3,\"note\":\"Plan For Wednesday: 8am - Alison Liyanage - 521 Stephensons Rd , Mount Waverley\",\"evExistingSolarSize\":\"\",\"evExistingBattery\":\"\",\"evInstallationType\":\"\",\"evDistanceChargerSwitchboard\":\"\",\"evCarMakeModel\":\"\",\"images\":{\"evChargerImages\":\"\",\"evSwitchboardImages\":\"\",\"evOtherImages\":\"\",\"hwhpLocationImages\":\"\",\"hwhpSwitchboardImages\":\"\",\"hwhpOtherImages\":\"\"},\"hwhpNumberOfResidents\":\"\",\"hwhpExistingSystem\":\"\",\"hwhpLocationAccessibility\":\"\",\"hwhpSwitchboardDistance\":\"\",\"leadStatus\":\"appointment_booked\",\"funnelVersion\":3,\"extraInfo\":\"Micro Inverters / Power Optimisers\",\"consolidatedNotes\":\"Important Notes: Lead has consented to discussion of energy plans.This lead was submitted via the QuotesV3 form.This customer has indicated that they would like to receive the VIC rebate.Lead wants to pay cashRequired for: Blackout Protection, almost instant changeover in a blackout & backups up 3-phase appliancesThis is a CHOICE lead. Choice currently recommend JA, Tindo, Trina, Jinko & Winaico (panels that achieve 80% or more \'CHOICE Expert rating\').Alison has verified this phone number\\n\\nFeatures: On Grid Solar\\nMicro Inverters or Power Optimisers\\nBattery System\\n\\nRoof Type: Tin / Colourbond\\n\\nStoreys: 2\\n\\nAddress: 521 Stephensons Rd Mount Waverley, Mount Waverley, VIC, 3149\",\"mappedRoofType\":\"Tin (Colorbond)\",\"_imported_at\":\"2026-03-15T08:00:00.757Z\"}',NULL,NULL,0,0,NULL,NULL,NULL,NULL,NULL,NULL),
(78,NULL,'inspection_booked','Matthew Cutajar','mcutajarau@gmail.com','0401 000 869','St Helena',100.00,NULL,NULL,NULL,NULL,NULL,NULL,NULL,NULL,NULL,NULL,50.00,'Solar Quotes',NULL,0,0,NULL,'2026-03-18 11:20:23','2026-03-17 10:00:00','2026-03-16 01:00:00','2026-03-18 00:20:23',NULL,NULL,NULL,NULL,NULL,NULL,NULL,NULL,NULL,NULL,NULL,NULL,NULL,NULL,NULL,NULL,NULL,NULL,0,NULL,NULL,0,'1031242','{\"id\":1031242,\"idLeadSupplier\":2305429,\"name\":\"Matthew\",\"lastName\":\"Cutajar\",\"phone\":\"0401 000 869\",\"email\":\"mcutajarau@gmail.com\",\"supplierId\":14039,\"leadPrice\":50,\"claimed\":\"No\",\"size\":\"Not Sure. Please help me decide\",\"systemPriceType\":\"\",\"timeframe\":\"In the next 4 weeks\",\"quarterlyBill\":\"$500-$1000\",\"electricityBillPerMonth\":\"\",\"ownTheRoofSpace\":\"Yes\",\"typeOfRoof\":\"Other\",\"typeOfRoofOther\":\"Other\",\"minimumTenSquareMetersNorthFacing\":\"I\'m not sure - Please Help Me Out\",\"roofSlope\":\"\",\"shade\":\"\",\"direction\":\"Not Sure\",\"storeys\":\"\",\"features\":\"Adding Batteries\",\"leadType\":\"Batteries\",\"submittedDate\":\"2026-03-16 02:10:59\",\"companyName\":\"\",\"address\":\"45 Maxine Dr St Helena\",\"latitude\":-37.6860121,\"longitude\":145.1327052,\"installationAddressLineOne\":\"45 Maxine Dr\",\"installationAddressLineTwo\":\"\",\"installationSuburb\":\"St Helena\",\"installationState\":\"VIC\",\"installationPostcode\":3088,\"installationCountry\":\"Australia\",\"mailingAddressLineOne\":\"\",\"mailingAddressLineTwo\":\"\",\"mailingSuburb\":\"\",\"mailingState\":\"\",\"mailingPostcode\":\"\",\"mailingCountry\":\"\",\"homeVisit\":\"No\",\"availableForConversation\":\"\",\"importantNotes\":\"Instalation is to be in the garage. I would also lik to have UPS included.Lead has consented to discussion of energy plans.This lead was submitted via the QuotesV3 form.Lead wants to pay cashCustomer wants a battery upgradeAmount of storage required: I don\'t knowExisting battery type: UnknownExisting inverter type: Goodwe GW5000D-N5Required for: Quickest payback time, charge from solar in blackout & almost instant changeover in a blackoutMatthew has verified this phone number\",\"importantNotesSplit\":\"Instalation is to be in the garage. I would also lik to have UPS included.:Lead has consented to discussion of energy plans.:This lead was submitted via the QuotesV3 form.:Lead wants to pay cash:Customer wants a battery upgrade:Amount of storage required: I don\'t know:Existing battery type: Unknown:Existing inverter type: Goodwe GW5000D-N5:Required for: Quickest payback time, charge from solar in blackout & almost instant changeover in a blackout:Matthew has verified this phone number\",\"requestedQuotes\":3,\"note\":\"\",\"evExistingSolarSize\":\"\",\"evExistingBattery\":\"\",\"evInstallationType\":\"\",\"evDistanceChargerSwitchboard\":\"\",\"evCarMakeModel\":\"\",\"images\":{\"evChargerImages\":\"\",\"evSwitchboardImages\":\"\",\"evOtherImages\":\"\",\"hwhpLocationImages\":\"\",\"hwhpSwitchboardImages\":\"\",\"hwhpOtherImages\":\"\"},\"hwhpNumberOfResidents\":\"\",\"hwhpExistingSystem\":\"\",\"hwhpLocationAccessibility\":\"\",\"hwhpSwitchboardDistance\":\"\",\"leadStatus\":\"\",\"funnelVersion\":3,\"extraInfo\":\"Battery System Upgrade\",\"consolidatedNotes\":\"Important Notes: Instalation is to be in the garage. I would also lik to have UPS included.Lead has consented to discussion of energy plans.This lead was submitted via the QuotesV3 form.Lead wants to pay cashCustomer wants a battery upgradeAmount of storage required: I don\'t knowExisting battery type: UnknownExisting inverter type: Goodwe GW5000D-N5Required for: Quickest payback time, charge from solar in blackout & almost instant changeover in a blackoutMatthew has verified this phone number\\n\\nFeatures: Adding Batteries\\n\\nRoof Type: Other\\n\\nAddress: 45 Maxine Dr St Helena, St Helena, VIC, 3088\",\"mappedRoofType\":\"Other\",\"_imported_at\":\"2026-03-16T01:00:00.859Z\"}',NULL,NULL,0,0,NULL,NULL,NULL,NULL,NULL,NULL),
(79,NULL,'closed_won','Hugh Haley','hugh.haley@gmail.com','0423 625 800','Malvern East',1213.00,NULL,NULL,NULL,NULL,NULL,NULL,NULL,123.00,'123','31',0.00,'Solar Quotes',NULL,1,1,'2026-03-19 23:54:03','2026-03-25 12:50:26',NULL,'2026-03-16 01:00:00','2026-03-25 12:50:26','Only Battery',NULL,NULL,NULL,0,0,'123123','3123',NULL,1,NULL,NULL,NULL,NULL,NULL,NULL,NULL,NULL,0,NULL,NULL,0,'1031121','{\"id\":1031121,\"idLeadSupplier\":2305344,\"name\":\"Hugh\",\"lastName\":\"Haley\",\"phone\":\"0423 625 800\",\"email\":\"hugh.haley@gmail.com\",\"supplierId\":14039,\"leadPrice\":50,\"claimed\":\"No\",\"size\":\"\",\"systemPriceType\":\"\",\"timeframe\":\"In the next 4 weeks\",\"quarterlyBill\":\"$1000-$2000\",\"electricityBillPerMonth\":\"\",\"ownTheRoofSpace\":\"Yes\",\"typeOfRoof\":\"\",\"typeOfRoofOther\":\"\",\"minimumTenSquareMetersNorthFacing\":\"I\'m not sure - Please Help Me Out\",\"roofSlope\":\"\",\"shade\":\"\",\"direction\":\"Not Sure\",\"storeys\":2,\"features\":\"Battery System\",\"leadType\":\"Batteries\",\"submittedDate\":\"2026-03-16 01:50:38\",\"companyName\":\"\",\"address\":\"76 Brunel St Malvern East\",\"latitude\":-37.8704584,\"longitude\":145.05713,\"installationAddressLineOne\":\"76 Brunel St\",\"installationAddressLineTwo\":\"\",\"installationSuburb\":\"Malvern East\",\"installationState\":\"VIC\",\"installationPostcode\":3145,\"installationCountry\":\"Australia\",\"mailingAddressLineOne\":\"\",\"mailingAddressLineTwo\":\"\",\"mailingSuburb\":\"\",\"mailingState\":\"\",\"mailingPostcode\":\"\",\"mailingCountry\":\"\",\"homeVisit\":\"Zoom call\",\"availableForConversation\":\"\",\"importantNotes\":\"Add battery to existing solar This lead was submitted via the QuotesV3 form.Lead wants to pay cashExisting inverter type: Solaredge Required for: Lowest bills, charge from solar in blackout & almost instant changeover in a blackoutHugh has verified this phone number\",\"importantNotesSplit\":\"Add battery to existing solar :This lead was submitted via the QuotesV3 form.:Lead wants to pay cash:Existing inverter type: Solaredge :Required for: Lowest bills, charge from solar in blackout & almost instant changeover in a blackout:Hugh has verified this phone number\",\"requestedQuotes\":3,\"note\":\"\",\"evExistingSolarSize\":\"\",\"evExistingBattery\":\"\",\"evInstallationType\":\"\",\"evDistanceChargerSwitchboard\":\"\",\"evCarMakeModel\":\"\",\"images\":{\"evChargerImages\":\"\",\"evSwitchboardImages\":\"\",\"evOtherImages\":\"\",\"hwhpLocationImages\":\"\",\"hwhpSwitchboardImages\":\"\",\"hwhpOtherImages\":\"\"},\"hwhpNumberOfResidents\":\"\",\"hwhpExistingSystem\":\"\",\"hwhpLocationAccessibility\":\"\",\"hwhpSwitchboardDistance\":\"\",\"leadStatus\":\"\",\"funnelVersion\":3,\"extraInfo\":\"\",\"consolidatedNotes\":\"Important Notes: Add battery to existing solar This lead was submitted via the QuotesV3 form.Lead wants to pay cashExisting inverter type: Solaredge Required for: Lowest bills, charge from solar in blackout & almost instant changeover in a blackoutHugh has verified this phone number\\n\\nFeatures: Battery System\\n\\nRoof Type: Yes\\n\\nStoreys: 2\\n\\nAddress: 76 Brunel St Malvern East, Malvern East, VIC, 3145\",\"mappedRoofType\":\"Other\",\"_imported_at\":\"2026-03-16T01:00:00.879Z\"}',NULL,NULL,0,0,NULL,NULL,NULL,NULL,NULL,NULL),
(80,NULL,'closed_won','Daniel Zhang','dz.mailreceipt@gmail.com','0407 128 670','Ormond',NULL,NULL,NULL,NULL,NULL,NULL,NULL,NULL,NULL,NULL,NULL,NULL,'Solar Quotes',NULL,1,1,NULL,'2026-03-22 17:03:40',NULL,'2026-03-16 01:00:00','2026-03-22 17:03:40',NULL,NULL,NULL,NULL,NULL,NULL,NULL,NULL,NULL,NULL,NULL,NULL,NULL,NULL,NULL,NULL,NULL,NULL,0,NULL,NULL,0,'1031103','{\"id\":1031103,\"idLeadSupplier\":2305322,\"name\":\"Daniel\",\"lastName\":\"Zhang\",\"phone\":\"0407 128 670\",\"email\":\"dz.mailreceipt@gmail.com\",\"supplierId\":14039,\"leadPrice\":60,\"claimed\":\"No\",\"size\":\"10 to 15 kW\",\"systemPriceType\":\"A good mix of quality and price\",\"timeframe\":\"In the next 4 weeks\",\"quarterlyBill\":\"Don\'t know\",\"electricityBillPerMonth\":\"\",\"ownTheRoofSpace\":\"Yes\",\"typeOfRoof\":\"Tin / Colourbond\",\"typeOfRoofOther\":\"\",\"minimumTenSquareMetersNorthFacing\":\"I\'m not sure - Please Help Me Out\",\"roofSlope\":\"\",\"shade\":\"\",\"direction\":\"Not Sure\",\"storeys\":2,\"features\":\"On Grid Solar\\nMicro Inverters or Power Optimisers\\nBattery System\",\"leadType\":\"On Grid Solar + Batteries\",\"submittedDate\":\"2026-03-16 01:45:42\",\"companyName\":\"\",\"address\":\"28A Wheeler St Ormond\",\"latitude\":-37.9060685,\"longitude\":145.0407026,\"installationAddressLineOne\":\"28A Wheeler St\",\"installationAddressLineTwo\":\"\",\"installationSuburb\":\"Ormond\",\"installationState\":\"VIC\",\"installationPostcode\":3204,\"installationCountry\":\"Australia\",\"mailingAddressLineOne\":\"\",\"mailingAddressLineTwo\":\"\",\"mailingSuburb\":\"\",\"mailingState\":\"\",\"mailingPostcode\":\"\",\"mailingCountry\":\"\",\"homeVisit\":\"No\",\"availableForConversation\":\"\",\"importantNotes\":\"I would only like providers who have the availability to install between 8 April and 1 May. This lead was submitted via the QuotesV3 form.This customer has indicated that they do not want the VIC rebate.Lead wants to pay cashRequired for: Quickest payback timeDaniel has verified this phone number\",\"importantNotesSplit\":\"I would only like providers who have the availability to install between 8 April and 1 May. :This lead was submitted via the QuotesV3 form.:This customer has indicated that they do not want the VIC rebate.:Lead wants to pay cash:Required for: Quickest payback time:Daniel has verified this phone number\",\"requestedQuotes\":3,\"note\":\"\",\"evExistingSolarSize\":\"\",\"evExistingBattery\":\"No\",\"evInstallationType\":\"\",\"evDistanceChargerSwitchboard\":\"\",\"evCarMakeModel\":\"\",\"images\":{\"evChargerImages\":\"\",\"evSwitchboardImages\":\"\",\"evOtherImages\":\"\",\"hwhpLocationImages\":\"\",\"hwhpSwitchboardImages\":\"\",\"hwhpOtherImages\":\"\"},\"hwhpNumberOfResidents\":\"\",\"hwhpExistingSystem\":\"\",\"hwhpLocationAccessibility\":\"\",\"hwhpSwitchboardDistance\":\"\",\"leadStatus\":\"\",\"funnelVersion\":3,\"extraInfo\":\"Micro Inverters / Power Optimisers\",\"consolidatedNotes\":\"Important Notes: I would only like providers who have the availability to install between 8 April and 1 May. This lead was submitted via the QuotesV3 form.This customer has indicated that they do not want the VIC rebate.Lead wants to pay cashRequired for: Quickest payback timeDaniel has verified this phone number\\n\\nFeatures: On Grid Solar\\nMicro Inverters or Power Optimisers\\nBattery System\\n\\nHave Battery: No\\n\\nRoof Type: Tin / Colourbond\\n\\nStoreys: 2\\n\\nAddress: 28A Wheeler St Ormond, Ormond, VIC, 3204\",\"mappedRoofType\":\"Tin (Colorbond)\",\"_imported_at\":\"2026-03-16T01:00:00.901Z\"}',NULL,NULL,0,0,NULL,NULL,NULL,NULL,NULL,NULL),
(81,NULL,'closed_won','Ross Edwards','rossedwards339@gmail.com','0422 146 157','Glen Iris',NULL,NULL,NULL,NULL,NULL,NULL,NULL,NULL,NULL,NULL,NULL,0.00,'Solar Quotes',NULL,1,1,'2026-03-23 01:41:50','2026-03-26 01:21:27',NULL,'2026-03-16 01:00:00','2026-03-26 01:21:27',NULL,NULL,NULL,NULL,0,0,'1','1',NULL,NULL,NULL,NULL,NULL,NULL,NULL,NULL,NULL,NULL,0,NULL,NULL,0,'1031088','{\"id\":1031088,\"idLeadSupplier\":2305301,\"name\":\"Ross\",\"lastName\":\"Edwards\",\"phone\":\"0422 146 157\",\"email\":\"rossedwards339@gmail.com\",\"supplierId\":14039,\"leadPrice\":50,\"claimed\":\"No\",\"size\":\"\",\"systemPriceType\":\"\",\"timeframe\":\"Immediately\",\"quarterlyBill\":\"Less than $500\",\"electricityBillPerMonth\":\"\",\"ownTheRoofSpace\":\"Yes\",\"typeOfRoof\":\"\",\"typeOfRoofOther\":\"\",\"minimumTenSquareMetersNorthFacing\":\"I\'m not sure - Please Help Me Out\",\"roofSlope\":\"\",\"shade\":\"\",\"direction\":\"Not Sure\",\"storeys\":1,\"features\":\"Battery System\",\"leadType\":\"Batteries\",\"submittedDate\":\"2026-03-16 01:36:17\",\"companyName\":\"\",\"address\":\"4 Ruskin Rd Glen Iris\",\"latitude\":-37.8483706,\"longitude\":145.0722504,\"installationAddressLineOne\":\"4 Ruskin Rd\",\"installationAddressLineTwo\":\"\",\"installationSuburb\":\"Glen Iris\",\"installationState\":\"VIC\",\"installationPostcode\":3146,\"installationCountry\":\"Australia\",\"mailingAddressLineOne\":\"\",\"mailingAddressLineTwo\":\"\",\"mailingSuburb\":\"\",\"mailingState\":\"\",\"mailingPostcode\":\"\",\"mailingCountry\":\"\",\"homeVisit\":\"Yes\",\"availableForConversation\":\"\",\"importantNotes\":\"Lead has consented to discussion of energy plans.This lead was submitted via the QuotesV3 form.Lead wants to pay cashExisting inverter type: GoodweRequired for: Lowest bills, charge from solar in blackout & almost instant changeover in a blackoutRoss has verified this phone number\",\"importantNotesSplit\":\"Lead has consented to discussion of energy plans.:This lead was submitted via the QuotesV3 form.:Lead wants to pay cash:Existing inverter type: Goodwe:Required for: Lowest bills, charge from solar in blackout & almost instant changeover in a blackout:Ross has verified this phone number\",\"requestedQuotes\":3,\"note\":\"\",\"evExistingSolarSize\":\"\",\"evExistingBattery\":\"\",\"evInstallationType\":\"\",\"evDistanceChargerSwitchboard\":\"\",\"evCarMakeModel\":\"\",\"images\":{\"evChargerImages\":\"\",\"evSwitchboardImages\":\"\",\"evOtherImages\":\"\",\"hwhpLocationImages\":\"\",\"hwhpSwitchboardImages\":\"\",\"hwhpOtherImages\":\"\"},\"hwhpNumberOfResidents\":\"\",\"hwhpExistingSystem\":\"\",\"hwhpLocationAccessibility\":\"\",\"hwhpSwitchboardDistance\":\"\",\"leadStatus\":\"\",\"funnelVersion\":3,\"extraInfo\":\"\",\"consolidatedNotes\":\"Important Notes: Lead has consented to discussion of energy plans.This lead was submitted via the QuotesV3 form.Lead wants to pay cashExisting inverter type: GoodweRequired for: Lowest bills, charge from solar in blackout & almost instant changeover in a blackoutRoss has verified this phone number\\n\\nFeatures: Battery System\\n\\nRoof Type: Yes\\n\\nStoreys: 1\\n\\nAddress: 4 Ruskin Rd Glen Iris, Glen Iris, VIC, 3146\",\"mappedRoofType\":\"Other\",\"_imported_at\":\"2026-03-16T01:00:00.914Z\"}',NULL,NULL,0,0,NULL,NULL,NULL,NULL,NULL,NULL),
(82,NULL,'new','Tarco Sibbel','tarkosibbel@gmail.com','0403 843 009','Sandringham',NULL,NULL,NULL,NULL,NULL,NULL,NULL,NULL,NULL,NULL,NULL,0.00,'Solar Quotes',NULL,0,0,NULL,'2026-03-16 12:00:00',NULL,'2026-03-16 01:00:00',NULL,NULL,NULL,NULL,NULL,NULL,NULL,NULL,NULL,NULL,NULL,NULL,NULL,NULL,NULL,NULL,NULL,NULL,NULL,0,NULL,NULL,0,'1031022','{\"id\":1031022,\"idLeadSupplier\":2305269,\"name\":\"Tarco\",\"lastName\":\"Sibbel\",\"phone\":\"0403 843 009\",\"email\":\"tarkosibbel@gmail.com\",\"supplierId\":14039,\"leadPrice\":50,\"claimed\":\"No\",\"size\":\"\",\"systemPriceType\":\"\",\"timeframe\":\"In the next 4 weeks\",\"quarterlyBill\":\"$500-$1000\",\"electricityBillPerMonth\":\"\",\"ownTheRoofSpace\":\"Yes\",\"typeOfRoof\":\"\",\"typeOfRoofOther\":\"\",\"minimumTenSquareMetersNorthFacing\":\"I\'m not sure - Please Help Me Out\",\"roofSlope\":\"\",\"shade\":\"\",\"direction\":\"Not Sure\",\"storeys\":2,\"features\":\"Battery System\",\"leadType\":\"Batteries\",\"submittedDate\":\"2026-03-16 01:30:18\",\"companyName\":\"\",\"address\":\"2 Grange Rd Sandringham\",\"latitude\":-37.9478773,\"longitude\":145.0108268,\"installationAddressLineOne\":\"2 Grange Rd\",\"installationAddressLineTwo\":\"\",\"installationSuburb\":\"Sandringham\",\"installationState\":\"VIC\",\"installationPostcode\":3191,\"installationCountry\":\"Australia\",\"mailingAddressLineOne\":\"\",\"mailingAddressLineTwo\":\"\",\"mailingSuburb\":\"\",\"mailingState\":\"\",\"mailingPostcode\":\"\",\"mailingCountry\":\"\",\"homeVisit\":\"Yes\",\"availableForConversation\":\"\",\"importantNotes\":\"We are on 3-phase.Would consider adding more solar panels if appropriate (recent solar install last year).I am after the best way to live more sustainably in an all electric house (gas mains has been removed).Lead has consented to discussion of energy plans.This lead was submitted via the QuotesV3 form.Lead wants to pay cashExisting inverter type: Fronius Symo 8.2-3-MRequired for: Lowest bills, backups up 3-phase appliances & easily expandableTarco has verified this phone number\",\"importantNotesSplit\":\"We are on 3-phase.::Would consider adding more solar panels if appropriate (recent solar install last year).::I am after the best way to live more sustainably in an all electric house (gas mains has been removed).:Lead has consented to discussion of energy plans.:This lead was submitted via the QuotesV3 form.:Lead wants to pay cash:Existing inverter type: Fronius Symo 8.2-3-M:Required for: Lowest bills, backups up 3-phase appliances & easily expandable:Tarco has verified this phone number\",\"requestedQuotes\":3,\"note\":\"\",\"evExistingSolarSize\":\"\",\"evExistingBattery\":\"\",\"evInstallationType\":\"\",\"evDistanceChargerSwitchboard\":\"\",\"evCarMakeModel\":\"\",\"images\":{\"evChargerImages\":\"\",\"evSwitchboardImages\":\"\",\"evOtherImages\":\"\",\"hwhpLocationImages\":\"\",\"hwhpSwitchboardImages\":\"\",\"hwhpOtherImages\":\"\"},\"hwhpNumberOfResidents\":\"\",\"hwhpExistingSystem\":\"\",\"hwhpLocationAccessibility\":\"\",\"hwhpSwitchboardDistance\":\"\",\"leadStatus\":\"\",\"funnelVersion\":3,\"extraInfo\":\"\",\"consolidatedNotes\":\"Important Notes: We are on 3-phase.Would consider adding more solar panels if appropriate (recent solar install last year).I am after the best way to live more sustainably in an all electric house (gas mains has been removed).Lead has consented to discussion of energy plans.This lead was submitted via the QuotesV3 form.Lead wants to pay cashExisting inverter type: Fronius Symo 8.2-3-MRequired for: Lowest bills, backups up 3-phase appliances & easily expandableTarco has verified this phone number\\n\\nFeatures: Battery System\\n\\nRoof Type: Yes\\n\\nStoreys: 2\\n\\nAddress: 2 Grange Rd Sandringham, Sandringham, VIC, 3191\",\"mappedRoofType\":\"Other\",\"_imported_at\":\"2026-03-16T01:00:00.920Z\"}',NULL,NULL,0,0,NULL,NULL,NULL,NULL,NULL,NULL),
(83,NULL,'closed_won','Daniel Martin','danielsmartin0000@gmail.com','401053606','Cockatoo',5.00,NULL,NULL,NULL,NULL,NULL,NULL,NULL,NULL,NULL,NULL,0.00,'Solar Quotes',NULL,1,1,'2026-03-19 13:02:52','2026-03-26 01:17:30',NULL,'2026-03-16 02:00:00','2026-03-26 01:17:30',NULL,NULL,NULL,NULL,0,0,'1111',NULL,NULL,1,NULL,NULL,NULL,NULL,NULL,NULL,NULL,NULL,0,NULL,NULL,0,'1031257','{\"id\":1031257,\"idLeadSupplier\":2305743,\"name\":\"Daniel\",\"lastName\":\"Martin\",\"phone\":401053606,\"email\":\"danielsmartin0000@gmail.com\",\"supplierId\":14039,\"leadPrice\":60,\"claimed\":\"No\",\"size\":\"5 to 10 kW\",\"systemPriceType\":\"A good mix of quality and price\",\"timeframe\":\"In the next 3 months\",\"quarterlyBill\":\"$1000-$2000\",\"electricityBillPerMonth\":\"\",\"ownTheRoofSpace\":\"Yes\",\"typeOfRoof\":\"Tin / Colourbond\",\"typeOfRoofOther\":\"\",\"minimumTenSquareMetersNorthFacing\":\"I\'m not sure - Please Help Me Out\",\"roofSlope\":\"\",\"shade\":\"\",\"direction\":\"Not Sure\",\"storeys\":1,\"features\":\"On Grid Solar\\nMicro Inverters or Power Optimisers\\nBattery System\",\"leadType\":\"On Grid Solar + Batteries\",\"submittedDate\":\"2026-03-16 11:40:11\",\"companyName\":\"\",\"address\":\"1 George St Cockatoo\",\"latitude\":-37.9464796,\"longitude\":145.498311,\"installationAddressLineOne\":\"1 George St\",\"installationAddressLineTwo\":\"\",\"installationSuburb\":\"Cockatoo\",\"installationState\":\"VIC\",\"installationPostcode\":3781,\"installationCountry\":\"Australia\",\"mailingAddressLineOne\":\"\",\"mailingAddressLineTwo\":\"\",\"mailingSuburb\":\"\",\"mailingState\":\"\",\"mailingPostcode\":\"\",\"mailingCountry\":\"\",\"homeVisit\":\"Zoom call\",\"availableForConversation\":\"\",\"importantNotes\":\"This lead was submitted via the QuotesV3 form.This customer has indicated that they would like to receive the VIC rebate.Lead wants to pay cashRequired for: Blackout Protection, charge from solar in blackout & almost instant changeover in a blackoutThis is an ORIGIN lead.Daniel has verified this phone number\",\"importantNotesSplit\":\"This lead was submitted via the QuotesV3 form.::This customer has indicated that they would like to receive the VIC rebate.::Lead wants to pay cash::Required for: Blackout Protection, charge from solar in blackout & almost instant changeover in a blackout::This is an ORIGIN lead.:Daniel has verified this phone number\",\"requestedQuotes\":3,\"note\":\"\",\"evExistingSolarSize\":\"\",\"evExistingBattery\":\"\",\"evInstallationType\":\"\",\"evDistanceChargerSwitchboard\":\"\",\"evCarMakeModel\":\"\",\"images\":{\"evChargerImages\":\"\",\"evSwitchboardImages\":\"\",\"evOtherImages\":\"\",\"hwhpLocationImages\":\"\",\"hwhpSwitchboardImages\":\"\",\"hwhpOtherImages\":\"\"},\"hwhpNumberOfResidents\":\"\",\"hwhpExistingSystem\":\"\",\"hwhpLocationAccessibility\":\"\",\"hwhpSwitchboardDistance\":\"\",\"leadStatus\":\"\",\"funnelVersion\":3,\"extraInfo\":\"Micro Inverters / Power Optimisers\",\"consolidatedNotes\":\"Important Notes: This lead was submitted via the QuotesV3 form.This customer has indicated that they would like to receive the VIC rebate.Lead wants to pay cashRequired for: Blackout Protection, charge from solar in blackout & almost instant changeover in a blackoutThis is an ORIGIN lead.Daniel has verified this phone number\\n\\nFeatures: On Grid Solar\\nMicro Inverters or Power Optimisers\\nBattery System\\n\\nRoof Type: Tin / Colourbond\\n\\nStoreys: 1\\n\\nAddress: 1 George St Cockatoo, Cockatoo, VIC, 3781\",\"mappedRoofType\":\"Tin (Colorbond)\",\"_imported_at\":\"2026-03-16T02:00:00.798Z\"}',NULL,NULL,0,0,NULL,NULL,NULL,NULL,NULL,NULL),
(84,NULL,'inspection_booked','Daniel Busatta','buzzaemail@gmail.com','0413 201 454','Narre Warren North',NULL,NULL,NULL,NULL,NULL,NULL,NULL,NULL,NULL,NULL,NULL,0.00,'Solar Quotes',NULL,0,0,NULL,'2026-03-16 21:38:37','2026-03-17 09:00:00','2026-03-16 03:00:00','2026-03-16 10:38:37',NULL,NULL,NULL,NULL,NULL,NULL,NULL,NULL,NULL,NULL,NULL,NULL,NULL,NULL,NULL,NULL,NULL,NULL,0,NULL,NULL,0,'1031460','{\"id\":1031460,\"idLeadSupplier\":2305830,\"name\":\"Daniel\",\"lastName\":\"Busatta\",\"phone\":\"0413 201 454\",\"email\":\"buzzaemail@gmail.com\",\"supplierId\":14039,\"leadPrice\":50,\"claimed\":\"No\",\"size\":\"Not Sure. Please help me decide\",\"systemPriceType\":\"\",\"timeframe\":\"In the next 4 weeks\",\"quarterlyBill\":\"Less than $500\",\"electricityBillPerMonth\":\"\",\"ownTheRoofSpace\":\"Yes\",\"typeOfRoof\":\"Other\",\"typeOfRoofOther\":\"Other\",\"minimumTenSquareMetersNorthFacing\":\"I\'m not sure - Please Help Me Out\",\"roofSlope\":\"\",\"shade\":\"\",\"direction\":\"Not Sure\",\"storeys\":\"\",\"features\":\"Adding Batteries\",\"leadType\":\"Batteries\",\"submittedDate\":\"2026-03-16 12:35:25\",\"companyName\":\"\",\"address\":\"13 Lombard Ct Narre Warren North\",\"latitude\":-37.9849308,\"longitude\":145.2845908,\"installationAddressLineOne\":\"13 Lombard Ct\",\"installationAddressLineTwo\":\"\",\"installationSuburb\":\"Narre Warren North\",\"installationState\":\"VIC\",\"installationPostcode\":3804,\"installationCountry\":\"Australia\",\"mailingAddressLineOne\":\"\",\"mailingAddressLineTwo\":\"\",\"mailingSuburb\":\"\",\"mailingState\":\"\",\"mailingPostcode\":\"\",\"mailingCountry\":\"\",\"homeVisit\":\"Yes\",\"availableForConversation\":\"\",\"importantNotes\":\"This lead was submitted via the QuotesV3 form.Lead wants to pay cashCustomer wants a battery upgradeAmount of storage required: I don\'t knowExisting battery type: UnknownExisting inverter type: goodweRequired for: Blackout Protection, charge from solar in blackout, almost instant changeover in a blackout & easily expandableDaniel has verified this phone number\",\"importantNotesSplit\":\"This lead was submitted via the QuotesV3 form.:Lead wants to pay cash:Customer wants a battery upgrade:Amount of storage required: I don\'t know:Existing battery type: Unknown:Existing inverter type: goodwe:Required for: Blackout Protection, charge from solar in blackout, almost instant changeover in a blackout & easily expandable:Daniel has verified this phone number\",\"requestedQuotes\":3,\"note\":\"\",\"evExistingSolarSize\":\"\",\"evExistingBattery\":\"\",\"evInstallationType\":\"\",\"evDistanceChargerSwitchboard\":\"\",\"evCarMakeModel\":\"\",\"images\":{\"evChargerImages\":\"\",\"evSwitchboardImages\":\"\",\"evOtherImages\":\"\",\"hwhpLocationImages\":\"\",\"hwhpSwitchboardImages\":\"\",\"hwhpOtherImages\":\"\"},\"hwhpNumberOfResidents\":\"\",\"hwhpExistingSystem\":\"\",\"hwhpLocationAccessibility\":\"\",\"hwhpSwitchboardDistance\":\"\",\"leadStatus\":\"\",\"funnelVersion\":3,\"extraInfo\":\"Battery System Upgrade\",\"consolidatedNotes\":\"Important Notes: This lead was submitted via the QuotesV3 form.Lead wants to pay cashCustomer wants a battery upgradeAmount of storage required: I don\'t knowExisting battery type: UnknownExisting inverter type: goodweRequired for: Blackout Protection, charge from solar in blackout, almost instant changeover in a blackout & easily expandableDaniel has verified this phone number\\n\\nFeatures: Adding Batteries\\n\\nRoof Type: Other\\n\\nAddress: 13 Lombard Ct Narre Warren North, Narre Warren North, VIC, 3804\",\"mappedRoofType\":\"Other\",\"_imported_at\":\"2026-03-16T03:00:00.938Z\"}',NULL,NULL,0,0,NULL,NULL,NULL,NULL,NULL,NULL),
(85,NULL,'closed_won','Markus Wagner','solar@acrocon.com','0488 996 355','Springvale',50.00,NULL,NULL,NULL,NULL,NULL,NULL,NULL,NULL,NULL,NULL,0.00,'Solar Quotes',NULL,1,1,'2026-03-19 12:38:56','2026-03-19 12:38:56',NULL,'2026-03-16 11:00:01','2026-03-19 01:38:56',NULL,NULL,NULL,NULL,NULL,NULL,NULL,NULL,NULL,NULL,NULL,NULL,NULL,NULL,NULL,NULL,NULL,NULL,0,NULL,NULL,0,'1031533','{\"id\":1031533,\"idLeadSupplier\":2305927,\"name\":\"Markus\",\"lastName\":\"Wagner\",\"phone\":\"0488 996 355\",\"email\":\"solar@acrocon.com\",\"supplierId\":14039,\"leadPrice\":60,\"claimed\":\"No\",\"size\":\"Not Sure. Please help me decide\",\"systemPriceType\":\"A good mix of quality and price\",\"timeframe\":\"Immediately\",\"quarterlyBill\":\"$500-$1000\",\"electricityBillPerMonth\":\"\",\"ownTheRoofSpace\":\"Yes\",\"typeOfRoof\":\"Tin / Colourbond\",\"typeOfRoofOther\":\"\",\"minimumTenSquareMetersNorthFacing\":\"I\'m not sure - Please Help Me Out\",\"roofSlope\":\"\",\"shade\":\"\",\"direction\":\"Not Sure\",\"storeys\":2,\"features\":\"On Grid Solar\\nBattery System\",\"leadType\":\"On Grid Solar + Batteries\",\"submittedDate\":\"2026-03-16 13:45:55\",\"companyName\":\"\",\"address\":\"12 Merton St Springvale\",\"latitude\":-37.9492746,\"longitude\":145.1582258,\"installationAddressLineOne\":\"12 Merton St\",\"installationAddressLineTwo\":\"\",\"installationSuburb\":\"Springvale\",\"installationState\":\"VIC\",\"installationPostcode\":3171,\"installationCountry\":\"Australia\",\"mailingAddressLineOne\":\"\",\"mailingAddressLineTwo\":\"\",\"mailingSuburb\":\"\",\"mailingState\":\"\",\"mailingPostcode\":\"\",\"mailingCountry\":\"\",\"homeVisit\":\"Yes\",\"availableForConversation\":\"\",\"importantNotes\":\"Phone: I can normally not pick up the phone but I will call back. Happy to arrange the in-person inspection via email.Lead has consented to discussion of energy plans.This lead was submitted via the QuotesV3 form.This customer has indicated that they do not want the VIC rebate.Lead wants to pay cashRequired for: Lowest bills, charge from solar in blackout, almost instant changeover in a blackout & backups up 3-phase appliancesMarkus has verified this phone number\",\"importantNotesSplit\":\"Phone: I can normally not pick up the phone but I will call back. Happy to arrange the in-person inspection via email.:Lead has consented to discussion of energy plans.:This lead was submitted via the QuotesV3 form.:This customer has indicated that they do not want the VIC rebate.:Lead wants to pay cash:Required for: Lowest bills, charge from solar in blackout, almost instant changeover in a blackout & backups up 3-phase appliances:Markus has verified this phone number\",\"requestedQuotes\":3,\"note\":\"\",\"evExistingSolarSize\":\"\",\"evExistingBattery\":\"No\",\"evInstallationType\":\"\",\"evDistanceChargerSwitchboard\":\"\",\"evCarMakeModel\":\"\",\"images\":{\"evChargerImages\":\"\",\"evSwitchboardImages\":\"\",\"evOtherImages\":\"\",\"hwhpLocationImages\":\"\",\"hwhpSwitchboardImages\":\"\",\"hwhpOtherImages\":\"\"},\"hwhpNumberOfResidents\":\"\",\"hwhpExistingSystem\":\"\",\"hwhpLocationAccessibility\":\"\",\"hwhpSwitchboardDistance\":\"\",\"leadStatus\":\"\",\"funnelVersion\":3,\"extraInfo\":\"\",\"consolidatedNotes\":\"Important Notes: Phone: I can normally not pick up the phone but I will call back. Happy to arrange the in-person inspection via email.Lead has consented to discussion of energy plans.This lead was submitted via the QuotesV3 form.This customer has indicated that they do not want the VIC rebate.Lead wants to pay cashRequired for: Lowest bills, charge from solar in blackout, almost instant changeover in a blackout & backups up 3-phase appliancesMarkus has verified this phone number\\n\\nFeatures: On Grid Solar\\nBattery System\\n\\nHave Battery: No\\n\\nRoof Type: Tin / Colourbond\\n\\nStoreys: 2\\n\\nAddress: 12 Merton St Springvale, Springvale, VIC, 3171\",\"mappedRoofType\":\"Tin (Colorbond)\",\"_imported_at\":\"2026-03-16T11:00:01.054Z\"}',NULL,NULL,0,0,NULL,NULL,NULL,NULL,NULL,NULL),
(86,NULL,'closed_won','Paul Gloury','paulgloury@gmail.com','0419 501 629','Parkdale',500.00,50.00,50.00,'qưe','ưqe',100,NULL,NULL,NULL,NULL,NULL,0.00,'Solar Quotes',NULL,1,1,'2026-03-19 11:43:39','2026-03-19 11:43:39',NULL,'2026-03-16 11:00:01','2026-03-19 00:43:39','PV only',NULL,NULL,NULL,NULL,NULL,NULL,NULL,NULL,NULL,NULL,NULL,NULL,NULL,NULL,NULL,NULL,NULL,0,NULL,NULL,0,'1031529','{\"id\":1031529,\"idLeadSupplier\":2305922,\"name\":\"Paul\",\"lastName\":\"Gloury\",\"phone\":\"0419 501 629\",\"email\":\"paulgloury@gmail.com\",\"supplierId\":14039,\"leadPrice\":50,\"claimed\":\"No\",\"size\":\"\",\"systemPriceType\":\"\",\"timeframe\":\"In the next 4 weeks\",\"quarterlyBill\":\"Don\'t know\",\"electricityBillPerMonth\":\"\",\"ownTheRoofSpace\":\"Yes\",\"typeOfRoof\":\"\",\"typeOfRoofOther\":\"\",\"minimumTenSquareMetersNorthFacing\":\"I\'m not sure - Please Help Me Out\",\"roofSlope\":\"\",\"shade\":\"\",\"direction\":\"Not Sure\",\"storeys\":2,\"features\":\"Battery System\",\"leadType\":\"Batteries\",\"submittedDate\":\"2026-03-16 13:45:35\",\"companyName\":\"\",\"address\":\"16 Foam St Parkdale\",\"latitude\":-37.99738139999,\"longitude\":145.0752338,\"installationAddressLineOne\":\"16 Foam St\",\"installationAddressLineTwo\":\"\",\"installationSuburb\":\"Parkdale\",\"installationState\":\"VIC\",\"installationPostcode\":3195,\"installationCountry\":\"Australia\",\"mailingAddressLineOne\":\"\",\"mailingAddressLineTwo\":\"\",\"mailingSuburb\":\"\",\"mailingState\":\"\",\"mailingPostcode\":\"\",\"mailingCountry\":\"\",\"homeVisit\":\"Yes\",\"availableForConversation\":\"\",\"importantNotes\":\"We are currently renovating our home and looking at installing a battery to add to our Enphase Solar Panel system. I also have an Electrical vehicle and we are currently upgrading to 3 Phase power. We are keen to look at Blackout protection but also a built in smart EV charger if possible.Lead has consented to discussion of energy plans.This lead was submitted via the QuotesV3 form.Lead wants to pay cashExisting inverter type: Enphase with microinverters behind each panelRequired for: Quickest payback time, almost instant changeover in a blackout, backups up 3-phase appliances & easily expandablePaul has verified this phone number\",\"importantNotesSplit\":\"We are currently renovating our home and looking at installing a battery to add to our Enphase Solar Panel system. I also have an Electrical vehicle and we are currently upgrading to 3 Phase power. We are keen to look at Blackout protection but also a built in smart EV charger if possible.:Lead has consented to discussion of energy plans.:This lead was submitted via the QuotesV3 form.:Lead wants to pay cash:Existing inverter type: Enphase with microinverters behind each panel:Required for: Quickest payback time, almost instant changeover in a blackout, backups up 3-phase appliances & easily expandable:Paul has verified this phone number\",\"requestedQuotes\":2,\"note\":\"\",\"evExistingSolarSize\":\"\",\"evExistingBattery\":\"\",\"evInstallationType\":\"\",\"evDistanceChargerSwitchboard\":\"\",\"evCarMakeModel\":\"\",\"images\":{\"evChargerImages\":\"\",\"evSwitchboardImages\":\"\",\"evOtherImages\":\"\",\"hwhpLocationImages\":\"\",\"hwhpSwitchboardImages\":\"\",\"hwhpOtherImages\":\"\"},\"hwhpNumberOfResidents\":\"\",\"hwhpExistingSystem\":\"\",\"hwhpLocationAccessibility\":\"\",\"hwhpSwitchboardDistance\":\"\",\"leadStatus\":\"\",\"funnelVersion\":3,\"extraInfo\":\"\",\"consolidatedNotes\":\"Important Notes: We are currently renovating our home and looking at installing a battery to add to our Enphase Solar Panel system. I also have an Electrical vehicle and we are currently upgrading to 3 Phase power. We are keen to look at Blackout protection but also a built in smart EV charger if possible.Lead has consented to discussion of energy plans.This lead was submitted via the QuotesV3 form.Lead wants to pay cashExisting inverter type: Enphase with microinverters behind each panelRequired for: Quickest payback time, almost instant changeover in a blackout, backups up 3-phase appliances & easily expandablePaul has verified this phone number\\n\\nFeatures: Battery System\\n\\nRoof Type: Yes\\n\\nStoreys: 2\\n\\nAddress: 16 Foam St Parkdale, Parkdale, VIC, 3195\",\"mappedRoofType\":\"Other\",\"_imported_at\":\"2026-03-16T11:00:01.073Z\"}',NULL,NULL,0,0,NULL,NULL,NULL,NULL,NULL,NULL),
(87,NULL,'closed_won','Lou Marasco','lou@altobmg.com.au','0439 388 807','Carnegie',NULL,NULL,NULL,NULL,NULL,NULL,NULL,NULL,NULL,NULL,NULL,0.00,'Solar Quotes',NULL,1,1,'2026-03-19 12:56:58','2026-03-19 12:56:58',NULL,'2026-03-16 11:00:01','2026-03-19 01:56:58',NULL,NULL,NULL,NULL,NULL,NULL,NULL,NULL,NULL,NULL,NULL,NULL,NULL,NULL,NULL,NULL,NULL,NULL,0,NULL,NULL,0,'1031509','{\"id\":1031509,\"idLeadSupplier\":2305900,\"name\":\"Lou\",\"lastName\":\"Marasco\",\"phone\":\"0439 388 807\",\"email\":\"lou@altobmg.com.au\",\"supplierId\":14039,\"leadPrice\":50,\"claimed\":\"No\",\"size\":\"\",\"systemPriceType\":\"\",\"timeframe\":\"In the next 4 weeks\",\"quarterlyBill\":\"Less than $500\",\"electricityBillPerMonth\":\"\",\"ownTheRoofSpace\":\"Yes\",\"typeOfRoof\":\"\",\"typeOfRoofOther\":\"\",\"minimumTenSquareMetersNorthFacing\":\"I\'m not sure - Please Help Me Out\",\"roofSlope\":\"\",\"shade\":\"\",\"direction\":\"Not Sure\",\"storeys\":1,\"features\":\"Battery System\",\"leadType\":\"Batteries\",\"submittedDate\":\"2026-03-16 13:35:36\",\"companyName\":\"\",\"address\":\"50 Miller St Carnegie\",\"latitude\":-37.8972144,\"longitude\":145.0515508,\"installationAddressLineOne\":\"50 Miller St\",\"installationAddressLineTwo\":\"\",\"installationSuburb\":\"Carnegie\",\"installationState\":\"VIC\",\"installationPostcode\":3163,\"installationCountry\":\"Australia\",\"mailingAddressLineOne\":\"\",\"mailingAddressLineTwo\":\"\",\"mailingSuburb\":\"\",\"mailingState\":\"\",\"mailingPostcode\":\"\",\"mailingCountry\":\"\",\"homeVisit\":\"Yes\",\"availableForConversation\":\"\",\"importantNotes\":\"Option for EV charger moduleLead has consented to discussion of energy plans.This lead was submitted via the QuotesV3 form.Lead wants to pay cashRequired for: Lowest bills & easily expandableLou has verified this phone number\",\"importantNotesSplit\":\"Option for EV charger module:Lead has consented to discussion of energy plans.:This lead was submitted via the QuotesV3 form.:Lead wants to pay cash:Required for: Lowest bills & easily expandable:Lou has verified this phone number\",\"requestedQuotes\":2,\"note\":\"\",\"evExistingSolarSize\":\"\",\"evExistingBattery\":\"\",\"evInstallationType\":\"\",\"evDistanceChargerSwitchboard\":\"\",\"evCarMakeModel\":\"\",\"images\":{\"evChargerImages\":\"\",\"evSwitchboardImages\":\"\",\"evOtherImages\":\"\",\"hwhpLocationImages\":\"\",\"hwhpSwitchboardImages\":\"\",\"hwhpOtherImages\":\"\"},\"hwhpNumberOfResidents\":\"\",\"hwhpExistingSystem\":\"\",\"hwhpLocationAccessibility\":\"\",\"hwhpSwitchboardDistance\":\"\",\"leadStatus\":\"\",\"funnelVersion\":3,\"extraInfo\":\"\",\"consolidatedNotes\":\"Important Notes: Option for EV charger moduleLead has consented to discussion of energy plans.This lead was submitted via the QuotesV3 form.Lead wants to pay cashRequired for: Lowest bills & easily expandableLou has verified this phone number\\n\\nFeatures: Battery System\\n\\nRoof Type: Yes\\n\\nStoreys: 1\\n\\nAddress: 50 Miller St Carnegie, Carnegie, VIC, 3163\",\"mappedRoofType\":\"Other\",\"_imported_at\":\"2026-03-16T11:00:01.082Z\"}',NULL,NULL,0,0,NULL,NULL,NULL,NULL,NULL,NULL),
(89,NULL,'inspection_booked','TESTING','tester@Test.com','111 222 333','3144',NULL,10.00,5.00,'GOODWE','AKIO',480,NULL,NULL,15.00,'GOODWE','BATT',NULL,'REDDIT',NULL,0,0,NULL,'2026-03-24 21:37:25','2026-03-29 21:00:00','2026-03-24 21:35:02','2026-03-24 21:37:25','PV + Battery','Single','Tin(Colorbond)','Single',0,1,'22654641653103','AGL','AusNet',1,'61685418653210320','2152sfd23',NULL,NULL,NULL,NULL,NULL,NULL,0,NULL,NULL,0,NULL,NULL,NULL,NULL,0,0,NULL,NULL,NULL,NULL,NULL,NULL),
(90,NULL,'new','Nishul Pithadia','nishul.pithadia04@gmail.com','9769755760','Melbourne',NULL,NULL,NULL,NULL,NULL,NULL,NULL,NULL,NULL,NULL,NULL,NULL,'Website',NULL,0,0,NULL,'2026-03-25 07:17:11',NULL,'2026-03-25 07:17:11',NULL,NULL,NULL,NULL,NULL,NULL,NULL,NULL,NULL,NULL,NULL,NULL,NULL,NULL,NULL,NULL,NULL,NULL,NULL,0,NULL,NULL,0,NULL,NULL,NULL,NULL,0,0,NULL,NULL,NULL,NULL,NULL,NULL),
(91,NULL,'new','Elaine Ho','ho.y.elaine@gmail.com','0413 235 723','Brighton',NULL,NULL,NULL,NULL,NULL,NULL,NULL,NULL,NULL,NULL,NULL,0.00,'Solar Quotes',NULL,0,0,NULL,'2026-03-25 09:00:00',NULL,'2026-03-25 09:00:00',NULL,NULL,NULL,NULL,NULL,NULL,NULL,NULL,NULL,NULL,NULL,NULL,NULL,NULL,NULL,NULL,NULL,NULL,NULL,0,NULL,NULL,0,'1037270','{\"id\":1037270,\"idLeadSupplier\":2315171,\"name\":\"Elaine\",\"lastName\":\"Ho\",\"phone\":\"0413 235 723\",\"email\":\"ho.y.elaine@gmail.com\",\"supplierId\":14039,\"leadPrice\":50,\"claimed\":\"No\",\"size\":\"Not Sure. Please help me decide\",\"systemPriceType\":\"\",\"timeframe\":\"In the next 3 months\",\"quarterlyBill\":\"Less than $500\",\"electricityBillPerMonth\":\"\",\"ownTheRoofSpace\":\"Yes\",\"typeOfRoof\":\"Other\",\"typeOfRoofOther\":\"Other\",\"minimumTenSquareMetersNorthFacing\":\"I\'m not sure - Please Help Me Out\",\"roofSlope\":\"\",\"shade\":\"\",\"direction\":\"Not Sure\",\"storeys\":\"\",\"features\":\"Adding Batteries\",\"leadType\":\"Add Batteries to Existing\",\"submittedDate\":\"2026-03-25 19:20:08\",\"companyName\":\"\",\"address\":\"23 Sussex St Brighton\",\"latitude\":-37.9170667,\"longitude\":144.9906732,\"installationAddressLineOne\":\"23 Sussex St\",\"installationAddressLineTwo\":\"\",\"installationSuburb\":\"Brighton\",\"installationState\":\"VIC\",\"installationPostcode\":3186,\"installationCountry\":\"Australia\",\"mailingAddressLineOne\":\"\",\"mailingAddressLineTwo\":\"\",\"mailingSuburb\":\"\",\"mailingState\":\"\",\"mailingPostcode\":\"\",\"mailingCountry\":\"\",\"homeVisit\":\"Yes\",\"availableForConversation\":\"\",\"importantNotes\":\"This customer has indicated that they do not want the VIC rebate.Customer wants a battery upgradeAmount of storage required: I don\'t knowExisting inverter type: SUNNY BOY SB 5000TL-20Required for: Lowest bills, charge from solar in blackout & almost instant changeover in a blackoutElaine has verified this phone number\",\"importantNotesSplit\":\"This customer has indicated that they do not want the VIC rebate.:Customer wants a battery upgrade:Amount of storage required: I don\'t know:Existing inverter type: SUNNY BOY SB 5000TL-20:Required for: Lowest bills, charge from solar in blackout & almost instant changeover in a blackout:Elaine has verified this phone number\",\"requestedQuotes\":2,\"note\":\"\",\"evExistingSolarSize\":\"\",\"evExistingBattery\":\"\",\"evInstallationType\":\"\",\"evDistanceChargerSwitchboard\":\"\",\"evCarMakeModel\":\"\",\"images\":{\"evChargerImages\":\"\",\"evSwitchboardImages\":\"\",\"evOtherImages\":\"\",\"hwhpLocationImages\":\"\",\"hwhpSwitchboardImages\":\"\",\"hwhpOtherImages\":\"\"},\"hwhpNumberOfResidents\":\"\",\"hwhpExistingSystem\":\"\",\"hwhpLocationAccessibility\":\"\",\"hwhpSwitchboardDistance\":\"\",\"leadStatus\":\"\",\"funnelVersion\":2,\"extraInfo\":\"\",\"consolidatedNotes\":\"Important Notes: This customer has indicated that they do not want the VIC rebate.Customer wants a battery upgradeAmount of storage required: I don\'t knowExisting inverter type: SUNNY BOY SB 5000TL-20Required for: Lowest bills, charge from solar in blackout & almost instant changeover in a blackoutElaine has verified this phone number\\n\\nFeatures: Adding Batteries\\n\\nRoof Type: Other\\n\\nAddress: 23 Sussex St Brighton, Brighton, VIC, 3186\",\"mappedRoofType\":\"Other\",\"_imported_at\":\"2026-03-25T09:00:00.728Z\"}',NULL,NULL,0,0,NULL,NULL,NULL,NULL,NULL,NULL),
(92,NULL,'new','Jim Bitzios','jim.bitzios@bigpond.com','0403 046 527','Heathmont',NULL,NULL,NULL,NULL,NULL,NULL,NULL,NULL,NULL,NULL,NULL,0.00,'Solar Quotes',NULL,0,0,NULL,'2026-03-25 09:00:00',NULL,'2026-03-25 09:00:00',NULL,NULL,NULL,NULL,NULL,NULL,NULL,NULL,NULL,NULL,NULL,NULL,NULL,NULL,NULL,NULL,NULL,NULL,NULL,0,NULL,NULL,0,'1037249','{\"id\":1037249,\"idLeadSupplier\":2315160,\"name\":\"Jim\",\"lastName\":\"Bitzios\",\"phone\":\"0403 046 527\",\"email\":\"jim.bitzios@bigpond.com\",\"supplierId\":14039,\"leadPrice\":60,\"claimed\":\"No\",\"size\":\"Not Sure. Please help me decide\",\"systemPriceType\":\"A good mix of quality and price\",\"timeframe\":\"In the next 3 months\",\"quarterlyBill\":\"Less than $500\",\"electricityBillPerMonth\":\"\",\"ownTheRoofSpace\":\"Yes\",\"typeOfRoof\":\"Tin / Colourbond\",\"typeOfRoofOther\":\"\",\"minimumTenSquareMetersNorthFacing\":\"I\'m not sure - Please Help Me Out\",\"roofSlope\":\"\",\"shade\":\"\",\"direction\":\"Not Sure\",\"storeys\":1,\"features\":\"On Grid Solar\\nBattery System\",\"leadType\":\"On Grid Solar + Batteries\",\"submittedDate\":\"2026-03-25 18:45:24\",\"companyName\":\"\",\"address\":\"15 Lena Grove Heathmont\",\"latitude\":-37.820055,\"longitude\":145.2412199,\"installationAddressLineOne\":\"15 Lena Grove\",\"installationAddressLineTwo\":\"\",\"installationSuburb\":\"Heathmont\",\"installationState\":\"VIC\",\"installationPostcode\":3135,\"installationCountry\":\"Australia\",\"mailingAddressLineOne\":\"\",\"mailingAddressLineTwo\":\"\",\"mailingSuburb\":\"\",\"mailingState\":\"\",\"mailingPostcode\":\"\",\"mailingCountry\":\"\",\"homeVisit\":\"No\",\"availableForConversation\":\"\",\"importantNotes\":\"house was built in 2023This lead was submitted via the QuotesV3 form.This customer has indicated that they would like to receive the VIC rebate.Lead wants to pay cashRequired for: Blackout Protection & almost instant changeover in a blackoutThis is an ORIGIN lead.Jim has verified this phone number\",\"importantNotesSplit\":\"house was built in 2023:This lead was submitted via the QuotesV3 form.:This customer has indicated that they would like to receive the VIC rebate.:Lead wants to pay cash:Required for: Blackout Protection & almost instant changeover in a blackout:This is an ORIGIN lead.:Jim has verified this phone number\",\"requestedQuotes\":1,\"note\":\"\",\"evExistingSolarSize\":\"\",\"evExistingBattery\":\"No\",\"evInstallationType\":\"\",\"evDistanceChargerSwitchboard\":\"\",\"evCarMakeModel\":\"\",\"images\":{\"evChargerImages\":\"\",\"evSwitchboardImages\":\"\",\"evOtherImages\":\"\",\"hwhpLocationImages\":\"\",\"hwhpSwitchboardImages\":\"\",\"hwhpOtherImages\":\"\"},\"hwhpNumberOfResidents\":\"\",\"hwhpExistingSystem\":\"\",\"hwhpLocationAccessibility\":\"\",\"hwhpSwitchboardDistance\":\"\",\"leadStatus\":\"\",\"funnelVersion\":3,\"extraInfo\":\"\",\"consolidatedNotes\":\"Important Notes: house was built in 2023This lead was submitted via the QuotesV3 form.This customer has indicated that they would like to receive the VIC rebate.Lead wants to pay cashRequired for: Blackout Protection & almost instant changeover in a blackoutThis is an ORIGIN lead.Jim has verified this phone number\\n\\nFeatures: On Grid Solar\\nBattery System\\n\\nHave Battery: No\\n\\nRoof Type: Tin / Colourbond\\n\\nStoreys: 1\\n\\nAddress: 15 Lena Grove Heathmont, Heathmont, VIC, 3135\",\"mappedRoofType\":\"Tin (Colorbond)\",\"_imported_at\":\"2026-03-25T09:00:00.737Z\"}',NULL,NULL,0,0,NULL,NULL,NULL,NULL,NULL,NULL),
(93,NULL,'new','Yuan Zhang','halen1977@hotmail.com','0484 088 849','Dandenong',10.00,NULL,NULL,NULL,NULL,NULL,NULL,NULL,NULL,NULL,NULL,0.00,'Solar Quotes',NULL,0,0,NULL,'2026-03-25 12:00:01',NULL,'2026-03-25 12:00:01',NULL,NULL,NULL,NULL,NULL,NULL,NULL,NULL,NULL,NULL,NULL,NULL,NULL,NULL,NULL,NULL,NULL,NULL,NULL,0,NULL,NULL,0,'1037343','{\"id\":1037343,\"idLeadSupplier\":2315218,\"name\":\"Yuan\",\"lastName\":\"Zhang\",\"phone\":\"0484 088 849\",\"email\":\"halen1977@hotmail.com\",\"supplierId\":14039,\"leadPrice\":60,\"claimed\":\"No\",\"size\":\"10 to 15 kW\",\"systemPriceType\":\"A good mix of quality and price\",\"timeframe\":\"In the next 4 weeks\",\"quarterlyBill\":\"$500-$1000\",\"electricityBillPerMonth\":\"\",\"ownTheRoofSpace\":\"Yes\",\"typeOfRoof\":\"Tile\",\"typeOfRoofOther\":\"\",\"minimumTenSquareMetersNorthFacing\":\"I\'m not sure - Please Help Me Out\",\"roofSlope\":\"\",\"shade\":\"\",\"direction\":\"Not Sure\",\"storeys\":1,\"features\":\"On Grid Solar\\nBattery System\",\"leadType\":\"On Grid Solar + Batteries\",\"submittedDate\":\"2026-03-25 21:40:07\",\"companyName\":\"\",\"address\":\"5 Robert St Dandenong\",\"latitude\":-37.980935,\"longitude\":145.2199039,\"installationAddressLineOne\":\"5 Robert St\",\"installationAddressLineTwo\":\"\",\"installationSuburb\":\"Dandenong\",\"installationState\":\"VIC\",\"installationPostcode\":3175,\"installationCountry\":\"Australia\",\"mailingAddressLineOne\":\"\",\"mailingAddressLineTwo\":\"\",\"mailingSuburb\":\"\",\"mailingState\":\"\",\"mailingPostcode\":\"\",\"mailingCountry\":\"\",\"homeVisit\":\"No\",\"availableForConversation\":\"\",\"importantNotes\":\"Please contact Chiu on 0438866652, thanksLead has consented to discussion of energy plans.This lead was submitted via the QuotesV3 form.This customer has indicated that they would like to receive the VIC rebate.Lead wants to pay cashRequired for: Lowest bills, charge from solar in blackout & almost instant changeover in a blackoutThis is an ORIGIN lead.Yuan has verified this phone number\",\"importantNotesSplit\":\"Please contact Chiu on 0438866652, thanks:Lead has consented to discussion of energy plans.:This lead was submitted via the QuotesV3 form.:This customer has indicated that they would like to receive the VIC rebate.:Lead wants to pay cash:Required for: Lowest bills, charge from solar in blackout & almost instant changeover in a blackout:This is an ORIGIN lead.:Yuan has verified this phone number\",\"requestedQuotes\":2,\"note\":\"\",\"evExistingSolarSize\":\"\",\"evExistingBattery\":\"No\",\"evInstallationType\":\"\",\"evDistanceChargerSwitchboard\":\"\",\"evCarMakeModel\":\"\",\"images\":{\"evChargerImages\":\"\",\"evSwitchboardImages\":\"\",\"evOtherImages\":\"\",\"hwhpLocationImages\":\"\",\"hwhpSwitchboardImages\":\"\",\"hwhpOtherImages\":\"\"},\"hwhpNumberOfResidents\":\"\",\"hwhpExistingSystem\":\"\",\"hwhpLocationAccessibility\":\"\",\"hwhpSwitchboardDistance\":\"\",\"leadStatus\":\"\",\"funnelVersion\":3,\"extraInfo\":\"\",\"consolidatedNotes\":\"Important Notes: Please contact Chiu on 0438866652, thanksLead has consented to discussion of energy plans.This lead was submitted via the QuotesV3 form.This customer has indicated that they would like to receive the VIC rebate.Lead wants to pay cashRequired for: Lowest bills, charge from solar in blackout & almost instant changeover in a blackoutThis is an ORIGIN lead.Yuan has verified this phone number\\n\\nFeatures: On Grid Solar\\nBattery System\\n\\nHave Battery: No\\n\\nRoof Type: Tile\\n\\nStoreys: 1\\n\\nAddress: 5 Robert St Dandenong, Dandenong, VIC, 3175\",\"mappedRoofType\":\"Tile (Concrete)\",\"_imported_at\":\"2026-03-25T12:00:01.127Z\"}',NULL,NULL,0,0,NULL,NULL,NULL,NULL,NULL,NULL),
(94,NULL,'new','Al Ma','algaema@gmail.com','0416 193 126','Vermont South',NULL,NULL,NULL,NULL,NULL,NULL,NULL,NULL,NULL,NULL,NULL,0.00,'Solar Quotes',NULL,0,0,NULL,'2026-03-26 00:00:00',NULL,'2026-03-26 00:00:00',NULL,NULL,NULL,NULL,NULL,NULL,NULL,NULL,NULL,NULL,NULL,NULL,NULL,NULL,NULL,NULL,NULL,NULL,NULL,0,NULL,NULL,0,'1037491','{\"id\":1037491,\"idLeadSupplier\":2315721,\"name\":\"Al\",\"lastName\":\"Ma\",\"phone\":\"0416 193 126\",\"email\":\"algaema@gmail.com\",\"supplierId\":14039,\"leadPrice\":50,\"claimed\":\"No\",\"size\":\"Not Sure. Please help me decide\",\"systemPriceType\":\"\",\"timeframe\":\"Immediately\",\"quarterlyBill\":\"$500-$1000\",\"electricityBillPerMonth\":\"\",\"ownTheRoofSpace\":\"Yes\",\"typeOfRoof\":\"Other\",\"typeOfRoofOther\":\"Other\",\"minimumTenSquareMetersNorthFacing\":\"I\'m not sure - Please Help Me Out\",\"roofSlope\":\"\",\"shade\":\"\",\"direction\":\"Not Sure\",\"storeys\":\"\",\"features\":\"Adding Batteries\",\"leadType\":\"Batteries\",\"submittedDate\":\"2026-03-26 10:15:14\",\"companyName\":\"\",\"address\":\"7 Explorers Ct Vermont South\",\"latitude\":-37.8579902,\"longitude\":145.1872521,\"installationAddressLineOne\":\"7 Explorers Ct\",\"installationAddressLineTwo\":\"\",\"installationSuburb\":\"Vermont South\",\"installationState\":\"VIC\",\"installationPostcode\":3133,\"installationCountry\":\"Australia\",\"mailingAddressLineOne\":\"\",\"mailingAddressLineTwo\":\"\",\"mailingSuburb\":\"\",\"mailingState\":\"\",\"mailingPostcode\":\"\",\"mailingCountry\":\"\",\"homeVisit\":\"Yes\",\"availableForConversation\":\"\",\"importantNotes\":\"This lead was submitted via the QuotesV3 form.Lead wants to pay cashCustomer wants a battery upgradeAmount of storage required: I don\'t knowExisting battery type: Goodwe EHA battery or Sungrow battery, with backupExpect to be around 30-40kWh AC Coupled with my existing SolarEdgeExisting inverter type: SolarEdge SE10000HRequired for: Lowest bills, charge from solar in blackout & almost instant changeover in a blackoutAl has verified this phone number\",\"importantNotesSplit\":\"This lead was submitted via the QuotesV3 form.::Lead wants to pay cash::Customer wants a battery upgrade::Amount of storage required: I don\'t know::Existing battery type: Goodwe EHA battery or Sungrow battery, with backup::Expect to be around 30-40kWh AC Coupled with my existing SolarEdge::Existing inverter type: SolarEdge SE10000H::Required for: Lowest bills, charge from solar in blackout & almost instant changeover in a blackout::Al has verified this phone number\",\"requestedQuotes\":2,\"note\":\"\",\"evExistingSolarSize\":\"\",\"evExistingBattery\":\"\",\"evInstallationType\":\"\",\"evDistanceChargerSwitchboard\":\"\",\"evCarMakeModel\":\"\",\"images\":{\"evChargerImages\":\"\",\"evSwitchboardImages\":\"\",\"evOtherImages\":\"\",\"hwhpLocationImages\":\"\",\"hwhpSwitchboardImages\":\"\",\"hwhpOtherImages\":\"\"},\"hwhpNumberOfResidents\":\"\",\"hwhpExistingSystem\":\"\",\"hwhpLocationAccessibility\":\"\",\"hwhpSwitchboardDistance\":\"\",\"leadStatus\":\"\",\"funnelVersion\":3,\"extraInfo\":\"Battery System Upgrade\",\"consolidatedNotes\":\"Important Notes: This lead was submitted via the QuotesV3 form.Lead wants to pay cashCustomer wants a battery upgradeAmount of storage required: I don\'t knowExisting battery type: Goodwe EHA battery or Sungrow battery, with backupExpect to be around 30-40kWh AC Coupled with my existing SolarEdgeExisting inverter type: SolarEdge SE10000HRequired for: Lowest bills, charge from solar in blackout & almost instant changeover in a blackoutAl has verified this phone number\\n\\nFeatures: Adding Batteries\\n\\nRoof Type: Other\\n\\nAddress: 7 Explorers Ct Vermont South, Vermont South, VIC, 3133\",\"mappedRoofType\":\"Other\",\"_imported_at\":\"2026-03-26T00:00:00.848Z\"}',NULL,NULL,0,0,NULL,NULL,NULL,NULL,NULL,NULL),
(95,NULL,'new','Mark Wong','funkiemark@hotmail.com','0428 309 177','Box Hill',NULL,NULL,NULL,NULL,NULL,NULL,NULL,NULL,NULL,NULL,NULL,0.00,'Solar Quotes',NULL,0,0,NULL,'2026-03-26 00:00:00',NULL,'2026-03-26 00:00:00',NULL,NULL,NULL,NULL,NULL,NULL,NULL,NULL,NULL,NULL,NULL,NULL,NULL,NULL,NULL,NULL,NULL,NULL,NULL,0,NULL,NULL,0,'1037262','{\"id\":1037262,\"idLeadSupplier\":2315678,\"name\":\"Mark\",\"lastName\":\"Wong\",\"phone\":\"0428 309 177\",\"email\":\"funkiemark@hotmail.com\",\"supplierId\":14039,\"leadPrice\":50,\"claimed\":\"No\",\"size\":\"Not Sure. Please help me decide\",\"systemPriceType\":\"\",\"timeframe\":\"In the next 4 weeks\",\"quarterlyBill\":\"$500-$1000\",\"electricityBillPerMonth\":\"\",\"ownTheRoofSpace\":\"Yes\",\"typeOfRoof\":\"Other\",\"typeOfRoofOther\":\"Other\",\"minimumTenSquareMetersNorthFacing\":\"I\'m not sure - Please Help Me Out\",\"roofSlope\":\"\",\"shade\":\"\",\"direction\":\"Not Sure\",\"storeys\":\"\",\"features\":\"Adding Batteries\\nMark specifically requested a quote from Xtechs Renewables Pty Ltd\",\"leadType\":\"Batteries\",\"submittedDate\":\"2026-03-26 09:30:10\",\"companyName\":\"\",\"address\":\"42 Pendle St Box Hill\",\"latitude\":-37.8158482,\"longitude\":145.1359802,\"installationAddressLineOne\":\"42 Pendle St\",\"installationAddressLineTwo\":\"\",\"installationSuburb\":\"Box Hill\",\"installationState\":\"VIC\",\"installationPostcode\":3128,\"installationCountry\":\"Australia\",\"mailingAddressLineOne\":\"\",\"mailingAddressLineTwo\":\"\",\"mailingSuburb\":\"\",\"mailingState\":\"\",\"mailingPostcode\":\"\",\"mailingCountry\":\"\",\"homeVisit\":\"Zoom call\",\"availableForConversation\":\"\",\"importantNotes\":\"Battery home backup, ability to charge from the grid are important to meLead has consented to discussion of energy plans.This lead was submitted via the QuotesV3 form.Lead wants to pay cashCustomer wants a battery upgradeAmount of storage required: I don\'t knowExisting battery type: LG Chem Resu10Existing inverter type: FroniusRequired for: Quickest payback time, charge from solar in blackout, almost instant changeover in a blackout & backups up 3-phase appliancesThis is an ORIGIN lead.Mark has verified this phone number\",\"importantNotesSplit\":\"Battery home backup, ability to charge from the grid are important to me::Lead has consented to discussion of energy plans.::This lead was submitted via the QuotesV3 form.::Lead wants to pay cash::Customer wants a battery upgrade::Amount of storage required: I don\'t know::Existing battery type: LG Chem Resu10::Existing inverter type: Fronius::Required for: Quickest payback time, charge from solar in blackout, almost instant changeover in a blackout & backups up 3-phase appliances::This is an ORIGIN lead.::Mark has verified this phone number\",\"requestedQuotes\":3,\"note\":\"\",\"evExistingSolarSize\":\"\",\"evExistingBattery\":\"\",\"evInstallationType\":\"\",\"evDistanceChargerSwitchboard\":\"\",\"evCarMakeModel\":\"\",\"images\":{\"evChargerImages\":\"\",\"evSwitchboardImages\":\"\",\"evOtherImages\":\"\",\"hwhpLocationImages\":\"\",\"hwhpSwitchboardImages\":\"\",\"hwhpOtherImages\":\"\"},\"hwhpNumberOfResidents\":\"\",\"hwhpExistingSystem\":\"\",\"hwhpLocationAccessibility\":\"\",\"hwhpSwitchboardDistance\":\"\",\"leadStatus\":\"\",\"funnelVersion\":3,\"extraInfo\":\"Battery System Upgrade\",\"consolidatedNotes\":\"Important Notes: Battery home backup, ability to charge from the grid are important to meLead has consented to discussion of energy plans.This lead was submitted via the QuotesV3 form.Lead wants to pay cashCustomer wants a battery upgradeAmount of storage required: I don\'t knowExisting battery type: LG Chem Resu10Existing inverter type: FroniusRequired for: Quickest payback time, charge from solar in blackout, almost instant changeover in a blackout & backups up 3-phase appliancesThis is an ORIGIN lead.Mark has verified this phone number\\n\\nFeatures: Adding Batteries\\nMark specifically requested a quote from Xtechs Renewables Pty Ltd\\n\\nRoof Type: Other\\n\\nAddress: 42 Pendle St Box Hill, Box Hill, VIC, 3128\",\"mappedRoofType\":\"Other\",\"_imported_at\":\"2026-03-26T00:00:00.856Z\"}',NULL,NULL,0,0,NULL,NULL,NULL,NULL,NULL,NULL),
(96,NULL,'new','Ross Ashton','rossmashton@gmail.com','0414 434 085','Forest Hill',NULL,NULL,NULL,NULL,NULL,NULL,NULL,NULL,NULL,NULL,NULL,0.00,'Solar Quotes',NULL,0,0,NULL,'2026-03-26 00:00:00',NULL,'2026-03-26 00:00:00',NULL,NULL,NULL,NULL,NULL,NULL,NULL,NULL,NULL,NULL,NULL,NULL,NULL,NULL,NULL,NULL,NULL,NULL,NULL,0,NULL,NULL,0,'1037458','{\"id\":1037458,\"idLeadSupplier\":2315613,\"name\":\"Ross\",\"lastName\":\"Ashton\",\"phone\":\"0414 434 085\",\"email\":\"rossmashton@gmail.com\",\"supplierId\":14039,\"leadPrice\":60,\"claimed\":\"No\",\"size\":\"Not Sure. Please help me decide\",\"systemPriceType\":\"A good mix of quality and price\",\"timeframe\":\"In the next 4 weeks\",\"quarterlyBill\":\"Less than $500\",\"electricityBillPerMonth\":\"\",\"ownTheRoofSpace\":\"Yes\",\"typeOfRoof\":\"Tile\",\"typeOfRoofOther\":\"\",\"minimumTenSquareMetersNorthFacing\":\"I\'m not sure - Please Help Me Out\",\"roofSlope\":\"\",\"shade\":\"\",\"direction\":\"Not Sure\",\"storeys\":1,\"features\":\"On Grid Solar\\nBattery System\",\"leadType\":\"On Grid Solar + Batteries\",\"submittedDate\":\"2026-03-26 08:05:28\",\"companyName\":\"\",\"address\":\"145 Mount Pleasant Rd Forest Hill\",\"latitude\":-37.833246,\"longitude\":145.1801974,\"installationAddressLineOne\":\"145 Mount Pleasant Rd\",\"installationAddressLineTwo\":\"\",\"installationSuburb\":\"Forest Hill\",\"installationState\":\"VIC\",\"installationPostcode\":3131,\"installationCountry\":\"Australia\",\"mailingAddressLineOne\":\"\",\"mailingAddressLineTwo\":\"\",\"mailingSuburb\":\"\",\"mailingState\":\"\",\"mailingPostcode\":\"\",\"mailingCountry\":\"\",\"homeVisit\":\"Yes\",\"availableForConversation\":\"\",\"importantNotes\":\"location of Invener and Battery ?Lead has consented to discussion of energy plans.This lead was submitted via the QuotesV3 form.This customer has indicated that they would like to receive the VIC rebate.Lead wants to pay cashRequired for: Lowest bills & almost instant changeover in a blackoutRoss has verified this phone number\",\"importantNotesSplit\":\"location of Invener and Battery ?:Lead has consented to discussion of energy plans.:This lead was submitted via the QuotesV3 form.:This customer has indicated that they would like to receive the VIC rebate.:Lead wants to pay cash:Required for: Lowest bills & almost instant changeover in a blackout:Ross has verified this phone number\",\"requestedQuotes\":2,\"note\":\"\",\"evExistingSolarSize\":\"\",\"evExistingBattery\":\"No\",\"evInstallationType\":\"\",\"evDistanceChargerSwitchboard\":\"\",\"evCarMakeModel\":\"\",\"images\":{\"evChargerImages\":\"\",\"evSwitchboardImages\":\"\",\"evOtherImages\":\"\",\"hwhpLocationImages\":\"\",\"hwhpSwitchboardImages\":\"\",\"hwhpOtherImages\":\"\"},\"hwhpNumberOfResidents\":\"\",\"hwhpExistingSystem\":\"\",\"hwhpLocationAccessibility\":\"\",\"hwhpSwitchboardDistance\":\"\",\"leadStatus\":\"\",\"funnelVersion\":3,\"extraInfo\":\"\",\"consolidatedNotes\":\"Important Notes: location of Invener and Battery ?Lead has consented to discussion of energy plans.This lead was submitted via the QuotesV3 form.This customer has indicated that they would like to receive the VIC rebate.Lead wants to pay cashRequired for: Lowest bills & almost instant changeover in a blackoutRoss has verified this phone number\\n\\nFeatures: On Grid Solar\\nBattery System\\n\\nHave Battery: No\\n\\nRoof Type: Tile\\n\\nStoreys: 1\\n\\nAddress: 145 Mount Pleasant Rd Forest Hill, Forest Hill, VIC, 3131\",\"mappedRoofType\":\"Tile (Concrete)\",\"_imported_at\":\"2026-03-26T00:00:00.862Z\"}',NULL,NULL,0,0,NULL,NULL,NULL,NULL,NULL,NULL),
(97,NULL,'new','Rhys Eddy','rhyseddy@gmail.com','0417 060 347','Mulgrave',NULL,NULL,NULL,NULL,NULL,NULL,NULL,NULL,NULL,NULL,NULL,0.00,'Solar Quotes',NULL,0,0,NULL,'2026-03-26 00:00:00',NULL,'2026-03-26 00:00:00',NULL,NULL,NULL,NULL,NULL,NULL,NULL,NULL,NULL,NULL,NULL,NULL,NULL,NULL,NULL,NULL,NULL,NULL,NULL,0,NULL,NULL,0,'1037328','{\"id\":1037328,\"idLeadSupplier\":2315542,\"name\":\"Rhys\",\"lastName\":\"Eddy\",\"phone\":\"0417 060 347\",\"email\":\"rhyseddy@gmail.com\",\"supplierId\":14039,\"leadPrice\":50,\"claimed\":\"No\",\"size\":\"\",\"systemPriceType\":\"\",\"timeframe\":\"Immediately\",\"quarterlyBill\":\"$500-$1000\",\"electricityBillPerMonth\":\"\",\"ownTheRoofSpace\":\"Yes\",\"typeOfRoof\":\"\",\"typeOfRoofOther\":\"\",\"minimumTenSquareMetersNorthFacing\":\"I\'m not sure - Please Help Me Out\",\"roofSlope\":\"\",\"shade\":\"\",\"direction\":\"Not Sure\",\"storeys\":1,\"features\":\"Battery System\",\"leadType\":\"Batteries\",\"submittedDate\":\"2026-03-26 03:25:17\",\"companyName\":\"\",\"address\":\"22 Grovelands Dr Mulgrave\",\"latitude\":-37.9333559,\"longitude\":145.1825416,\"installationAddressLineOne\":\"22 Grovelands Dr\",\"installationAddressLineTwo\":\"\",\"installationSuburb\":\"Mulgrave\",\"installationState\":\"VIC\",\"installationPostcode\":3170,\"installationCountry\":\"Australia\",\"mailingAddressLineOne\":\"\",\"mailingAddressLineTwo\":\"\",\"mailingSuburb\":\"\",\"mailingState\":\"\",\"mailingPostcode\":\"\",\"mailingCountry\":\"\",\"homeVisit\":\"Yes\",\"availableForConversation\":\"\",\"importantNotes\":\"This lead was submitted via the QuotesV3 form.Lead wants to pay cashRequired for: Lowest billsRhys has verified this phone number\",\"importantNotesSplit\":\"This lead was submitted via the QuotesV3 form.:Lead wants to pay cash:Required for: Lowest bills:Rhys has verified this phone number\",\"requestedQuotes\":3,\"note\":\"\",\"evExistingSolarSize\":\"\",\"evExistingBattery\":\"\",\"evInstallationType\":\"\",\"evDistanceChargerSwitchboard\":\"\",\"evCarMakeModel\":\"\",\"images\":{\"evChargerImages\":\"\",\"evSwitchboardImages\":\"\",\"evOtherImages\":\"\",\"hwhpLocationImages\":\"\",\"hwhpSwitchboardImages\":\"\",\"hwhpOtherImages\":\"\"},\"hwhpNumberOfResidents\":\"\",\"hwhpExistingSystem\":\"\",\"hwhpLocationAccessibility\":\"\",\"hwhpSwitchboardDistance\":\"\",\"leadStatus\":\"\",\"funnelVersion\":3,\"extraInfo\":\"\",\"consolidatedNotes\":\"Important Notes: This lead was submitted via the QuotesV3 form.Lead wants to pay cashRequired for: Lowest billsRhys has verified this phone number\\n\\nFeatures: Battery System\\n\\nRoof Type: Yes\\n\\nStoreys: 1\\n\\nAddress: 22 Grovelands Dr Mulgrave, Mulgrave, VIC, 3170\",\"mappedRoofType\":\"Other\",\"_imported_at\":\"2026-03-26T00:00:00.869Z\"}',NULL,NULL,0,0,NULL,NULL,NULL,NULL,NULL,NULL),
(98,NULL,'new','Gordon McDermott','gordonmcdermott57@bigpond.com','0408 559 788','Pakenham',NULL,NULL,NULL,NULL,NULL,NULL,NULL,NULL,NULL,NULL,NULL,0.00,'Solar Quotes',NULL,0,0,NULL,'2026-03-26 00:00:00',NULL,'2026-03-26 00:00:00',NULL,NULL,NULL,NULL,NULL,NULL,NULL,NULL,NULL,NULL,NULL,NULL,NULL,NULL,NULL,NULL,NULL,NULL,NULL,0,NULL,NULL,0,'1037214','{\"id\":1037214,\"idLeadSupplier\":2315526,\"name\":\"Gordon\",\"lastName\":\"McDermott\",\"phone\":\"0408 559 788\",\"email\":\"gordonmcdermott57@bigpond.com\",\"supplierId\":14039,\"leadPrice\":50,\"claimed\":\"No\",\"size\":\"\",\"systemPriceType\":\"\",\"timeframe\":\"In the next 4 weeks\",\"quarterlyBill\":\"$500-$1000\",\"electricityBillPerMonth\":\"\",\"ownTheRoofSpace\":\"Yes\",\"typeOfRoof\":\"\",\"typeOfRoofOther\":\"\",\"minimumTenSquareMetersNorthFacing\":\"I\'m not sure - Please Help Me Out\",\"roofSlope\":\"\",\"shade\":\"\",\"direction\":\"Not Sure\",\"storeys\":1,\"features\":\"Battery System\",\"leadType\":\"Batteries\",\"submittedDate\":\"2026-03-26 03:05:15\",\"companyName\":\"\",\"address\":\"5 Jan Maree Court Pakenham\",\"latitude\":-38.0660008,\"longitude\":145.4738873,\"installationAddressLineOne\":\"5 Jan Maree Court\",\"installationAddressLineTwo\":\"\",\"installationSuburb\":\"Pakenham\",\"installationState\":\"VIC\",\"installationPostcode\":3810,\"installationCountry\":\"Australia\",\"mailingAddressLineOne\":\"\",\"mailingAddressLineTwo\":\"\",\"mailingSuburb\":\"\",\"mailingState\":\"\",\"mailingPostcode\":\"\",\"mailingCountry\":\"\",\"homeVisit\":\"Yes\",\"availableForConversation\":\"\",\"importantNotes\":\"None really.  I just wanted a battery to complement the solar with instant  blackout capabilityLead has consented to discussion of energy plans.This lead was submitted via the QuotesV3 form.Lead wants to pay cashExisting inverter type: Sorry, no.Required for: Lowest bills, charge from solar in blackout, almost instant changeover in a blackout & backups up 3-phase appliancesThis is an ORIGIN lead.Gordon has verified this phone number\",\"importantNotesSplit\":\"None really.  I just wanted a battery to complement the solar with instant  blackout capability:Lead has consented to discussion of energy plans.:This lead was submitted via the QuotesV3 form.:Lead wants to pay cash:Existing inverter type: Sorry, no.:Required for: Lowest bills, charge from solar in blackout, almost instant changeover in a blackout & backups up 3-phase appliances:This is an ORIGIN lead.:Gordon has verified this phone number\",\"requestedQuotes\":3,\"note\":\"\",\"evExistingSolarSize\":\"\",\"evExistingBattery\":\"\",\"evInstallationType\":\"\",\"evDistanceChargerSwitchboard\":\"\",\"evCarMakeModel\":\"\",\"images\":{\"evChargerImages\":\"\",\"evSwitchboardImages\":\"\",\"evOtherImages\":\"\",\"hwhpLocationImages\":\"\",\"hwhpSwitchboardImages\":\"\",\"hwhpOtherImages\":\"\"},\"hwhpNumberOfResidents\":\"\",\"hwhpExistingSystem\":\"\",\"hwhpLocationAccessibility\":\"\",\"hwhpSwitchboardDistance\":\"\",\"leadStatus\":\"\",\"funnelVersion\":3,\"extraInfo\":\"\",\"consolidatedNotes\":\"Important Notes: None really.  I just wanted a battery to complement the solar with instant  blackout capabilityLead has consented to discussion of energy plans.This lead was submitted via the QuotesV3 form.Lead wants to pay cashExisting inverter type: Sorry, no.Required for: Lowest bills, charge from solar in blackout, almost instant changeover in a blackout & backups up 3-phase appliancesThis is an ORIGIN lead.Gordon has verified this phone number\\n\\nFeatures: Battery System\\n\\nRoof Type: Yes\\n\\nStoreys: 1\\n\\nAddress: 5 Jan Maree Court Pakenham, Pakenham, VIC, 3810\",\"mappedRoofType\":\"Other\",\"_imported_at\":\"2026-03-26T00:00:00.876Z\"}',NULL,NULL,0,0,NULL,NULL,NULL,NULL,NULL,NULL),
(99,NULL,'new','Tua Le','tuasanhl@gmail.com','0421 217 246','Donvale',NULL,NULL,NULL,NULL,NULL,NULL,NULL,NULL,NULL,NULL,NULL,0.00,'Solar Quotes',NULL,0,0,NULL,'2026-03-26 00:00:00',NULL,'2026-03-26 00:00:00',NULL,NULL,NULL,NULL,NULL,NULL,NULL,NULL,NULL,NULL,NULL,NULL,NULL,NULL,NULL,NULL,NULL,NULL,NULL,0,NULL,NULL,0,'1037379','{\"id\":1037379,\"idLeadSupplier\":2315521,\"name\":\"Tua\",\"lastName\":\"Le\",\"phone\":\"0421 217 246\",\"email\":\"tuasanhl@gmail.com\",\"supplierId\":14039,\"leadPrice\":60,\"claimed\":\"No\",\"size\":\"Not Sure. Please help me decide\",\"systemPriceType\":\"\",\"timeframe\":\"Immediately\",\"quarterlyBill\":\"Less than $500\",\"electricityBillPerMonth\":\"\",\"ownTheRoofSpace\":\"Yes\",\"typeOfRoof\":\"Tin / Colourbond\",\"typeOfRoofOther\":\"\",\"minimumTenSquareMetersNorthFacing\":\"I\'m not sure - Please Help Me Out\",\"roofSlope\":\"\",\"shade\":\"\",\"direction\":\"Not Sure\",\"storeys\":3,\"features\":\"Adding Batteries\\nIncrease size of existing solar system\",\"leadType\":\"On Grid Solar + Batteries\",\"submittedDate\":\"2026-03-26 02:51:06\",\"companyName\":\"\",\"address\":\"43 Lisbeth Avenue Donvale\",\"latitude\":-37.8025187,\"longitude\":145.1960133,\"installationAddressLineOne\":\"43 Lisbeth Avenue\",\"installationAddressLineTwo\":\"\",\"installationSuburb\":\"Donvale\",\"installationState\":\"VIC\",\"installationPostcode\":3111,\"installationCountry\":\"Australia\",\"mailingAddressLineOne\":\"\",\"mailingAddressLineTwo\":\"\",\"mailingSuburb\":\"\",\"mailingState\":\"\",\"mailingPostcode\":\"\",\"mailingCountry\":\"\",\"homeVisit\":\"Yes\",\"availableForConversation\":\"\",\"importantNotes\":\"This lead was submitted via the QuotesV3 form.Lead wants to pay cashCustomer wants a battery upgradeAmount of storage required: I don\'t knowExisting battery type: UnknownExisting inverter type: UnknownRequired for: Lowest billsTua has verified this phone number\",\"importantNotesSplit\":\"This lead was submitted via the QuotesV3 form.:Lead wants to pay cash:Customer wants a battery upgrade:Amount of storage required: I don\'t know:Existing battery type: Unknown:Existing inverter type: Unknown:Required for: Lowest bills:Tua has verified this phone number\",\"requestedQuotes\":2,\"note\":\"\",\"evExistingSolarSize\":\"\",\"evExistingBattery\":\"\",\"evInstallationType\":\"\",\"evDistanceChargerSwitchboard\":\"\",\"evCarMakeModel\":\"\",\"images\":{\"evChargerImages\":\"\",\"evSwitchboardImages\":\"\",\"evOtherImages\":\"\",\"hwhpLocationImages\":\"\",\"hwhpSwitchboardImages\":\"\",\"hwhpOtherImages\":\"\"},\"hwhpNumberOfResidents\":\"\",\"hwhpExistingSystem\":\"\",\"hwhpLocationAccessibility\":\"\",\"hwhpSwitchboardDistance\":\"\",\"leadStatus\":\"\",\"funnelVersion\":3,\"extraInfo\":[\"Solar System Upgrade\",\"Battery System Upgrade\"],\"consolidatedNotes\":\"Important Notes: This lead was submitted via the QuotesV3 form.Lead wants to pay cashCustomer wants a battery upgradeAmount of storage required: I don\'t knowExisting battery type: UnknownExisting inverter type: UnknownRequired for: Lowest billsTua has verified this phone number\\n\\nFeatures: Adding Batteries\\nIncrease size of existing solar system\\n\\nRoof Type: Tin / Colourbond\\n\\nStoreys: 3\\n\\nAddress: 43 Lisbeth Avenue Donvale, Donvale, VIC, 3111\",\"mappedRoofType\":\"Tin (Colorbond)\",\"_imported_at\":\"2026-03-26T00:00:00.882Z\"}',NULL,NULL,0,0,NULL,NULL,NULL,NULL,NULL,NULL),
(100,NULL,'new','Mario Matta','mario_matta@hotmail.com','0402 963 418','Wantirna South',NULL,NULL,NULL,NULL,NULL,NULL,NULL,NULL,NULL,NULL,NULL,0.00,'Solar Quotes',NULL,0,0,NULL,'2026-03-26 00:00:00',NULL,'2026-03-26 00:00:00',NULL,NULL,NULL,NULL,NULL,NULL,NULL,NULL,NULL,NULL,NULL,NULL,NULL,NULL,NULL,NULL,NULL,NULL,NULL,0,NULL,NULL,0,'1037355','{\"id\":1037355,\"idLeadSupplier\":2315516,\"name\":\"Mario\",\"lastName\":\"Matta\",\"phone\":\"0402 963 418\",\"email\":\"mario_matta@hotmail.com\",\"supplierId\":14039,\"leadPrice\":50,\"claimed\":\"No\",\"size\":\"\",\"systemPriceType\":\"\",\"timeframe\":\"In the next 4 weeks\",\"quarterlyBill\":\"Less than $500\",\"electricityBillPerMonth\":\"\",\"ownTheRoofSpace\":\"Yes\",\"typeOfRoof\":\"\",\"typeOfRoofOther\":\"\",\"minimumTenSquareMetersNorthFacing\":\"I\'m not sure - Please Help Me Out\",\"roofSlope\":\"\",\"shade\":\"\",\"direction\":\"Not Sure\",\"storeys\":2,\"features\":\"Battery System\",\"leadType\":\"Batteries\",\"submittedDate\":\"2026-03-26 02:50:48\",\"companyName\":\"\",\"address\":\"5 Don Ct Wantirna South\",\"latitude\":-37.858021,\"longitude\":145.2463076,\"installationAddressLineOne\":\"5 Don Ct\",\"installationAddressLineTwo\":\"\",\"installationSuburb\":\"Wantirna South\",\"installationState\":\"VIC\",\"installationPostcode\":3152,\"installationCountry\":\"Australia\",\"mailingAddressLineOne\":\"\",\"mailingAddressLineTwo\":\"\",\"mailingSuburb\":\"\",\"mailingState\":\"\",\"mailingPostcode\":\"\",\"mailingCountry\":\"\",\"homeVisit\":\"Zoom call\",\"availableForConversation\":\"\",\"importantNotes\":\"This lead was submitted via the QuotesV3 form.Lead wants to pay cashRequired for: Lowest bills, charge from solar in blackout & easily expandableMario has verified this phone number\",\"importantNotesSplit\":\"This lead was submitted via the QuotesV3 form.:Lead wants to pay cash:Required for: Lowest bills, charge from solar in blackout & easily expandable:Mario has verified this phone number\",\"requestedQuotes\":2,\"note\":\"\",\"evExistingSolarSize\":\"\",\"evExistingBattery\":\"\",\"evInstallationType\":\"\",\"evDistanceChargerSwitchboard\":\"\",\"evCarMakeModel\":\"\",\"images\":{\"evChargerImages\":\"\",\"evSwitchboardImages\":\"\",\"evOtherImages\":\"\",\"hwhpLocationImages\":\"\",\"hwhpSwitchboardImages\":\"\",\"hwhpOtherImages\":\"\"},\"hwhpNumberOfResidents\":\"\",\"hwhpExistingSystem\":\"\",\"hwhpLocationAccessibility\":\"\",\"hwhpSwitchboardDistance\":\"\",\"leadStatus\":\"\",\"funnelVersion\":3,\"extraInfo\":\"\",\"consolidatedNotes\":\"Important Notes: This lead was submitted via the QuotesV3 form.Lead wants to pay cashRequired for: Lowest bills, charge from solar in blackout & easily expandableMario has verified this phone number\\n\\nFeatures: Battery System\\n\\nRoof Type: Yes\\n\\nStoreys: 2\\n\\nAddress: 5 Don Ct Wantirna South, Wantirna South, VIC, 3152\",\"mappedRoofType\":\"Other\",\"_imported_at\":\"2026-03-26T00:00:00.887Z\"}',NULL,NULL,0,0,NULL,NULL,NULL,NULL,NULL,NULL),
(101,NULL,'new','Toby De Riter','toby.deriter@fultonhogan.com.au','0430 817 360','Prahran',20.00,NULL,NULL,NULL,NULL,NULL,NULL,NULL,NULL,NULL,NULL,0.00,'Solar Quotes',NULL,0,0,NULL,'2026-03-26 00:00:00',NULL,'2026-03-26 00:00:00',NULL,NULL,NULL,NULL,NULL,NULL,NULL,NULL,NULL,NULL,NULL,NULL,NULL,NULL,NULL,NULL,NULL,NULL,NULL,0,NULL,NULL,0,'1037298','{\"id\":1037298,\"idLeadSupplier\":2315475,\"name\":\"Toby\",\"lastName\":\"De Riter\",\"phone\":\"0430 817 360\",\"email\":\"toby.deriter@fultonhogan.com.au\",\"supplierId\":14039,\"leadPrice\":60,\"claimed\":\"No\",\"size\":\"20+ kW\",\"systemPriceType\":\"A good budget system\",\"timeframe\":\"In the next 4 weeks\",\"quarterlyBill\":\"Less than $500\",\"electricityBillPerMonth\":\"\",\"ownTheRoofSpace\":\"Yes\",\"typeOfRoof\":\"Tin / Colourbond\",\"typeOfRoofOther\":\"\",\"minimumTenSquareMetersNorthFacing\":\"I\'m not sure - Please Help Me Out\",\"roofSlope\":\"\",\"shade\":\"\",\"direction\":\"Not Sure\",\"storeys\":2,\"features\":\"On Grid Solar\\nBattery System\",\"leadType\":\"On Grid Solar + Batteries\",\"submittedDate\":\"2026-03-26 02:30:34\",\"companyName\":\"\",\"address\":\"62 Pridham St Prahran\",\"latitude\":-37.8519354,\"longitude\":145.0055015,\"installationAddressLineOne\":\"62 Pridham St\",\"installationAddressLineTwo\":\"\",\"installationSuburb\":\"Prahran\",\"installationState\":\"VIC\",\"installationPostcode\":3181,\"installationCountry\":\"Australia\",\"mailingAddressLineOne\":\"\",\"mailingAddressLineTwo\":\"\",\"mailingSuburb\":\"\",\"mailingState\":\"\",\"mailingPostcode\":\"\",\"mailingCountry\":\"\",\"homeVisit\":\"No\",\"availableForConversation\":\"\",\"importantNotes\":\"Lead has consented to discussion of energy plans.This lead was submitted via the QuotesV3 form.This customer has indicated that they do not want the VIC rebate.Lead wants to pay cashRequired for: Quickest payback timeThis is an ORIGIN lead.Toby  has verified this phone number\",\"importantNotesSplit\":\"Lead has consented to discussion of energy plans.:This lead was submitted via the QuotesV3 form.:This customer has indicated that they do not want the VIC rebate.:Lead wants to pay cash:Required for: Quickest payback time:This is an ORIGIN lead.:Toby  has verified this phone number\",\"requestedQuotes\":3,\"note\":\"\",\"evExistingSolarSize\":\"\",\"evExistingBattery\":\"No\",\"evInstallationType\":\"\",\"evDistanceChargerSwitchboard\":\"\",\"evCarMakeModel\":\"\",\"images\":{\"evChargerImages\":\"\",\"evSwitchboardImages\":\"\",\"evOtherImages\":\"\",\"hwhpLocationImages\":\"\",\"hwhpSwitchboardImages\":\"\",\"hwhpOtherImages\":\"\"},\"hwhpNumberOfResidents\":\"\",\"hwhpExistingSystem\":\"\",\"hwhpLocationAccessibility\":\"\",\"hwhpSwitchboardDistance\":\"\",\"leadStatus\":\"\",\"funnelVersion\":3,\"extraInfo\":\"\",\"consolidatedNotes\":\"Important Notes: Lead has consented to discussion of energy plans.This lead was submitted via the QuotesV3 form.This customer has indicated that they do not want the VIC rebate.Lead wants to pay cashRequired for: Quickest payback timeThis is an ORIGIN lead.Toby  has verified this phone number\\n\\nFeatures: On Grid Solar\\nBattery System\\n\\nHave Battery: No\\n\\nRoof Type: Tin / Colourbond\\n\\nStoreys: 2\\n\\nAddress: 62 Pridham St Prahran, Prahran, VIC, 3181\",\"mappedRoofType\":\"Tin (Colorbond)\",\"_imported_at\":\"2026-03-26T00:00:00.890Z\"}',NULL,NULL,0,0,NULL,NULL,NULL,NULL,NULL,NULL),
(102,NULL,'new','Sam Jayatilake','sam_007@live.com.au','0401 255 491','Pakenham',NULL,NULL,NULL,NULL,NULL,NULL,NULL,NULL,NULL,NULL,NULL,0.00,'Solar Quotes',NULL,0,0,NULL,'2026-03-26 00:00:00',NULL,'2026-03-26 00:00:00',NULL,NULL,NULL,NULL,NULL,NULL,NULL,NULL,NULL,NULL,NULL,NULL,NULL,NULL,NULL,NULL,NULL,NULL,NULL,0,NULL,NULL,0,'1037295','{\"id\":1037295,\"idLeadSupplier\":2315473,\"name\":\"Sam\",\"lastName\":\"Jayatilake\",\"phone\":\"0401 255 491\",\"email\":\"sam_007@live.com.au\",\"supplierId\":14039,\"leadPrice\":50,\"claimed\":\"No\",\"size\":\"\",\"systemPriceType\":\"\",\"timeframe\":\"In the next 4 weeks\",\"quarterlyBill\":\"Less than $500\",\"electricityBillPerMonth\":\"\",\"ownTheRoofSpace\":\"Yes\",\"typeOfRoof\":\"\",\"typeOfRoofOther\":\"\",\"minimumTenSquareMetersNorthFacing\":\"I\'m not sure - Please Help Me Out\",\"roofSlope\":\"\",\"shade\":\"\",\"direction\":\"Not Sure\",\"storeys\":1,\"features\":\"Battery System\",\"leadType\":\"Batteries\",\"submittedDate\":\"2026-03-26 02:30:27\",\"companyName\":\"\",\"address\":\"64 Pommel St Pakenham\",\"latitude\":-38.0705871,\"longitude\":145.5014134,\"installationAddressLineOne\":\"64 Pommel St\",\"installationAddressLineTwo\":\"\",\"installationSuburb\":\"Pakenham\",\"installationState\":\"VIC\",\"installationPostcode\":3810,\"installationCountry\":\"Australia\",\"mailingAddressLineOne\":\"\",\"mailingAddressLineTwo\":\"\",\"mailingSuburb\":\"\",\"mailingState\":\"\",\"mailingPostcode\":\"\",\"mailingCountry\":\"\",\"homeVisit\":\"No\",\"availableForConversation\":\"\",\"importantNotes\":\"This lead was submitted via the QuotesV3 form.Lead wants to pay cashExisting inverter type: Sungrow SG5K-DRequired for: Lowest bills & charge from solar in blackoutSam has verified this phone number\",\"importantNotesSplit\":\"This lead was submitted via the QuotesV3 form.:Lead wants to pay cash:Existing inverter type: Sungrow SG5K-D:Required for: Lowest bills & charge from solar in blackout:Sam has verified this phone number\",\"requestedQuotes\":3,\"note\":\"\",\"evExistingSolarSize\":\"\",\"evExistingBattery\":\"\",\"evInstallationType\":\"\",\"evDistanceChargerSwitchboard\":\"\",\"evCarMakeModel\":\"\",\"images\":{\"evChargerImages\":\"\",\"evSwitchboardImages\":\"\",\"evOtherImages\":\"\",\"hwhpLocationImages\":\"\",\"hwhpSwitchboardImages\":\"\",\"hwhpOtherImages\":\"\"},\"hwhpNumberOfResidents\":\"\",\"hwhpExistingSystem\":\"\",\"hwhpLocationAccessibility\":\"\",\"hwhpSwitchboardDistance\":\"\",\"leadStatus\":\"\",\"funnelVersion\":3,\"extraInfo\":\"\",\"consolidatedNotes\":\"Important Notes: This lead was submitted via the QuotesV3 form.Lead wants to pay cashExisting inverter type: Sungrow SG5K-DRequired for: Lowest bills & charge from solar in blackoutSam has verified this phone number\\n\\nFeatures: Battery System\\n\\nRoof Type: Yes\\n\\nStoreys: 1\\n\\nAddress: 64 Pommel St Pakenham, Pakenham, VIC, 3810\",\"mappedRoofType\":\"Other\",\"_imported_at\":\"2026-03-26T00:00:00.896Z\"}',NULL,NULL,0,0,NULL,NULL,NULL,NULL,NULL,NULL),
(103,NULL,'new','Lane Chauv','lane.chauv@gmail.com','0433 182 268','Rowville',NULL,NULL,NULL,NULL,NULL,NULL,NULL,NULL,NULL,NULL,NULL,0.00,'Solar Quotes',NULL,0,0,NULL,'2026-03-26 00:00:00',NULL,'2026-03-26 00:00:00',NULL,NULL,NULL,NULL,NULL,NULL,NULL,NULL,NULL,NULL,NULL,NULL,NULL,NULL,NULL,NULL,NULL,NULL,NULL,0,NULL,NULL,0,'1037026','{\"id\":1037026,\"idLeadSupplier\":2315416,\"name\":\"Lane\",\"lastName\":\"Chauv\",\"phone\":\"0433 182 268\",\"email\":\"lane.chauv@gmail.com\",\"supplierId\":14039,\"leadPrice\":50,\"claimed\":\"No\",\"size\":\"Not Sure. Please help me decide\",\"systemPriceType\":\"\",\"timeframe\":\"Immediately\",\"quarterlyBill\":\"Don\'t know\",\"electricityBillPerMonth\":\"\",\"ownTheRoofSpace\":\"Yes\",\"typeOfRoof\":\"Other\",\"typeOfRoofOther\":\"Other\",\"minimumTenSquareMetersNorthFacing\":\"I\'m not sure - Please Help Me Out\",\"roofSlope\":\"\",\"shade\":\"\",\"direction\":\"Not Sure\",\"storeys\":\"\",\"features\":\"Adding Batteries\",\"leadType\":\"Batteries\",\"submittedDate\":\"2026-03-26 02:15:16\",\"companyName\":\"\",\"address\":\"14 Holly Green Cl Rowville\",\"latitude\":-37.9295079,\"longitude\":145.254621,\"installationAddressLineOne\":\"14 Holly Green Cl\",\"installationAddressLineTwo\":\"\",\"installationSuburb\":\"Rowville\",\"installationState\":\"VIC\",\"installationPostcode\":3178,\"installationCountry\":\"Australia\",\"mailingAddressLineOne\":\"\",\"mailingAddressLineTwo\":\"\",\"mailingSuburb\":\"\",\"mailingState\":\"\",\"mailingPostcode\":\"\",\"mailingCountry\":\"\",\"homeVisit\":\"No\",\"availableForConversation\":\"\",\"importantNotes\":\"This lead was submitted via the QuotesV3 form.Lead wants to pay cashCustomer wants a battery upgradeAmount of storage required: I don\'t knowExisting battery type: UnknownExisting inverter type: GoodweRequired for: Blackout Protection & almost instant changeover in a blackoutLane has verified this phone number\",\"importantNotesSplit\":\"This lead was submitted via the QuotesV3 form.:Lead wants to pay cash:Customer wants a battery upgrade:Amount of storage required: I don\'t know:Existing battery type: Unknown:Existing inverter type: Goodwe:Required for: Blackout Protection & almost instant changeover in a blackout:Lane has verified this phone number\",\"requestedQuotes\":3,\"note\":\"\",\"evExistingSolarSize\":\"\",\"evExistingBattery\":\"\",\"evInstallationType\":\"\",\"evDistanceChargerSwitchboard\":\"\",\"evCarMakeModel\":\"\",\"images\":{\"evChargerImages\":\"\",\"evSwitchboardImages\":\"\",\"evOtherImages\":\"\",\"hwhpLocationImages\":\"\",\"hwhpSwitchboardImages\":\"\",\"hwhpOtherImages\":\"\"},\"hwhpNumberOfResidents\":\"\",\"hwhpExistingSystem\":\"\",\"hwhpLocationAccessibility\":\"\",\"hwhpSwitchboardDistance\":\"\",\"leadStatus\":\"\",\"funnelVersion\":3,\"extraInfo\":\"Battery System Upgrade\",\"consolidatedNotes\":\"Important Notes: This lead was submitted via the QuotesV3 form.Lead wants to pay cashCustomer wants a battery upgradeAmount of storage required: I don\'t knowExisting battery type: UnknownExisting inverter type: GoodweRequired for: Blackout Protection & almost instant changeover in a blackoutLane has verified this phone number\\n\\nFeatures: Adding Batteries\\n\\nRoof Type: Other\\n\\nAddress: 14 Holly Green Cl Rowville, Rowville, VIC, 3178\",\"mappedRoofType\":\"Other\",\"_imported_at\":\"2026-03-26T00:00:00.902Z\"}',NULL,NULL,0,0,NULL,NULL,NULL,NULL,NULL,NULL),
(104,NULL,'new','Devin Powell','devin@dgpowell.com.au','0421 526 517','Kangaroo Ground',5.00,NULL,NULL,NULL,NULL,NULL,NULL,NULL,NULL,NULL,NULL,0.00,'Solar Quotes',NULL,0,0,NULL,'2026-03-26 00:00:00',NULL,'2026-03-26 00:00:00',NULL,NULL,NULL,NULL,NULL,NULL,NULL,NULL,NULL,NULL,NULL,NULL,NULL,NULL,NULL,NULL,NULL,NULL,NULL,0,NULL,NULL,0,'1036902','{\"id\":1036902,\"idLeadSupplier\":2315316,\"name\":\"Devin\",\"lastName\":\"Powell\",\"phone\":\"0421 526 517\",\"email\":\"devin@dgpowell.com.au\",\"supplierId\":14039,\"leadPrice\":60,\"claimed\":\"No\",\"size\":\"5 to 10 kW\",\"systemPriceType\":\"A good mix of quality and price\",\"timeframe\":\"Immediately\",\"quarterlyBill\":\"Less than $500\",\"electricityBillPerMonth\":\"\",\"ownTheRoofSpace\":\"Yes\",\"typeOfRoof\":\"Tin / Colourbond\",\"typeOfRoofOther\":\"\",\"minimumTenSquareMetersNorthFacing\":\"I\'m not sure - Please Help Me Out\",\"roofSlope\":\"\",\"shade\":\"\",\"direction\":\"Not Sure\",\"storeys\":1,\"features\":\"On Grid Solar\\nMicro Inverters or Power Optimisers\\nBattery System\",\"leadType\":\"On Grid Solar + Batteries\",\"submittedDate\":\"2026-03-26 01:35:57\",\"companyName\":\"\",\"address\":\"39 Henley Rd Kangaroo Ground\",\"latitude\":-37.6939926,\"longitude\":145.2349343,\"installationAddressLineOne\":\"39 Henley Rd\",\"installationAddressLineTwo\":\"\",\"installationSuburb\":\"Kangaroo Ground\",\"installationState\":\"VIC\",\"installationPostcode\":3097,\"installationCountry\":\"Australia\",\"mailingAddressLineOne\":\"\",\"mailingAddressLineTwo\":\"\",\"mailingSuburb\":\"\",\"mailingState\":\"\",\"mailingPostcode\":\"\",\"mailingCountry\":\"\",\"homeVisit\":\"Zoom call\",\"availableForConversation\":\"\",\"importantNotes\":\"Lead has consented to discussion of energy plans.This lead was submitted via the QuotesV3 form.This customer has indicated that they would like to receive the VIC rebate.Lead wants to pay cashRequired for: Quickest payback time & almost instant changeover in a blackoutDevin has verified this phone number\",\"importantNotesSplit\":\"Lead has consented to discussion of energy plans.:This lead was submitted via the QuotesV3 form.:This customer has indicated that they would like to receive the VIC rebate.:Lead wants to pay cash:Required for: Quickest payback time & almost instant changeover in a blackout:Devin has verified this phone number\",\"requestedQuotes\":2,\"note\":\"\",\"evExistingSolarSize\":\"\",\"evExistingBattery\":\"No\",\"evInstallationType\":\"\",\"evDistanceChargerSwitchboard\":\"\",\"evCarMakeModel\":\"\",\"images\":{\"evChargerImages\":\"\",\"evSwitchboardImages\":\"\",\"evOtherImages\":\"\",\"hwhpLocationImages\":\"\",\"hwhpSwitchboardImages\":\"\",\"hwhpOtherImages\":\"\"},\"hwhpNumberOfResidents\":\"\",\"hwhpExistingSystem\":\"\",\"hwhpLocationAccessibility\":\"\",\"hwhpSwitchboardDistance\":\"\",\"leadStatus\":\"\",\"funnelVersion\":3,\"extraInfo\":\"Micro Inverters / Power Optimisers\",\"consolidatedNotes\":\"Important Notes: Lead has consented to discussion of energy plans.This lead was submitted via the QuotesV3 form.This customer has indicated that they would like to receive the VIC rebate.Lead wants to pay cashRequired for: Quickest payback time & almost instant changeover in a blackoutDevin has verified this phone number\\n\\nFeatures: On Grid Solar\\nMicro Inverters or Power Optimisers\\nBattery System\\n\\nHave Battery: No\\n\\nRoof Type: Tin / Colourbond\\n\\nStoreys: 1\\n\\nAddress: 39 Henley Rd Kangaroo Ground, Kangaroo Ground, VIC, 3097\",\"mappedRoofType\":\"Tin (Colorbond)\",\"_imported_at\":\"2026-03-26T00:00:00.907Z\"}',NULL,NULL,0,0,NULL,NULL,NULL,NULL,NULL,NULL),
(105,NULL,'closed_won','Paul Hunter','j.paul.hunter@mac.com','425736331','Thornbury',NULL,12.96,12.50,'Fronius','JA Solar Technology Co Ltd',480,NULL,NULL,18.00,'Sigenergy','SigenStor-12S-8 (AS4777-2 2020)',16000.00,'Solar Quotes',NULL,1,1,NULL,'2026-04-02 08:12:26','2026-04-07 10:00:00','2026-03-26 02:00:00','2026-04-02 08:12:26','PV + Battery','Single','Tin(Kliplock)','Single',0,1,'SPA-0424154','AGL','AusNet',0,'6305712318','4105139',NULL,NULL,NULL,NULL,NULL,NULL,0,NULL,NULL,0,'1037558','{\"id\":1037558,\"idLeadSupplier\":2315775,\"name\":\"Paul\",\"lastName\":\"Hunter\",\"phone\":425736331,\"email\":\"j.paul.hunter@mac.com\",\"supplierId\":14039,\"leadPrice\":60,\"claimed\":\"No\",\"size\":\"15 to 20 kW\",\"systemPriceType\":\"A good mix of quality and price\",\"timeframe\":\"Immediately\",\"quarterlyBill\":\"$1000-$2000\",\"electricityBillPerMonth\":\"\",\"ownTheRoofSpace\":\"Yes\",\"typeOfRoof\":\"Tin / Colourbond\",\"typeOfRoofOther\":\"\",\"minimumTenSquareMetersNorthFacing\":\"I\'m not sure - Please Help Me Out\",\"roofSlope\":\"\",\"shade\":\"\",\"direction\":\"Not Sure\",\"storeys\":1,\"features\":\"On Grid Solar\\nBattery System\",\"leadType\":\"On Grid Solar + Batteries\",\"submittedDate\":\"2026-03-26 11:35:06\",\"companyName\":\"\",\"address\":\"171 Darebin Rd Thornbury\",\"latitude\":-37.7645187,\"longitude\":145.0135462,\"installationAddressLineOne\":\"171 Darebin Rd\",\"installationAddressLineTwo\":\"\",\"installationSuburb\":\"Thornbury\",\"installationState\":\"VIC\",\"installationPostcode\":3071,\"installationCountry\":\"Australia\",\"mailingAddressLineOne\":\"\",\"mailingAddressLineTwo\":\"\",\"mailingSuburb\":\"\",\"mailingState\":\"\",\"mailingPostcode\":\"\",\"mailingCountry\":\"\",\"homeVisit\":\"Yes\",\"availableForConversation\":\"\",\"importantNotes\":\"We\'re interested in a quote for a 17kW system with a 48kWh battery and support for full-house backup (we have three-phase AC and a heat pump for the pool).This lead was submitted via the QuotesV3 form.This customer has indicated that they do not want the VIC rebate.Lead wants to pay cashRequired for: Lowest bills & backups up 3-phase appliancesPaul has verified this phone number\",\"importantNotesSplit\":\"We\'re interested in a quote for a 17kW system with a 48kWh battery and support for full-house backup (we have three-phase AC and a heat pump for the pool).::This lead was submitted via the QuotesV3 form.::This customer has indicated that they do not want the VIC rebate.::Lead wants to pay cash::Required for: Lowest bills & backups up 3-phase appliances:Paul has verified this phone number\",\"requestedQuotes\":2,\"note\":\"\",\"evExistingSolarSize\":\"\",\"evExistingBattery\":\"\",\"evInstallationType\":\"\",\"evDistanceChargerSwitchboard\":\"\",\"evCarMakeModel\":\"\",\"images\":{\"evChargerImages\":\"\",\"evSwitchboardImages\":\"\",\"evOtherImages\":\"\",\"hwhpLocationImages\":\"\",\"hwhpSwitchboardImages\":\"\",\"hwhpOtherImages\":\"\"},\"hwhpNumberOfResidents\":\"\",\"hwhpExistingSystem\":\"\",\"hwhpLocationAccessibility\":\"\",\"hwhpSwitchboardDistance\":\"\",\"leadStatus\":\"\",\"funnelVersion\":3,\"extraInfo\":\"\",\"consolidatedNotes\":\"Important Notes: We\'re interested in a quote for a 17kW system with a 48kWh battery and support for full-house backup (we have three-phase AC and a heat pump for the pool).This lead was submitted via the QuotesV3 form.This customer has indicated that they do not want the VIC rebate.Lead wants to pay cashRequired for: Lowest bills & backups up 3-phase appliancesPaul has verified this phone number\\n\\nFeatures: On Grid Solar\\nBattery System\\n\\nRoof Type: Tin / Colourbond\\n\\nStoreys: 1\\n\\nAddress: 171 Darebin Rd Thornbury, Thornbury, VIC, 3071\",\"mappedRoofType\":\"Tin (Colorbond)\",\"_imported_at\":\"2026-03-26T02:00:00.840Z\"}',NULL,NULL,1,1,NULL,NULL,NULL,NULL,NULL,NULL),
(106,NULL,'inspection_booked','Rakpong Thorn','rakpong.thorn@gmail.com','0423 309 923','Pakenham',5.00,NULL,NULL,NULL,NULL,NULL,NULL,NULL,NULL,NULL,NULL,0.00,'Solar Quotes',NULL,0,0,NULL,'2026-03-26 08:06:15','2026-04-08 09:00:00','2026-03-26 03:00:00','2026-03-26 08:06:15',NULL,NULL,NULL,NULL,NULL,NULL,NULL,NULL,NULL,NULL,NULL,NULL,NULL,NULL,NULL,NULL,NULL,NULL,0,NULL,NULL,0,'1037441','{\"id\":1037441,\"idLeadSupplier\":2315919,\"name\":\"Rakpong\",\"lastName\":\"Thorn\",\"phone\":\"0423 309 923\",\"email\":\"rakpong.thorn@gmail.com\",\"supplierId\":14039,\"leadPrice\":60,\"claimed\":\"No\",\"size\":\"5 to 10 kW\",\"systemPriceType\":\"A good budget system\",\"timeframe\":\"Immediately\",\"quarterlyBill\":\"$500-$1000\",\"electricityBillPerMonth\":\"\",\"ownTheRoofSpace\":\"Yes\",\"typeOfRoof\":\"Tile\",\"typeOfRoofOther\":\"\",\"minimumTenSquareMetersNorthFacing\":\"I\'m not sure - Please Help Me Out\",\"roofSlope\":\"\",\"shade\":\"\",\"direction\":\"Not Sure\",\"storeys\":1,\"features\":\"On Grid Solar\\nBattery System\",\"leadType\":\"On Grid Solar + Batteries\",\"submittedDate\":\"2026-03-26 13:20:39\",\"companyName\":\"\",\"address\":\"38 Stockmans Cct Pakenham\",\"latitude\":-38.0784949,\"longitude\":145.471904,\"installationAddressLineOne\":\"38 Stockmans Cct\",\"installationAddressLineTwo\":\"\",\"installationSuburb\":\"Pakenham\",\"installationState\":\"VIC\",\"installationPostcode\":3810,\"installationCountry\":\"Australia\",\"mailingAddressLineOne\":\"\",\"mailingAddressLineTwo\":\"\",\"mailingSuburb\":\"\",\"mailingState\":\"\",\"mailingPostcode\":\"\",\"mailingCountry\":\"\",\"homeVisit\":\"No\",\"availableForConversation\":\"\",\"importantNotes\":\"This lead was submitted via the QuotesV3 form.This customer has indicated that they would like to receive the VIC rebate.Lead wants to pay cashRequired for: Lowest billsRakpong has verified this phone number\",\"importantNotesSplit\":\"This lead was submitted via the QuotesV3 form.:This customer has indicated that they would like to receive the VIC rebate.:Lead wants to pay cash:Required for: Lowest bills:Rakpong has verified this phone number\",\"requestedQuotes\":3,\"note\":\"\",\"evExistingSolarSize\":\"\",\"evExistingBattery\":\"\",\"evInstallationType\":\"\",\"evDistanceChargerSwitchboard\":\"\",\"evCarMakeModel\":\"\",\"images\":{\"evChargerImages\":\"\",\"evSwitchboardImages\":\"\",\"evOtherImages\":\"\",\"hwhpLocationImages\":\"\",\"hwhpSwitchboardImages\":\"\",\"hwhpOtherImages\":\"\"},\"hwhpNumberOfResidents\":\"\",\"hwhpExistingSystem\":\"\",\"hwhpLocationAccessibility\":\"\",\"hwhpSwitchboardDistance\":\"\",\"leadStatus\":\"\",\"funnelVersion\":3,\"extraInfo\":\"\",\"consolidatedNotes\":\"Important Notes: This lead was submitted via the QuotesV3 form.This customer has indicated that they would like to receive the VIC rebate.Lead wants to pay cashRequired for: Lowest billsRakpong has verified this phone number\\n\\nFeatures: On Grid Solar\\nBattery System\\n\\nRoof Type: Tile\\n\\nStoreys: 1\\n\\nAddress: 38 Stockmans Cct Pakenham, Pakenham, VIC, 3810\",\"mappedRoofType\":\"Tile (Concrete)\",\"_imported_at\":\"2026-03-26T03:00:00.811Z\"}',NULL,NULL,0,0,NULL,NULL,NULL,NULL,NULL,NULL),
(107,NULL,'qualified','John Usher','jclemu@johnusherassociates.com.au','0419 312 382','Wonga Park',NULL,13.00,29.99,'GoodWe','AIKO Solar Neostar',476,NULL,NULL,49.90,'GoodWe','GW8.3-BAT-D-G21',NULL,'Solar Quotes',NULL,0,0,NULL,'2026-03-31 18:51:31','2026-03-31 11:30:00','2026-03-26 03:00:00','2026-03-31 18:51:31','PV + Battery','Single','Tin(Kliplock)','Single',0,1,NULL,'AGL','United Energy',1,'64025080257','1519323',NULL,NULL,NULL,NULL,NULL,NULL,0,NULL,NULL,0,'1037167','{\"id\":1037167,\"idLeadSupplier\":2315853,\"name\":\"John\",\"lastName\":\"Usher\",\"phone\":\"0419 312 382\",\"email\":\"jclemu@johnusherassociates.com.au\",\"supplierId\":14039,\"leadPrice\":50,\"claimed\":\"No\",\"size\":\"\",\"systemPriceType\":\"\",\"timeframe\":\"In the next 4 weeks\",\"quarterlyBill\":\"Less than $500\",\"electricityBillPerMonth\":\"\",\"ownTheRoofSpace\":\"Yes\",\"typeOfRoof\":\"\",\"typeOfRoofOther\":\"\",\"minimumTenSquareMetersNorthFacing\":\"I\'m not sure - Please Help Me Out\",\"roofSlope\":\"\",\"shade\":\"\",\"direction\":\"Not Sure\",\"storeys\":1,\"features\":\"Battery System\",\"leadType\":\"Batteries\",\"submittedDate\":\"2026-03-26 12:50:06\",\"companyName\":\"\",\"address\":\"5 Clemantine Close Wonga Park\",\"latitude\":-37.7533186,\"longitude\":145.2745247,\"installationAddressLineOne\":\"5 Clemantine Close\",\"installationAddressLineTwo\":\"\",\"installationSuburb\":\"Wonga Park\",\"installationState\":\"VIC\",\"installationPostcode\":3115,\"installationCountry\":\"Australia\",\"mailingAddressLineOne\":\"\",\"mailingAddressLineTwo\":\"\",\"mailingSuburb\":\"\",\"mailingState\":\"\",\"mailingPostcode\":\"\",\"mailingCountry\":\"\",\"homeVisit\":\"Yes\",\"availableForConversation\":\"\",\"importantNotes\":\"Lead has consented to discussion of energy plans.This lead was submitted via the QuotesV3 form.Lead wants to pay cashExisting inverter type: Fronius SymoRequired for: Lowest bills & charge from solar in blackoutJohn has verified this phone number\",\"importantNotesSplit\":\"Lead has consented to discussion of energy plans.:This lead was submitted via the QuotesV3 form.:Lead wants to pay cash:Existing inverter type: Fronius Symo:Required for: Lowest bills & charge from solar in blackout:John has verified this phone number\",\"requestedQuotes\":2,\"note\":\"\",\"evExistingSolarSize\":\"\",\"evExistingBattery\":\"\",\"evInstallationType\":\"\",\"evDistanceChargerSwitchboard\":\"\",\"evCarMakeModel\":\"\",\"images\":{\"evChargerImages\":\"\",\"evSwitchboardImages\":\"\",\"evOtherImages\":\"\",\"hwhpLocationImages\":\"\",\"hwhpSwitchboardImages\":\"\",\"hwhpOtherImages\":\"\"},\"hwhpNumberOfResidents\":\"\",\"hwhpExistingSystem\":\"\",\"hwhpLocationAccessibility\":\"\",\"hwhpSwitchboardDistance\":\"\",\"leadStatus\":\"\",\"funnelVersion\":3,\"extraInfo\":\"\",\"consolidatedNotes\":\"Important Notes: Lead has consented to discussion of energy plans.This lead was submitted via the QuotesV3 form.Lead wants to pay cashExisting inverter type: Fronius SymoRequired for: Lowest bills & charge from solar in blackoutJohn has verified this phone number\\n\\nFeatures: Battery System\\n\\nRoof Type: Yes\\n\\nStoreys: 1\\n\\nAddress: 5 Clemantine Close Wonga Park, Wonga Park, VIC, 3115\",\"mappedRoofType\":\"Other\",\"_imported_at\":\"2026-03-26T03:00:00.817Z\"}',NULL,NULL,0,0,NULL,NULL,NULL,NULL,NULL,NULL),
(108,NULL,'inspection_completed','test site inspection','test@g.com','1','1',NULL,NULL,NULL,NULL,NULL,NULL,NULL,NULL,NULL,NULL,NULL,NULL,'Facebook',NULL,0,0,NULL,'2026-03-26 04:38:44','2026-03-27 09:00:00','2026-03-26 04:03:03','2026-03-26 04:38:44',NULL,NULL,NULL,NULL,NULL,NULL,NULL,NULL,NULL,NULL,NULL,NULL,NULL,NULL,NULL,NULL,NULL,NULL,0,NULL,NULL,0,NULL,NULL,NULL,NULL,0,0,NULL,NULL,NULL,NULL,NULL,NULL),
(109,NULL,'inspection_booked','Karen Campara','campara@iimetro.com.au','0409 344 004','Greensborough',NULL,NULL,NULL,NULL,NULL,NULL,NULL,NULL,NULL,NULL,NULL,0.00,'Solar Quotes',NULL,0,0,NULL,'2026-03-26 06:23:02','2026-03-30 11:00:00','2026-03-26 05:00:01','2026-03-26 06:23:02',NULL,NULL,NULL,NULL,NULL,NULL,NULL,NULL,NULL,NULL,NULL,NULL,NULL,NULL,NULL,NULL,NULL,NULL,0,NULL,NULL,0,'1037570','{\"id\":1037570,\"idLeadSupplier\":2316057,\"name\":\"Karen\",\"lastName\":\"Campara\",\"phone\":\"0409 344 004\",\"email\":\"campara@iimetro.com.au\",\"supplierId\":14039,\"leadPrice\":60,\"claimed\":\"No\",\"size\":\"Not Sure. Please help me decide\",\"systemPriceType\":\"Top quality (most expensive)\",\"timeframe\":\"In the next 4 weeks\",\"quarterlyBill\":\"$500-$1000\",\"electricityBillPerMonth\":\"\",\"ownTheRoofSpace\":\"Yes\",\"typeOfRoof\":\"Tin / Colourbond\",\"typeOfRoofOther\":\"\",\"minimumTenSquareMetersNorthFacing\":\"I\'m not sure - Please Help Me Out\",\"roofSlope\":\"\",\"shade\":\"\",\"direction\":\"Not Sure\",\"storeys\":2,\"features\":\"On Grid Solar\\nBattery System\",\"leadType\":\"On Grid Solar + Batteries\",\"submittedDate\":\"2026-03-26 15:25:17\",\"companyName\":\"\",\"address\":\"24 Pamburra Ct Greensborough\",\"latitude\":-37.6931436,\"longitude\":145.1058211,\"installationAddressLineOne\":\"24 Pamburra Ct\",\"installationAddressLineTwo\":\"\",\"installationSuburb\":\"Greensborough\",\"installationState\":\"VIC\",\"installationPostcode\":3088,\"installationCountry\":\"Australia\",\"mailingAddressLineOne\":\"\",\"mailingAddressLineTwo\":\"\",\"mailingSuburb\":\"\",\"mailingState\":\"\",\"mailingPostcode\":\"\",\"mailingCountry\":\"\",\"homeVisit\":\"Yes\",\"availableForConversation\":\"\",\"importantNotes\":\"Quotes need to be aware we are in a very treed area with shade over house at times.This lead was submitted via the QuotesV3 form.This customer has indicated that they do not want the VIC rebate.Lead wants to pay cashRequired for: Quickest payback time & almost instant changeover in a blackoutKaren has verified this phone number\",\"importantNotesSplit\":\"Quotes need to be aware we are in a very treed area with shade over house at times.:This lead was submitted via the QuotesV3 form.:This customer has indicated that they do not want the VIC rebate.:Lead wants to pay cash:Required for: Quickest payback time & almost instant changeover in a blackout:Karen has verified this phone number\",\"requestedQuotes\":2,\"note\":\"\",\"evExistingSolarSize\":\"\",\"evExistingBattery\":\"No\",\"evInstallationType\":\"\",\"evDistanceChargerSwitchboard\":\"\",\"evCarMakeModel\":\"\",\"images\":{\"evChargerImages\":\"\",\"evSwitchboardImages\":\"\",\"evOtherImages\":\"\",\"hwhpLocationImages\":\"\",\"hwhpSwitchboardImages\":\"\",\"hwhpOtherImages\":\"\"},\"hwhpNumberOfResidents\":\"\",\"hwhpExistingSystem\":\"\",\"hwhpLocationAccessibility\":\"\",\"hwhpSwitchboardDistance\":\"\",\"leadStatus\":\"\",\"funnelVersion\":3,\"extraInfo\":\"\",\"consolidatedNotes\":\"Important Notes: Quotes need to be aware we are in a very treed area with shade over house at times.This lead was submitted via the QuotesV3 form.This customer has indicated that they do not want the VIC rebate.Lead wants to pay cashRequired for: Quickest payback time & almost instant changeover in a blackoutKaren has verified this phone number\\n\\nFeatures: On Grid Solar\\nBattery System\\n\\nHave Battery: No\\n\\nRoof Type: Tin / Colourbond\\n\\nStoreys: 2\\n\\nAddress: 24 Pamburra Ct Greensborough, Greensborough, VIC, 3088\",\"mappedRoofType\":\"Tin (Colorbond)\",\"_imported_at\":\"2026-03-26T05:00:01.183Z\"}',NULL,NULL,0,0,NULL,NULL,NULL,NULL,NULL,NULL),
(110,NULL,'inspection_booked','Trevor Gange','trevorgange@gmail.com','0499 332 211','Brighton',NULL,NULL,NULL,NULL,NULL,NULL,NULL,NULL,NULL,NULL,NULL,0.00,'Solar Quotes',NULL,0,0,NULL,'2026-03-26 06:28:44','2026-03-31 09:00:00','2026-03-26 05:00:01','2026-03-26 06:28:44',NULL,NULL,NULL,NULL,NULL,NULL,NULL,NULL,NULL,NULL,NULL,NULL,NULL,NULL,NULL,NULL,NULL,NULL,0,NULL,NULL,0,'1037563','{\"id\":1037563,\"idLeadSupplier\":2316048,\"name\":\"Trevor\",\"lastName\":\"Gange\",\"phone\":\"0499 332 211\",\"email\":\"trevorgange@gmail.com\",\"supplierId\":14039,\"leadPrice\":60,\"claimed\":\"No\",\"size\":\"Fill my roof with solar panels\",\"systemPriceType\":\"Top quality (most expensive)\",\"timeframe\":\"Immediately\",\"quarterlyBill\":\"over $2000\",\"electricityBillPerMonth\":\"\",\"ownTheRoofSpace\":\"Yes\",\"typeOfRoof\":\"Tile\",\"typeOfRoofOther\":\"\",\"minimumTenSquareMetersNorthFacing\":\"I\'m not sure - Please Help Me Out\",\"roofSlope\":\"\",\"shade\":\"\",\"direction\":\"Not Sure\",\"storeys\":2,\"features\":\"On Grid Solar\\nBattery System\",\"leadType\":\"On Grid Solar + Batteries\",\"submittedDate\":\"2026-03-26 15:15:13\",\"companyName\":\"\",\"address\":\"13 Hall St Brighton\",\"latitude\":-37.9176233,\"longitude\":145.0026686,\"installationAddressLineOne\":\"13 Hall St\",\"installationAddressLineTwo\":\"\",\"installationSuburb\":\"Brighton\",\"installationState\":\"VIC\",\"installationPostcode\":3186,\"installationCountry\":\"Australia\",\"mailingAddressLineOne\":\"\",\"mailingAddressLineTwo\":\"\",\"mailingSuburb\":\"\",\"mailingState\":\"\",\"mailingPostcode\":\"\",\"mailingCountry\":\"\",\"homeVisit\":\"Yes\",\"availableForConversation\":\"\",\"importantNotes\":\"Provision for an electric vehicle. Looking to convert our gas heating/cooling system to electric Lead has consented to discussion of energy plans.This lead was submitted via the QuotesV3 form.This customer has indicated that they do not want the VIC rebate.Lead wants to pay cashRequired for: Lowest bills, charge from solar in blackout & almost instant changeover in a blackoutTrevor  has verified this phone number\",\"importantNotesSplit\":\"Provision for an electric vehicle. ::Looking to convert our gas heating/cooling system to electric :Lead has consented to discussion of energy plans.:This lead was submitted via the QuotesV3 form.:This customer has indicated that they do not want the VIC rebate.:Lead wants to pay cash:Required for: Lowest bills, charge from solar in blackout & almost instant changeover in a blackout:Trevor  has verified this phone number\",\"requestedQuotes\":2,\"note\":\"\",\"evExistingSolarSize\":\"\",\"evExistingBattery\":\"No\",\"evInstallationType\":\"\",\"evDistanceChargerSwitchboard\":\"\",\"evCarMakeModel\":\"\",\"images\":{\"evChargerImages\":\"\",\"evSwitchboardImages\":\"\",\"evOtherImages\":\"\",\"hwhpLocationImages\":\"\",\"hwhpSwitchboardImages\":\"\",\"hwhpOtherImages\":\"\"},\"hwhpNumberOfResidents\":\"\",\"hwhpExistingSystem\":\"\",\"hwhpLocationAccessibility\":\"\",\"hwhpSwitchboardDistance\":\"\",\"leadStatus\":\"\",\"funnelVersion\":3,\"extraInfo\":\"\",\"consolidatedNotes\":\"Important Notes: Provision for an electric vehicle. Looking to convert our gas heating/cooling system to electric Lead has consented to discussion of energy plans.This lead was submitted via the QuotesV3 form.This customer has indicated that they do not want the VIC rebate.Lead wants to pay cashRequired for: Lowest bills, charge from solar in blackout & almost instant changeover in a blackoutTrevor  has verified this phone number\\n\\nFeatures: On Grid Solar\\nBattery System\\n\\nHave Battery: No\\n\\nRoof Type: Tile\\n\\nStoreys: 2\\n\\nAddress: 13 Hall St Brighton, Brighton, VIC, 3186\",\"mappedRoofType\":\"Tile (Concrete)\",\"_imported_at\":\"2026-03-26T05:00:01.204Z\"}',NULL,NULL,0,0,NULL,NULL,NULL,NULL,NULL,NULL),
(111,NULL,'inspection_booked','Denis Chung','denis_chung@bigpond.com','0433 414 122','Ashburton',10.00,NULL,NULL,NULL,NULL,NULL,NULL,NULL,NULL,NULL,NULL,0.00,'Solar Quotes',NULL,0,0,NULL,'2026-03-26 06:32:38','2026-03-31 09:00:00','2026-03-26 05:00:01','2026-03-26 06:32:38',NULL,NULL,NULL,NULL,NULL,NULL,NULL,NULL,NULL,NULL,NULL,NULL,NULL,NULL,NULL,NULL,NULL,NULL,0,NULL,NULL,0,'1037533','{\"id\":1037533,\"idLeadSupplier\":2316003,\"name\":\"Denis\",\"lastName\":\"Chung\",\"phone\":\"0433 414 122\",\"email\":\"denis_chung@bigpond.com\",\"supplierId\":14039,\"leadPrice\":60,\"claimed\":\"No\",\"size\":\"10 to 15 kW\",\"systemPriceType\":\"A good mix of quality and price\",\"timeframe\":\"In the next 4 weeks\",\"quarterlyBill\":\"$500-$1000\",\"electricityBillPerMonth\":\"\",\"ownTheRoofSpace\":\"Yes\",\"typeOfRoof\":\"Tile\",\"typeOfRoofOther\":\"\",\"minimumTenSquareMetersNorthFacing\":\"I\'m not sure - Please Help Me Out\",\"roofSlope\":\"\",\"shade\":\"\",\"direction\":\"Not Sure\",\"storeys\":2,\"features\":\"On Grid Solar\\nBattery System\",\"leadType\":\"On Grid Solar + Batteries\",\"submittedDate\":\"2026-03-26 14:30:17\",\"companyName\":\"\",\"address\":\"10 Benghazi Ave Ashburton\",\"latitude\":-37.86793979999,\"longitude\":145.0871224,\"installationAddressLineOne\":\"10 Benghazi Ave\",\"installationAddressLineTwo\":\"\",\"installationSuburb\":\"Ashburton\",\"installationState\":\"VIC\",\"installationPostcode\":3147,\"installationCountry\":\"Australia\",\"mailingAddressLineOne\":\"\",\"mailingAddressLineTwo\":\"\",\"mailingSuburb\":\"\",\"mailingState\":\"\",\"mailingPostcode\":\"\",\"mailingCountry\":\"\",\"homeVisit\":\"No\",\"availableForConversation\":\"\",\"importantNotes\":\"This lead was submitted via the QuotesV3 form.This customer has indicated that they would like to receive the VIC rebate.Lead wants to pay cashRequired for: Blackout Protection, charge from solar in blackout, almost instant changeover in a blackout, backups up 3-phase appliances & easily expandableDenis has verified this phone number\",\"importantNotesSplit\":\"This lead was submitted via the QuotesV3 form.:This customer has indicated that they would like to receive the VIC rebate.:Lead wants to pay cash:Required for: Blackout Protection, charge from solar in blackout, almost instant changeover in a blackout, backups up 3-phase appliances & easily expandable:Denis has verified this phone number\",\"requestedQuotes\":2,\"note\":\"\",\"evExistingSolarSize\":\"\",\"evExistingBattery\":\"No\",\"evInstallationType\":\"\",\"evDistanceChargerSwitchboard\":\"\",\"evCarMakeModel\":\"\",\"images\":{\"evChargerImages\":\"\",\"evSwitchboardImages\":\"\",\"evOtherImages\":\"\",\"hwhpLocationImages\":\"\",\"hwhpSwitchboardImages\":\"\",\"hwhpOtherImages\":\"\"},\"hwhpNumberOfResidents\":\"\",\"hwhpExistingSystem\":\"\",\"hwhpLocationAccessibility\":\"\",\"hwhpSwitchboardDistance\":\"\",\"leadStatus\":\"\",\"funnelVersion\":3,\"extraInfo\":\"\",\"consolidatedNotes\":\"Important Notes: This lead was submitted via the QuotesV3 form.This customer has indicated that they would like to receive the VIC rebate.Lead wants to pay cashRequired for: Blackout Protection, charge from solar in blackout, almost instant changeover in a blackout, backups up 3-phase appliances & easily expandableDenis has verified this phone number\\n\\nFeatures: On Grid Solar\\nBattery System\\n\\nHave Battery: No\\n\\nRoof Type: Tile\\n\\nStoreys: 2\\n\\nAddress: 10 Benghazi Ave Ashburton, Ashburton, VIC, 3147\",\"mappedRoofType\":\"Tile (Concrete)\",\"_imported_at\":\"2026-03-26T05:00:01.227Z\"}',NULL,NULL,0,0,NULL,NULL,NULL,NULL,NULL,NULL),
(112,NULL,'inspection_booked','Lap Nguyen','lapthegamer@gmail.com','422272659','Kensington',NULL,NULL,NULL,NULL,NULL,NULL,NULL,NULL,NULL,NULL,NULL,0.00,'Solar Quotes',NULL,0,0,NULL,'2026-03-26 06:33:31','2026-03-30 09:00:00','2026-03-26 05:00:01','2026-03-26 06:33:31',NULL,NULL,NULL,NULL,NULL,NULL,NULL,NULL,NULL,NULL,NULL,NULL,NULL,NULL,NULL,NULL,NULL,NULL,0,NULL,NULL,0,'1037526','{\"id\":1037526,\"idLeadSupplier\":2316000,\"name\":\"Lap\",\"lastName\":\"Nguyen\",\"phone\":422272659,\"email\":\"lapthegamer@gmail.com\",\"supplierId\":14039,\"leadPrice\":50,\"claimed\":\"No\",\"size\":\"Not Sure. Please help me decide\",\"systemPriceType\":\"\",\"timeframe\":\"Immediately\",\"quarterlyBill\":\"Don\'t know\",\"electricityBillPerMonth\":\"\",\"ownTheRoofSpace\":\"Yes\",\"typeOfRoof\":\"Other\",\"typeOfRoofOther\":\"Other\",\"minimumTenSquareMetersNorthFacing\":\"I\'m not sure - Please Help Me Out\",\"roofSlope\":\"\",\"shade\":\"\",\"direction\":\"Not Sure\",\"storeys\":\"\",\"features\":\"Adding Batteries\",\"leadType\":\"Batteries\",\"submittedDate\":\"2026-03-26 14:30:06\",\"companyName\":\"\",\"address\":\"72 Fairbairn Dr Kensington\",\"latitude\":-37.796789,\"longitude\":144.9194599,\"installationAddressLineOne\":\"72 Fairbairn Dr\",\"installationAddressLineTwo\":\"\",\"installationSuburb\":\"Kensington\",\"installationState\":\"VIC\",\"installationPostcode\":3031,\"installationCountry\":\"Australia\",\"mailingAddressLineOne\":\"\",\"mailingAddressLineTwo\":\"\",\"mailingSuburb\":\"\",\"mailingState\":\"\",\"mailingPostcode\":\"\",\"mailingCountry\":\"\",\"homeVisit\":\"No\",\"availableForConversation\":\"\",\"importantNotes\":\"We are switching to EVs, so current power bill less relevant for future use. This lead was submitted via the QuotesV3 form.Lead wants to pay cashCustomer wants a battery upgradeAmount of storage required: I don\'t knowExisting battery type: NoneExisting inverter type: Growatt MIN 5000TL-XRequired for: Blackout ProtectionLap has verified this phone number\",\"importantNotesSplit\":\"We are switching to EVs, so current power bill less relevant for future use. ::This lead was submitted via the QuotesV3 form.::Lead wants to pay cash::Customer wants a battery upgrade::Amount of storage required: I don\'t know::Existing battery type: None::Existing inverter type: Growatt MIN 5000TL-X::Required for: Blackout Protection:Lap has verified this phone number\",\"requestedQuotes\":3,\"note\":\"\",\"evExistingSolarSize\":\"\",\"evExistingBattery\":\"\",\"evInstallationType\":\"\",\"evDistanceChargerSwitchboard\":\"\",\"evCarMakeModel\":\"\",\"images\":{\"evChargerImages\":\"\",\"evSwitchboardImages\":\"\",\"evOtherImages\":\"\",\"hwhpLocationImages\":\"\",\"hwhpSwitchboardImages\":\"\",\"hwhpOtherImages\":\"\"},\"hwhpNumberOfResidents\":\"\",\"hwhpExistingSystem\":\"\",\"hwhpLocationAccessibility\":\"\",\"hwhpSwitchboardDistance\":\"\",\"leadStatus\":\"\",\"funnelVersion\":3,\"extraInfo\":\"Battery System Upgrade\",\"consolidatedNotes\":\"Important Notes: We are switching to EVs, so current power bill less relevant for future use. This lead was submitted via the QuotesV3 form.Lead wants to pay cashCustomer wants a battery upgradeAmount of storage required: I don\'t knowExisting battery type: NoneExisting inverter type: Growatt MIN 5000TL-XRequired for: Blackout ProtectionLap has verified this phone number\\n\\nFeatures: Adding Batteries\\n\\nRoof Type: Other\\n\\nAddress: 72 Fairbairn Dr Kensington, Kensington, VIC, 3031\",\"mappedRoofType\":\"Other\",\"_imported_at\":\"2026-03-26T05:00:01.262Z\"}',NULL,NULL,0,0,NULL,NULL,NULL,NULL,NULL,NULL),
(113,NULL,'inspection_booked','Lloyd Simon','lsimon1989@gmail.com','0417 382 362','Caulfield East',NULL,NULL,NULL,NULL,NULL,NULL,NULL,NULL,NULL,NULL,NULL,0.00,'Solar Quotes',NULL,0,0,NULL,'2026-03-26 07:16:58','2026-03-28 09:00:00','2026-03-26 05:00:01','2026-03-26 07:16:58',NULL,NULL,NULL,NULL,NULL,NULL,NULL,NULL,NULL,NULL,NULL,NULL,NULL,NULL,NULL,NULL,NULL,NULL,0,NULL,NULL,0,'1037507','{\"id\":1037507,\"idLeadSupplier\":2315984,\"name\":\"Lloyd\",\"lastName\":\"Simon\",\"phone\":\"0417 382 362\",\"email\":\"lsimon1989@gmail.com\",\"supplierId\":14039,\"leadPrice\":60,\"claimed\":\"No\",\"size\":\"Fill my roof with solar panels\",\"systemPriceType\":\"A good mix of quality and price\",\"timeframe\":\"Immediately\",\"quarterlyBill\":\"Don\'t know\",\"electricityBillPerMonth\":\"\",\"ownTheRoofSpace\":\"Yes\",\"typeOfRoof\":\"Terracotta\",\"typeOfRoofOther\":\"\",\"minimumTenSquareMetersNorthFacing\":\"I\'m not sure - Please Help Me Out\",\"roofSlope\":\"\",\"shade\":\"\",\"direction\":\"Not Sure\",\"storeys\":1,\"features\":\"On Grid Solar\\nBattery System\",\"leadType\":\"On Grid Solar + Batteries\",\"submittedDate\":\"2026-03-26 13:55:05\",\"companyName\":\"\",\"address\":\"3 Clifton St Caulfield East\",\"latitude\":-37.8843563,\"longitude\":145.0469559,\"installationAddressLineOne\":\"3 Clifton St\",\"installationAddressLineTwo\":\"\",\"installationSuburb\":\"Caulfield East\",\"installationState\":\"VIC\",\"installationPostcode\":3145,\"installationCountry\":\"Australia\",\"mailingAddressLineOne\":\"\",\"mailingAddressLineTwo\":\"\",\"mailingSuburb\":\"\",\"mailingState\":\"\",\"mailingPostcode\":\"\",\"mailingCountry\":\"\",\"homeVisit\":\"Zoom call\",\"availableForConversation\":\"\",\"importantNotes\":\"Looking at getting an EV as well. Not sure on model. but would want a system that can support this.Lead has consented to discussion of energy plans.This lead was submitted via the QuotesV3 form.This customer has indicated that they would like to receive the VIC rebate.Lead wants to pay cashRequired for: Lowest bills & charge from solar in blackoutLloyd has verified this phone number\",\"importantNotesSplit\":\"Looking at getting an EV as well. Not sure on model. but would want a system that can support this.:Lead has consented to discussion of energy plans.:This lead was submitted via the QuotesV3 form.:This customer has indicated that they would like to receive the VIC rebate.:Lead wants to pay cash:Required for: Lowest bills & charge from solar in blackout:Lloyd has verified this phone number\",\"requestedQuotes\":2,\"note\":\"\",\"evExistingSolarSize\":\"\",\"evExistingBattery\":\"No\",\"evInstallationType\":\"\",\"evDistanceChargerSwitchboard\":\"\",\"evCarMakeModel\":\"\",\"images\":{\"evChargerImages\":\"\",\"evSwitchboardImages\":\"\",\"evOtherImages\":\"\",\"hwhpLocationImages\":\"\",\"hwhpSwitchboardImages\":\"\",\"hwhpOtherImages\":\"\"},\"hwhpNumberOfResidents\":\"\",\"hwhpExistingSystem\":\"\",\"hwhpLocationAccessibility\":\"\",\"hwhpSwitchboardDistance\":\"\",\"leadStatus\":\"\",\"funnelVersion\":3,\"extraInfo\":\"\",\"consolidatedNotes\":\"Important Notes: Looking at getting an EV as well. Not sure on model. but would want a system that can support this.Lead has consented to discussion of energy plans.This lead was submitted via the QuotesV3 form.This customer has indicated that they would like to receive the VIC rebate.Lead wants to pay cashRequired for: Lowest bills & charge from solar in blackoutLloyd has verified this phone number\\n\\nFeatures: On Grid Solar\\nBattery System\\n\\nHave Battery: No\\n\\nRoof Type: Terracotta\\n\\nStoreys: 1\\n\\nAddress: 3 Clifton St Caulfield East, Caulfield East, VIC, 3145\",\"mappedRoofType\":\"Other\",\"_imported_at\":\"2026-03-26T05:00:01.275Z\"}',NULL,NULL,0,0,NULL,NULL,NULL,NULL,NULL,NULL),
(114,NULL,'inspection_completed','test','t@gmail.com','1234567899','D',NULL,12.96,NULL,NULL,NULL,NULL,NULL,NULL,NULL,NULL,NULL,NULL,'Facebook',NULL,0,0,NULL,'2026-03-26 23:56:55','2026-03-31 09:40:00','2026-03-26 06:34:17','2026-03-26 23:56:55','PV + Battery',NULL,NULL,NULL,NULL,NULL,NULL,NULL,NULL,NULL,NULL,NULL,NULL,NULL,NULL,NULL,NULL,NULL,0,NULL,NULL,0,NULL,NULL,NULL,NULL,0,0,NULL,NULL,NULL,NULL,NULL,NULL),
(115,NULL,'proposal_sent','abc som','som@gmail.com','23456789044','sdsd',NULL,NULL,NULL,NULL,NULL,NULL,NULL,NULL,NULL,NULL,NULL,NULL,'Website',NULL,0,0,NULL,'2026-04-02 06:14:06','2026-03-28 04:04:00','2026-03-26 06:52:32','2026-04-02 06:14:06',NULL,NULL,NULL,NULL,NULL,NULL,NULL,NULL,NULL,NULL,NULL,NULL,NULL,NULL,NULL,NULL,NULL,NULL,0,NULL,NULL,0,NULL,NULL,NULL,NULL,0,0,NULL,NULL,NULL,NULL,NULL,NULL),
(116,NULL,'inspection_booked','6Test','6Tst@gmail.com','123456789','D',NULL,NULL,NULL,NULL,NULL,NULL,NULL,NULL,NULL,NULL,NULL,NULL,'Facebook',NULL,0,0,NULL,'2026-03-26 07:12:45','2026-04-30 10:00:00','2026-03-26 07:12:16','2026-03-26 07:12:45',NULL,NULL,NULL,NULL,NULL,NULL,NULL,NULL,NULL,NULL,NULL,NULL,NULL,NULL,NULL,NULL,NULL,NULL,0,NULL,NULL,0,NULL,NULL,NULL,NULL,0,0,NULL,NULL,NULL,NULL,NULL,NULL),
(117,NULL,'new','dsff','sdfds@gm.co','43657687855','fsdf',NULL,NULL,NULL,NULL,NULL,NULL,NULL,NULL,NULL,NULL,NULL,NULL,'Website',NULL,0,0,NULL,'2026-03-31 19:01:39','2026-04-16 00:31:00','2026-03-31 19:01:39',NULL,NULL,NULL,NULL,NULL,NULL,NULL,NULL,NULL,NULL,NULL,NULL,NULL,NULL,NULL,NULL,NULL,NULL,NULL,0,NULL,NULL,0,NULL,NULL,'b2c',NULL,0,0,NULL,NULL,NULL,NULL,NULL,NULL),
(118,NULL,'proposal_sent','dsff','sdfds@gm.co','43657687855','fsdf',NULL,NULL,NULL,NULL,NULL,NULL,NULL,NULL,NULL,NULL,NULL,NULL,'Website',NULL,0,0,NULL,'2026-04-02 06:20:37','2026-04-17 13:00:00','2026-03-31 19:03:52','2026-04-02 06:20:37',NULL,NULL,NULL,NULL,NULL,NULL,NULL,NULL,NULL,NULL,NULL,NULL,NULL,NULL,NULL,NULL,NULL,NULL,0,NULL,NULL,0,NULL,NULL,'b2c',NULL,0,0,NULL,NULL,NULL,NULL,NULL,NULL),
(119,NULL,'closed_won','Lê Nguyễn Nhựt Minh','lenguyennhutminh4@gmail.com','123456789','DD',NULL,NULL,NULL,NULL,NULL,NULL,NULL,NULL,NULL,NULL,NULL,NULL,'Website',NULL,1,1,'2026-04-01 00:43:36','2026-04-01 00:43:36',NULL,'2026-04-01 00:43:36',NULL,NULL,NULL,NULL,NULL,NULL,NULL,NULL,NULL,NULL,NULL,NULL,NULL,NULL,NULL,NULL,NULL,NULL,NULL,0,NULL,NULL,0,NULL,NULL,'b2c',NULL,0,0,NULL,NULL,NULL,NULL,NULL,NULL),
(120,NULL,'closed_won','Lê Nguyễn Nhựt Minh123','bnqt1234@gmail.com','1','D',NULL,NULL,NULL,NULL,NULL,NULL,NULL,NULL,NULL,NULL,NULL,NULL,'Facebook',NULL,1,1,'2026-04-01 00:52:51','2026-04-01 00:52:51',NULL,'2026-04-01 00:52:51',NULL,NULL,NULL,NULL,NULL,NULL,NULL,NULL,NULL,NULL,NULL,NULL,NULL,NULL,NULL,NULL,NULL,NULL,NULL,0,NULL,NULL,0,NULL,NULL,'b2c',NULL,0,0,NULL,NULL,NULL,NULL,NULL,NULL);
/*!40000 ALTER TABLE `leads` ENABLE KEYS */;
UNLOCK TABLES;

--
-- Table structure for table `leave_balances`
--

DROP TABLE IF EXISTS `leave_balances`;
/*!40101 SET @saved_cs_client     = @@character_set_client */;
/*!40101 SET character_set_client = utf8mb4 */;
CREATE TABLE `leave_balances` (
  `id` int(10) unsigned NOT NULL AUTO_INCREMENT,
  `company_id` int(10) unsigned NOT NULL,
  `employee_id` int(10) unsigned NOT NULL,
  `leave_type` enum('annual','sick','personal','unpaid') NOT NULL,
  `total_days` decimal(5,1) NOT NULL DEFAULT 0.0,
  `used_days` decimal(5,1) NOT NULL DEFAULT 0.0,
  `year` smallint(5) unsigned NOT NULL,
  `created_at` datetime NOT NULL DEFAULT current_timestamp(),
  `updated_at` datetime NOT NULL DEFAULT current_timestamp() ON UPDATE current_timestamp(),
  PRIMARY KEY (`id`),
  UNIQUE KEY `uq_emp_type_year` (`employee_id`,`leave_type`,`year`),
  KEY `idx_company` (`company_id`)
) ENGINE=InnoDB DEFAULT CHARSET=utf8mb4 COLLATE=utf8mb4_general_ci;
/*!40101 SET character_set_client = @saved_cs_client */;

--
-- Dumping data for table `leave_balances`
--

LOCK TABLES `leave_balances` WRITE;
/*!40000 ALTER TABLE `leave_balances` DISABLE KEYS */;
/*!40000 ALTER TABLE `leave_balances` ENABLE KEYS */;
UNLOCK TABLES;

--
-- Table structure for table `leave_requests`
--

DROP TABLE IF EXISTS `leave_requests`;
/*!40101 SET @saved_cs_client     = @@character_set_client */;
/*!40101 SET character_set_client = utf8mb4 */;
CREATE TABLE `leave_requests` (
  `id` int(10) unsigned NOT NULL AUTO_INCREMENT,
  `company_id` int(10) unsigned NOT NULL,
  `employee_id` int(10) unsigned NOT NULL,
  `leave_type` enum('annual','sick','personal','unpaid') NOT NULL,
  `start_date` date NOT NULL,
  `end_date` date NOT NULL,
  `days_count` decimal(5,1) NOT NULL,
  `reason` text NOT NULL,
  `status` enum('pending','approved','rejected','cancelled') NOT NULL DEFAULT 'pending',
  `reviewed_by` int(10) unsigned DEFAULT NULL,
  `reviewed_at` datetime DEFAULT NULL,
  `reviewer_note` text DEFAULT NULL,
  `created_at` datetime NOT NULL DEFAULT current_timestamp(),
  `updated_at` datetime NOT NULL DEFAULT current_timestamp() ON UPDATE current_timestamp(),
  PRIMARY KEY (`id`),
  KEY `idx_company_status` (`company_id`,`status`),
  KEY `idx_employee` (`employee_id`),
  KEY `idx_dates` (`start_date`,`end_date`)
) ENGINE=InnoDB DEFAULT CHARSET=utf8mb4 COLLATE=utf8mb4_general_ci;
/*!40101 SET character_set_client = @saved_cs_client */;

--
-- Dumping data for table `leave_requests`
--

LOCK TABLES `leave_requests` WRITE;
/*!40000 ALTER TABLE `leave_requests` DISABLE KEYS */;
/*!40000 ALTER TABLE `leave_requests` ENABLE KEYS */;
UNLOCK TABLES;

--
-- Table structure for table `message_attachments`
--

DROP TABLE IF EXISTS `message_attachments`;
/*!40101 SET @saved_cs_client     = @@character_set_client */;
/*!40101 SET character_set_client = utf8mb4 */;
CREATE TABLE `message_attachments` (
  `id` int(10) unsigned NOT NULL AUTO_INCREMENT,
  `message_id` int(10) unsigned NOT NULL,
  `conversation_id` int(10) unsigned NOT NULL,
  `filename` varchar(255) NOT NULL,
  `mimetype` varchar(100) NOT NULL,
  `storage_url` varchar(1024) NOT NULL,
  `created_at` timestamp NOT NULL DEFAULT current_timestamp(),
  PRIMARY KEY (`id`),
  KEY `idx_msg_attachments_message` (`message_id`),
  KEY `idx_msg_attachments_conversation` (`conversation_id`),
  CONSTRAINT `fk_msg_attachments_conversation` FOREIGN KEY (`conversation_id`) REFERENCES `conversations` (`id`) ON DELETE CASCADE,
  CONSTRAINT `fk_msg_attachments_message` FOREIGN KEY (`message_id`) REFERENCES `messages` (`id`) ON DELETE CASCADE
) ENGINE=InnoDB AUTO_INCREMENT=4 DEFAULT CHARSET=utf8mb4 COLLATE=utf8mb4_unicode_ci;
/*!40101 SET character_set_client = @saved_cs_client */;

--
-- Dumping data for table `message_attachments`
--

LOCK TABLES `message_attachments` WRITE;
/*!40000 ALTER TABLE `message_attachments` DISABLE KEYS */;
INSERT INTO `message_attachments` VALUES
(1,54,2,'Screenshot 2026-03-11 163608.png','image/png','/uploads/chats/chat_2_1_1773383862523.png','2026-03-13 06:37:42'),
(2,55,2,'Screenshot 2026-03-12 102817.png','image/png','/uploads/chats/chat_2_1_1773383974581.png','2026-03-13 06:39:34'),
(3,56,2,'Screenshot 2026-03-12 102817.png','image/png','/uploads/chats/chat_2_1_1773384080183.png','2026-03-13 06:41:20');
/*!40000 ALTER TABLE `message_attachments` ENABLE KEYS */;
UNLOCK TABLES;

--
-- Table structure for table `messages`
--

DROP TABLE IF EXISTS `messages`;
/*!40101 SET @saved_cs_client     = @@character_set_client */;
/*!40101 SET character_set_client = utf8mb4 */;
CREATE TABLE `messages` (
  `id` int(10) unsigned NOT NULL AUTO_INCREMENT,
  `conversation_id` int(10) unsigned NOT NULL,
  `sender_id` int(10) unsigned NOT NULL,
  `body` text NOT NULL,
  `created_at` timestamp NOT NULL DEFAULT current_timestamp(),
  PRIMARY KEY (`id`),
  KEY `idx_messages_conversation` (`conversation_id`),
  KEY `idx_messages_created` (`conversation_id`,`created_at`),
  KEY `sender_id` (`sender_id`),
  CONSTRAINT `messages_ibfk_1` FOREIGN KEY (`conversation_id`) REFERENCES `conversations` (`id`) ON DELETE CASCADE,
  CONSTRAINT `messages_ibfk_2` FOREIGN KEY (`sender_id`) REFERENCES `users` (`id`) ON DELETE CASCADE
) ENGINE=InnoDB AUTO_INCREMENT=65 DEFAULT CHARSET=utf8mb4 COLLATE=utf8mb4_unicode_ci;
/*!40101 SET character_set_client = @saved_cs_client */;

--
-- Dumping data for table `messages`
--

LOCK TABLES `messages` WRITE;
/*!40000 ALTER TABLE `messages` DISABLE KEYS */;
INSERT INTO `messages` VALUES
(1,1,1,'hi','2026-03-03 22:42:18'),
(2,2,1,'Hi Ash','2026-03-06 00:35:56'),
(3,2,5,'Hi Admin','2026-03-06 00:43:13'),
(4,2,5,'Hello','2026-03-06 00:53:13'),
(5,2,5,'Hi','2026-03-06 00:53:21'),
(6,2,5,'fqwef','2026-03-06 00:53:25'),
(7,2,5,'ewrqwer','2026-03-06 00:54:43'),
(8,2,5,'Hi Ash','2026-03-06 01:02:47'),
(9,2,5,'ưqer','2026-03-06 01:03:03'),
(10,2,5,'ewqr','2026-03-06 01:03:06'),
(11,2,5,'How are you today admin ?','2026-03-06 01:06:35'),
(12,2,5,'hi','2026-03-06 01:16:01'),
(13,2,5,'Please message me','2026-03-06 01:16:53'),
(14,2,5,'Tesing','2026-03-06 01:19:21'),
(15,2,5,'hi','2026-03-06 01:19:28'),
(16,2,5,'fasd','2026-03-06 01:20:41'),
(17,2,5,'hi','2026-03-06 01:51:18'),
(18,2,5,'hi','2026-03-06 01:51:22'),
(19,2,5,'Test','2026-03-06 01:56:26'),
(20,2,5,'test','2026-03-06 01:56:33'),
(21,2,5,'test','2026-03-06 01:56:38'),
(22,2,5,'TestPopup','2026-03-06 02:08:26'),
(23,2,5,'téttpopop','2026-03-06 02:08:52'),
(24,2,5,'test','2026-03-06 02:09:11'),
(25,2,5,'tét','2026-03-06 02:09:21'),
(26,2,5,'sadf','2026-03-06 02:09:31'),
(27,2,5,'test','2026-03-06 02:09:36'),
(28,2,5,'yo','2026-03-06 02:13:32'),
(29,2,5,'yo','2026-03-06 02:13:48'),
(30,2,5,'yo','2026-03-06 02:13:57'),
(31,2,5,'yo','2026-03-06 02:14:01'),
(32,2,5,'hi','2026-03-06 02:22:05'),
(33,2,5,'test','2026-03-06 02:24:43'),
(34,2,5,'test','2026-03-06 02:32:49'),
(35,2,5,'test','2026-03-06 02:39:47'),
(36,2,5,'test','2026-03-06 02:42:37'),
(37,2,5,'testtt','2026-03-06 02:47:13'),
(38,2,5,'hi','2026-03-06 03:09:44'),
(39,2,5,'hi','2026-03-06 03:10:06'),
(40,2,5,'testing123','2026-03-06 03:16:53'),
(41,2,5,'test','2026-03-06 03:21:40'),
(42,2,5,'h','2026-03-06 03:22:10'),
(43,2,5,'test','2026-03-06 03:26:11'),
(44,2,5,'hi admin','2026-03-06 03:32:28'),
(45,2,5,'qưe','2026-03-06 03:32:40'),
(46,2,5,'fg','2026-03-06 03:32:48'),
(47,2,5,'rqwer','2026-03-06 03:32:55'),
(48,2,5,'hi','2026-03-06 03:34:37'),
(49,2,5,'hi','2026-03-06 03:38:02'),
(50,2,5,'hi','2026-03-06 03:43:07'),
(51,2,5,'hi','2026-03-06 03:44:16'),
(52,2,5,'hi','2026-03-06 03:50:47'),
(53,2,1,'hi Ashley','2026-03-09 23:23:30'),
(54,2,1,'','2026-03-13 06:37:42'),
(55,2,1,'','2026-03-13 06:39:34'),
(56,2,1,'','2026-03-13 06:41:20'),
(57,7,1,'✅ Approved: Your expense request (ID 1).\nComment: tetst','2026-03-20 02:04:15'),
(58,8,1,'Hey Malia','2026-03-22 23:41:54'),
(59,9,1,'Hey Neil','2026-03-22 23:42:14'),
(60,8,1,'hi','2026-03-23 00:42:56'),
(61,2,1,'hi','2026-03-23 00:43:10'),
(62,3,5,'✅ Approved: Your attendance request (ID 1).\nComment: test','2026-03-23 01:58:44'),
(63,10,16,'hi','2026-03-25 23:45:49'),
(64,10,16,'testing','2026-03-25 23:45:56');
/*!40000 ALTER TABLE `messages` ENABLE KEYS */;
UNLOCK TABLES;

--
-- Table structure for table `modules`
--

DROP TABLE IF EXISTS `modules`;
/*!40101 SET @saved_cs_client     = @@character_set_client */;
/*!40101 SET character_set_client = utf8mb4 */;
CREATE TABLE `modules` (
  `key_name` varchar(80) NOT NULL,
  `display_name` varchar(150) NOT NULL,
  `created_at` timestamp NOT NULL DEFAULT current_timestamp(),
  PRIMARY KEY (`key_name`)
) ENGINE=InnoDB DEFAULT CHARSET=utf8mb4 COLLATE=utf8mb4_unicode_ci;
/*!40101 SET character_set_client = @saved_cs_client */;

--
-- Dumping data for table `modules`
--

LOCK TABLES `modules` WRITE;
/*!40000 ALTER TABLE `modules` DISABLE KEYS */;
INSERT INTO `modules` VALUES
('attendance','Attendance','2026-02-24 01:48:58'),
('installation','Installation Day','2026-03-16 00:55:20'),
('leads','Leads','2026-02-24 01:48:58'),
('leave','Leave','2026-04-01 05:08:59'),
('messages','Messages','2026-02-24 01:48:58'),
('on_field','On Field','2026-02-24 01:48:58'),
('operations','Operations','2026-02-24 01:48:58'),
('payroll','Payroll','2026-03-16 13:40:01'),
('projects','Projects','2026-02-24 01:48:58'),
('referrals','Referrals','2026-02-24 01:48:58'),
('site_inspection','Site Inspection','2026-03-19 03:27:49');
/*!40000 ALTER TABLE `modules` ENABLE KEYS */;
UNLOCK TABLES;

--
-- Table structure for table `password_reset_tokens`
--

DROP TABLE IF EXISTS `password_reset_tokens`;
/*!40101 SET @saved_cs_client     = @@character_set_client */;
/*!40101 SET character_set_client = utf8mb4 */;
CREATE TABLE `password_reset_tokens` (
  `id` bigint(20) unsigned NOT NULL AUTO_INCREMENT,
  `user_id` int(10) unsigned NOT NULL,
  `token_hash` char(64) NOT NULL,
  `expires_at` datetime NOT NULL,
  `used_at` datetime DEFAULT NULL,
  `created_at` datetime NOT NULL DEFAULT current_timestamp(),
  `created_ip` varchar(45) DEFAULT NULL,
  `user_agent` varchar(255) DEFAULT NULL,
  PRIMARY KEY (`id`),
  KEY `idx_prt_user` (`user_id`),
  KEY `idx_prt_token` (`token_hash`),
  KEY `idx_prt_exp` (`expires_at`),
  CONSTRAINT `fk_prt_user` FOREIGN KEY (`user_id`) REFERENCES `users` (`id`) ON DELETE CASCADE
) ENGINE=InnoDB DEFAULT CHARSET=utf8mb4 COLLATE=utf8mb4_unicode_ci;
/*!40101 SET character_set_client = @saved_cs_client */;

--
-- Dumping data for table `password_reset_tokens`
--

LOCK TABLES `password_reset_tokens` WRITE;
/*!40000 ALTER TABLE `password_reset_tokens` DISABLE KEYS */;
/*!40000 ALTER TABLE `password_reset_tokens` ENABLE KEYS */;
UNLOCK TABLES;

--
-- Table structure for table `payroll_details`
--

DROP TABLE IF EXISTS `payroll_details`;
/*!40101 SET @saved_cs_client     = @@character_set_client */;
/*!40101 SET character_set_client = utf8mb4 */;
CREATE TABLE `payroll_details` (
  `id` int(10) unsigned NOT NULL AUTO_INCREMENT,
  `payroll_run_id` int(10) unsigned NOT NULL,
  `employee_id` int(10) unsigned NOT NULL,
  `regular_hours` decimal(8,2) DEFAULT 0.00,
  `overtime_hours` decimal(8,2) DEFAULT 0.00,
  `hourly_rate` decimal(8,2) DEFAULT 0.00,
  `overtime_rate` decimal(8,2) DEFAULT 0.00,
  `gross_pay` decimal(10,2) DEFAULT 0.00,
  `deductions` decimal(10,2) DEFAULT 0.00,
  `net_pay` decimal(10,2) DEFAULT 0.00,
  `tax_deductions` decimal(10,2) DEFAULT 0.00,
  `other_deductions` decimal(10,2) DEFAULT 0.00,
  `notes` text DEFAULT NULL,
  `created_at` timestamp NOT NULL DEFAULT current_timestamp(),
  `updated_at` timestamp NOT NULL DEFAULT current_timestamp() ON UPDATE current_timestamp(),
  PRIMARY KEY (`id`),
  KEY `idx_payroll_details_run` (`payroll_run_id`),
  KEY `idx_payroll_details_employee` (`employee_id`),
  CONSTRAINT `fk_payroll_details_employee` FOREIGN KEY (`employee_id`) REFERENCES `employees` (`id`) ON DELETE CASCADE,
  CONSTRAINT `fk_payroll_details_run` FOREIGN KEY (`payroll_run_id`) REFERENCES `payroll_runs` (`id`) ON DELETE CASCADE
) ENGINE=InnoDB AUTO_INCREMENT=2 DEFAULT CHARSET=utf8mb4 COLLATE=utf8mb4_unicode_ci;
/*!40101 SET character_set_client = @saved_cs_client */;

--
-- Dumping data for table `payroll_details`
--

LOCK TABLES `payroll_details` WRITE;
/*!40000 ALTER TABLE `payroll_details` DISABLE KEYS */;
INSERT INTO `payroll_details` VALUES
(1,1,3,0.00,0.00,0.00,0.00,0.00,0.00,0.00,0.00,0.00,NULL,'2026-03-16 14:32:48','2026-03-16 14:32:48');
/*!40000 ALTER TABLE `payroll_details` ENABLE KEYS */;
UNLOCK TABLES;

--
-- Table structure for table `payroll_runs`
--

DROP TABLE IF EXISTS `payroll_runs`;
/*!40101 SET @saved_cs_client     = @@character_set_client */;
/*!40101 SET character_set_client = utf8mb4 */;
CREATE TABLE `payroll_runs` (
  `id` int(10) unsigned NOT NULL AUTO_INCREMENT,
  `company_id` int(10) unsigned NOT NULL,
  `period_start` date NOT NULL,
  `period_end` date NOT NULL,
  `period_type` enum('weekly','fortnightly','monthly') NOT NULL DEFAULT 'monthly',
  `status` enum('draft','processed','paid') NOT NULL DEFAULT 'draft',
  `total_payroll_amount` decimal(12,2) DEFAULT 0.00,
  `total_employees` int(10) unsigned DEFAULT 0,
  `total_hours` decimal(10,2) DEFAULT 0.00,
  `overtime_hours` decimal(10,2) DEFAULT 0.00,
  `created_by` int(10) unsigned NOT NULL,
  `created_at` timestamp NOT NULL DEFAULT current_timestamp(),
  `updated_at` timestamp NOT NULL DEFAULT current_timestamp() ON UPDATE current_timestamp(),
  PRIMARY KEY (`id`),
  KEY `idx_payroll_runs_company` (`company_id`),
  KEY `idx_payroll_runs_period` (`period_start`,`period_end`),
  KEY `idx_payroll_runs_status` (`status`),
  KEY `fk_payroll_runs_created_by` (`created_by`),
  CONSTRAINT `fk_payroll_runs_company` FOREIGN KEY (`company_id`) REFERENCES `companies` (`id`) ON DELETE CASCADE,
  CONSTRAINT `fk_payroll_runs_created_by` FOREIGN KEY (`created_by`) REFERENCES `users` (`id`) ON DELETE CASCADE
) ENGINE=InnoDB AUTO_INCREMENT=2 DEFAULT CHARSET=utf8mb4 COLLATE=utf8mb4_unicode_ci;
/*!40101 SET character_set_client = @saved_cs_client */;

--
-- Dumping data for table `payroll_runs`
--

LOCK TABLES `payroll_runs` WRITE;
/*!40000 ALTER TABLE `payroll_runs` DISABLE KEYS */;
INSERT INTO `payroll_runs` VALUES
(1,1,'2026-03-15','2026-03-21','weekly','draft',NULL,1,NULL,NULL,1,'2026-03-16 14:32:48','2026-03-16 14:32:48');
/*!40000 ALTER TABLE `payroll_runs` ENABLE KEYS */;
UNLOCK TABLES;

--
-- Table structure for table `payslips`
--

DROP TABLE IF EXISTS `payslips`;
/*!40101 SET @saved_cs_client     = @@character_set_client */;
/*!40101 SET character_set_client = utf8mb4 */;
CREATE TABLE `payslips` (
  `id` int(10) unsigned NOT NULL AUTO_INCREMENT,
  `payroll_detail_id` int(10) unsigned NOT NULL,
  `file_path` varchar(255) NOT NULL,
  `file_name` varchar(255) NOT NULL,
  `generated_at` timestamp NOT NULL DEFAULT current_timestamp(),
  `emailed_at` timestamp NULL DEFAULT NULL,
  PRIMARY KEY (`id`),
  KEY `idx_payslips_detail` (`payroll_detail_id`),
  CONSTRAINT `fk_payslips_detail` FOREIGN KEY (`payroll_detail_id`) REFERENCES `payroll_details` (`id`) ON DELETE CASCADE
) ENGINE=InnoDB AUTO_INCREMENT=11 DEFAULT CHARSET=utf8mb4 COLLATE=utf8mb4_unicode_ci;
/*!40101 SET character_set_client = @saved_cs_client */;

--
-- Dumping data for table `payslips`
--

LOCK TABLES `payslips` WRITE;
/*!40000 ALTER TABLE `payslips` DISABLE KEYS */;
INSERT INTO `payslips` VALUES
(1,1,'payslips/payslip_1_3_1773672162881.pdf','payslip_1_3_1773672162881.pdf','2026-03-16 14:42:42',NULL),
(2,1,'payslips/payslip_1_3_1773672168344.pdf','payslip_1_3_1773672168344.pdf','2026-03-16 14:42:48',NULL),
(3,1,'payslips/payslip_1_3_1773672170516.pdf','payslip_1_3_1773672170516.pdf','2026-03-16 14:42:50',NULL),
(4,1,'payslips/payslip_1_3_1773672181845.pdf','payslip_1_3_1773672181845.pdf','2026-03-16 14:43:01',NULL),
(5,1,'payslips/payslip_1_3_1773672195936.pdf','payslip_1_3_1773672195936.pdf','2026-03-16 14:43:15',NULL),
(6,1,'payslips/payslip_1_3_1773672535495.pdf','payslip_1_3_1773672535495.pdf','2026-03-16 14:48:55',NULL),
(7,1,'payslips/payslip_1_3_1773672712816.pdf','payslip_1_3_1773672712816.pdf','2026-03-16 14:51:52',NULL),
(8,1,'payslips/payslip_1_3_1773672921974.pdf','payslip_1_3_1773672921974.pdf','2026-03-16 14:55:22',NULL),
(9,1,'payslips/payslip_1_3_1773672922138.pdf','payslip_1_3_1773672922138.pdf','2026-03-16 14:55:22',NULL),
(10,1,'payslips/payslip_1_3_1774684929054.pdf','payslip_1_3_1774684929054.pdf','2026-03-28 08:02:09',NULL);
/*!40000 ALTER TABLE `payslips` ENABLE KEYS */;
UNLOCK TABLES;

--
-- Table structure for table `permissions`
--

DROP TABLE IF EXISTS `permissions`;
/*!40101 SET @saved_cs_client     = @@character_set_client */;
/*!40101 SET character_set_client = utf8mb4 */;
CREATE TABLE `permissions` (
  `id` int(10) unsigned NOT NULL AUTO_INCREMENT,
  `resource` varchar(80) NOT NULL,
  `action` varchar(50) NOT NULL,
  `description` varchar(255) DEFAULT NULL,
  `created_at` timestamp NOT NULL DEFAULT current_timestamp(),
  PRIMARY KEY (`id`),
  UNIQUE KEY `uk_permission` (`resource`,`action`),
  KEY `idx_perm_resource` (`resource`)
) ENGINE=InnoDB AUTO_INCREMENT=27 DEFAULT CHARSET=utf8mb4 COLLATE=utf8mb4_unicode_ci;
/*!40101 SET character_set_client = @saved_cs_client */;

--
-- Dumping data for table `permissions`
--

LOCK TABLES `permissions` WRITE;
/*!40000 ALTER TABLE `permissions` DISABLE KEYS */;
INSERT INTO `permissions` VALUES
(1,'*','*','All permissions (super admin)','2026-02-24 01:56:11'),
(2,'overview','view','View dashboard overview','2026-02-24 01:56:11'),
(3,'profile','view','View own profile','2026-02-24 01:56:11'),
(4,'profile','edit','Edit own profile','2026-02-24 01:56:11'),
(5,'companies','view','List companies','2026-02-24 01:56:11'),
(6,'companies','create','Create company (tenant)','2026-02-24 01:56:11'),
(7,'leads','view','View leads','2026-02-24 01:56:11'),
(8,'leads','create','Create leads','2026-02-24 01:56:11'),
(9,'leads','edit','Edit leads','2026-02-24 01:56:11'),
(10,'projects','view','View projects','2026-02-24 01:56:11'),
(11,'projects','create','Create projects','2026-02-24 01:56:11'),
(12,'projects','edit','Edit projects','2026-02-24 01:56:11'),
(13,'on_field','view','View on-field','2026-02-24 01:56:11'),
(14,'on_field','edit','Edit on-field','2026-02-24 01:56:11'),
(15,'operations','view','View operations','2026-02-24 01:56:11'),
(16,'operations','edit','Edit operations','2026-02-24 01:56:11'),
(17,'attendance','view','View attendance','2026-02-24 01:56:11'),
(18,'attendance','edit','Edit attendance','2026-02-24 01:56:11'),
(19,'referrals','view','View referrals','2026-02-24 01:56:11'),
(20,'referrals','edit','Edit referrals','2026-02-24 01:56:11'),
(21,'messages','view','View messages','2026-02-24 01:56:11'),
(22,'messages','edit','Edit messages','2026-02-24 01:56:11'),
(23,'settings','view','View settings','2026-02-24 01:56:11'),
(24,'settings','manage','Manage settings','2026-02-24 01:56:11'),
(25,'roles','view','View roles','2026-02-24 01:56:11'),
(26,'roles','manage','Create/edit roles and assign permissions','2026-02-24 01:56:11');
/*!40000 ALTER TABLE `permissions` ENABLE KEYS */;
UNLOCK TABLES;

--
-- Table structure for table `project_assignees`
--

DROP TABLE IF EXISTS `project_assignees`;
/*!40101 SET @saved_cs_client     = @@character_set_client */;
/*!40101 SET character_set_client = utf8mb4 */;
CREATE TABLE `project_assignees` (
  `project_id` bigint(20) unsigned NOT NULL,
  `employee_id` int(10) unsigned NOT NULL,
  `company_id` int(10) unsigned NOT NULL,
  `assigned_at` datetime NOT NULL DEFAULT current_timestamp(),
  `assigned_by` int(10) unsigned DEFAULT NULL,
  PRIMARY KEY (`project_id`,`employee_id`),
  KEY `idx_company` (`company_id`),
  KEY `fk_pa_employee` (`employee_id`),
  CONSTRAINT `fk_pa_employee` FOREIGN KEY (`employee_id`) REFERENCES `employees` (`id`) ON DELETE CASCADE,
  CONSTRAINT `fk_pa_project` FOREIGN KEY (`project_id`) REFERENCES `projects` (`id`) ON DELETE CASCADE
) ENGINE=InnoDB DEFAULT CHARSET=utf8mb4 COLLATE=utf8mb4_unicode_ci;
/*!40101 SET character_set_client = @saved_cs_client */;

--
-- Dumping data for table `project_assignees`
--

LOCK TABLES `project_assignees` WRITE;
/*!40000 ALTER TABLE `project_assignees` DISABLE KEYS */;
INSERT INTO `project_assignees` VALUES
(3,1,1,'2026-03-19 11:58:28',1),
(3,2,1,'2026-03-19 11:58:28',1),
(3,3,1,'2026-03-19 11:58:28',1),
(3,4,1,'2026-03-19 11:58:28',1),
(5,4,1,'2026-03-19 12:57:44',1),
(6,3,1,'2026-03-19 13:03:22',1),
(16,4,1,'2026-04-02 08:11:59',11),
(16,5,1,'2026-04-02 08:11:59',11),
(16,8,1,'2026-04-02 08:11:59',11);
/*!40000 ALTER TABLE `project_assignees` ENABLE KEYS */;
UNLOCK TABLES;

--
-- Table structure for table `project_documents`
--

DROP TABLE IF EXISTS `project_documents`;
/*!40101 SET @saved_cs_client     = @@character_set_client */;
/*!40101 SET character_set_client = utf8mb4 */;
CREATE TABLE `project_documents` (
  `id` bigint(20) unsigned NOT NULL AUTO_INCREMENT,
  `project_id` bigint(20) unsigned NOT NULL,
  `filename` varchar(255) NOT NULL,
  `storage_url` varchar(1024) NOT NULL,
  `uploaded_by` bigint(20) unsigned DEFAULT NULL,
  `created_at` timestamp NOT NULL DEFAULT current_timestamp(),
  PRIMARY KEY (`id`),
  KEY `fk_project_docs_project` (`project_id`),
  CONSTRAINT `fk_project_docs_project` FOREIGN KEY (`project_id`) REFERENCES `projects` (`id`) ON DELETE CASCADE
) ENGINE=InnoDB AUTO_INCREMENT=2 DEFAULT CHARSET=utf8mb4 COLLATE=utf8mb4_unicode_ci;
/*!40101 SET character_set_client = @saved_cs_client */;

--
-- Dumping data for table `project_documents`
--

LOCK TABLES `project_documents` WRITE;
/*!40000 ALTER TABLE `project_documents` DISABLE KEYS */;
INSERT INTO `project_documents` VALUES
(1,1,'1773363743727-record-medical-history.pdf','/uploads/project-1/1773363743727-record-medical-history.pdf',1,'2026-03-13 01:02:23');
/*!40000 ALTER TABLE `project_documents` ENABLE KEYS */;
UNLOCK TABLES;

--
-- Table structure for table `project_notes`
--

DROP TABLE IF EXISTS `project_notes`;
/*!40101 SET @saved_cs_client     = @@character_set_client */;
/*!40101 SET character_set_client = utf8mb4 */;
CREATE TABLE `project_notes` (
  `id` bigint(20) unsigned NOT NULL AUTO_INCREMENT,
  `project_id` bigint(20) unsigned NOT NULL,
  `body` text NOT NULL,
  `created_by` bigint(20) unsigned DEFAULT NULL,
  `created_at` timestamp NOT NULL DEFAULT current_timestamp(),
  PRIMARY KEY (`id`),
  KEY `fk_project_notes_project` (`project_id`),
  CONSTRAINT `fk_project_notes_project` FOREIGN KEY (`project_id`) REFERENCES `projects` (`id`) ON DELETE CASCADE
) ENGINE=InnoDB AUTO_INCREMENT=2 DEFAULT CHARSET=utf8mb4 COLLATE=utf8mb4_unicode_ci;
/*!40101 SET character_set_client = @saved_cs_client */;

--
-- Dumping data for table `project_notes`
--

LOCK TABLES `project_notes` WRITE;
/*!40000 ALTER TABLE `project_notes` DISABLE KEYS */;
INSERT INTO `project_notes` VALUES
(1,1,'ewrwerwer',1,'2026-03-13 01:01:08');
/*!40000 ALTER TABLE `project_notes` ENABLE KEYS */;
UNLOCK TABLES;

--
-- Table structure for table `project_schedules`
--

DROP TABLE IF EXISTS `project_schedules`;
/*!40101 SET @saved_cs_client     = @@character_set_client */;
/*!40101 SET character_set_client = utf8mb4 */;
CREATE TABLE `project_schedules` (
  `id` bigint(20) unsigned NOT NULL AUTO_INCREMENT,
  `company_id` bigint(20) unsigned NOT NULL,
  `project_id` bigint(20) unsigned NOT NULL,
  `status` enum('scheduled','in_progress','completed') NOT NULL DEFAULT 'scheduled',
  `scheduled_at` datetime DEFAULT NULL,
  `notes` text DEFAULT NULL,
  `created_by` bigint(20) unsigned DEFAULT NULL,
  `updated_by` bigint(20) unsigned DEFAULT NULL,
  `created_at` datetime NOT NULL DEFAULT current_timestamp(),
  `updated_at` datetime DEFAULT NULL,
  PRIMARY KEY (`id`),
  UNIQUE KEY `uniq_project` (`project_id`),
  KEY `idx_company_project` (`company_id`,`project_id`),
  CONSTRAINT `fk_ps_project` FOREIGN KEY (`project_id`) REFERENCES `projects` (`id`) ON DELETE CASCADE
) ENGINE=InnoDB AUTO_INCREMENT=36 DEFAULT CHARSET=utf8mb4 COLLATE=utf8mb4_unicode_ci;
/*!40101 SET character_set_client = @saved_cs_client */;

--
-- Dumping data for table `project_schedules`
--

LOCK TABLES `project_schedules` WRITE;
/*!40000 ALTER TABLE `project_schedules` DISABLE KEYS */;
INSERT INTO `project_schedules` VALUES
(7,1,3,'scheduled','2026-03-19 11:01:00','',1,1,'2026-03-19 11:44:08','2026-03-19 11:58:28'),
(14,1,2,'scheduled','2026-03-20 09:00:00','',1,NULL,'2026-03-19 12:25:52',NULL),
(15,1,1,'scheduled','2026-03-20 22:00:00','',1,1,'2026-03-19 12:29:06','2026-03-19 12:29:20'),
(17,1,4,'scheduled','2026-03-19 17:00:00','',1,1,'2026-03-19 12:39:21','2026-03-19 12:39:32'),
(19,1,5,'scheduled','2026-03-19 20:00:00','',1,1,'2026-03-19 12:57:07','2026-03-19 12:57:44'),
(24,1,6,'scheduled','2026-03-19 10:00:00','',1,1,'2026-03-19 13:03:04','2026-03-19 13:03:22'),
(26,1,16,'scheduled','2026-04-15 07:30:00','Take optimisers',11,11,'2026-04-02 06:38:37','2026-04-02 08:11:59');
/*!40000 ALTER TABLE `project_schedules` ENABLE KEYS */;
UNLOCK TABLES;

--
-- Table structure for table `projects`
--

DROP TABLE IF EXISTS `projects`;
/*!40101 SET @saved_cs_client     = @@character_set_client */;
/*!40101 SET character_set_client = utf8mb4 */;
CREATE TABLE `projects` (
  `id` bigint(20) unsigned NOT NULL AUTO_INCREMENT,
  `lead_id` bigint(20) unsigned NOT NULL,
  `stage` varchar(80) NOT NULL DEFAULT 'new',
  `customer_name` varchar(150) NOT NULL,
  `email` varchar(255) DEFAULT NULL,
  `phone` varchar(50) DEFAULT NULL,
  `suburb` varchar(150) DEFAULT NULL,
  `system_size_kw` decimal(10,2) DEFAULT NULL,
  `value_amount` decimal(14,2) DEFAULT NULL,
  `created_at` timestamp NOT NULL DEFAULT current_timestamp(),
  `updated_at` timestamp NULL DEFAULT NULL ON UPDATE current_timestamp(),
  `expected_completion_date` date DEFAULT NULL,
  `post_install_reference_no` varchar(100) DEFAULT NULL,
  `project_code` varchar(32) GENERATED ALWAYS AS (concat('PRJ-',`lead_id`)) VIRTUAL,
  PRIMARY KEY (`id`),
  UNIQUE KEY `uniq_projects_lead_id` (`lead_id`),
  KEY `idx_projects_stage` (`stage`),
  KEY `idx_projects_project_code` (`project_code`),
  CONSTRAINT `fk_projects_lead` FOREIGN KEY (`lead_id`) REFERENCES `leads` (`id`) ON UPDATE CASCADE
) ENGINE=InnoDB AUTO_INCREMENT=22 DEFAULT CHARSET=utf8mb4 COLLATE=utf8mb4_unicode_ci;
/*!40101 SET character_set_client = @saved_cs_client */;

--
-- Dumping data for table `projects`
--

LOCK TABLES `projects` WRITE;
/*!40000 ALTER TABLE `projects` DISABLE KEYS */;
INSERT INTO `projects` VALUES
(1,1,'scheduled','MInwerwe','','','test',1000.00,5550.00,'2026-03-11 00:35:07','2026-03-19 01:29:26','2026-03-27',NULL,'PRJ-1'),
(2,57,'installation_in_progress','Glynnis Owen','glynnis.owen@optusnet.com.au','0411 469 764','Eltham',NULL,0.00,'2026-03-13 06:47:17','2026-03-19 01:26:26',NULL,NULL,'PRJ-57'),
(3,86,'scheduled','Paul Gloury','paulgloury@gmail.com','0419 501 629','Parkdale',500.00,0.00,'2026-03-19 00:43:39','2026-03-19 00:58:17',NULL,NULL,'PRJ-86'),
(4,85,'scheduled','Markus Wagner','solar@acrocon.com','0488 996 355','Springvale',50.00,0.00,'2026-03-19 01:38:56','2026-03-19 01:39:36',NULL,NULL,'PRJ-85'),
(5,87,'scheduled','Lou Marasco','lou@altobmg.com.au','0439 388 807','Carnegie',NULL,0.00,'2026-03-19 01:56:58','2026-03-19 01:57:28',NULL,NULL,'PRJ-87'),
(6,83,'installation_in_progress','Daniel Martin','danielsmartin0000@gmail.com','401053606','Cockatoo',5.00,0.00,'2026-03-19 02:02:52','2026-04-02 08:16:34',NULL,NULL,'PRJ-83'),
(7,79,'new','Hugh Haley','hugh.haley@gmail.com','0423 625 800','Malvern East',1213.00,0.00,'2026-03-19 12:54:03','2026-03-26 03:41:27',NULL,NULL,'PRJ-79'),
(8,81,'new','Ross Edwards','rossedwards339@gmail.com','0422 146 157','Glen Iris',NULL,0.00,'2026-03-23 01:41:50','2026-03-26 01:21:27',NULL,NULL,'PRJ-81'),
(14,119,'new','Lê Nguyễn Nhựt Minh','lenguyennhutminh4@gmail.com','123456789','DD',NULL,NULL,'2026-04-01 00:43:36',NULL,NULL,NULL,'PRJ-119'),
(15,120,'new','Lê Nguyễn Nhựt Minh123','bnqt1234@gmail.com','1','D',NULL,NULL,'2026-04-01 00:52:51',NULL,NULL,NULL,'PRJ-120'),
(16,105,'scheduled','Paul Hunter','j.paul.hunter@mac.com','425736331','Thornbury',NULL,16000.00,'2026-04-02 06:32:17','2026-04-02 08:12:26','2026-04-30',NULL,'PRJ-105');
/*!40000 ALTER TABLE `projects` ENABLE KEYS */;
UNLOCK TABLES;

--
-- Table structure for table `qualifications`
--

DROP TABLE IF EXISTS `qualifications`;
/*!40101 SET @saved_cs_client     = @@character_set_client */;
/*!40101 SET character_set_client = utf8mb4 */;
CREATE TABLE `qualifications` (
  `id` int(10) unsigned NOT NULL AUTO_INCREMENT,
  `name` varchar(150) NOT NULL,
  `authority` varchar(150) DEFAULT NULL,
  `created_at` timestamp NOT NULL DEFAULT current_timestamp(),
  PRIMARY KEY (`id`),
  UNIQUE KEY `name` (`name`)
) ENGINE=InnoDB DEFAULT CHARSET=utf8mb4 COLLATE=utf8mb4_unicode_ci;
/*!40101 SET character_set_client = @saved_cs_client */;

--
-- Dumping data for table `qualifications`
--

LOCK TABLES `qualifications` WRITE;
/*!40000 ALTER TABLE `qualifications` DISABLE KEYS */;
/*!40000 ALTER TABLE `qualifications` ENABLE KEYS */;
UNLOCK TABLES;

--
-- Table structure for table `referral_bonuses`
--

DROP TABLE IF EXISTS `referral_bonuses`;
/*!40101 SET @saved_cs_client     = @@character_set_client */;
/*!40101 SET character_set_client = utf8mb4 */;
CREATE TABLE `referral_bonuses` (
  `id` bigint(20) unsigned NOT NULL AUTO_INCREMENT,
  `referral_lead_id` bigint(20) unsigned NOT NULL,
  `bonus_amount` decimal(10,2) NOT NULL,
  `bonus_paid_at` datetime DEFAULT NULL,
  `created_at` timestamp NOT NULL DEFAULT current_timestamp(),
  `updated_at` timestamp NULL DEFAULT NULL ON UPDATE current_timestamp(),
  PRIMARY KEY (`id`),
  UNIQUE KEY `uk_referral_lead_id` (`referral_lead_id`),
  KEY `idx_bonus_paid_at` (`bonus_paid_at`),
  CONSTRAINT `referral_bonuses_ibfk_1` FOREIGN KEY (`referral_lead_id`) REFERENCES `leads` (`id`) ON DELETE CASCADE
) ENGINE=InnoDB DEFAULT CHARSET=utf8mb4 COLLATE=utf8mb4_unicode_ci;
/*!40101 SET character_set_client = @saved_cs_client */;

--
-- Dumping data for table `referral_bonuses`
--

LOCK TABLES `referral_bonuses` WRITE;
/*!40000 ALTER TABLE `referral_bonuses` DISABLE KEYS */;
/*!40000 ALTER TABLE `referral_bonuses` ENABLE KEYS */;
UNLOCK TABLES;

--
-- Table structure for table `referral_settings`
--

DROP TABLE IF EXISTS `referral_settings`;
/*!40101 SET @saved_cs_client     = @@character_set_client */;
/*!40101 SET character_set_client = utf8mb4 */;
CREATE TABLE `referral_settings` (
  `id` int(10) unsigned NOT NULL,
  `settings_json` longtext CHARACTER SET utf8mb4 COLLATE utf8mb4_bin NOT NULL CHECK (json_valid(`settings_json`)),
  `created_at` timestamp NULL DEFAULT current_timestamp(),
  `updated_at` timestamp NULL DEFAULT current_timestamp() ON UPDATE current_timestamp(),
  PRIMARY KEY (`id`)
) ENGINE=InnoDB DEFAULT CHARSET=utf8mb4 COLLATE=utf8mb4_unicode_ci;
/*!40101 SET character_set_client = @saved_cs_client */;

--
-- Dumping data for table `referral_settings`
--

LOCK TABLES `referral_settings` WRITE;
/*!40000 ALTER TABLE `referral_settings` DISABLE KEYS */;
/*!40000 ALTER TABLE `referral_settings` ENABLE KEYS */;
UNLOCK TABLES;

--
-- Table structure for table `refresh_tokens`
--

DROP TABLE IF EXISTS `refresh_tokens`;
/*!40101 SET @saved_cs_client     = @@character_set_client */;
/*!40101 SET character_set_client = utf8mb4 */;
CREATE TABLE `refresh_tokens` (
  `id` bigint(20) unsigned NOT NULL AUTO_INCREMENT,
  `user_id` int(10) unsigned NOT NULL,
  `token_hash` char(64) NOT NULL,
  `expires_at` datetime NOT NULL,
  `created_at` datetime NOT NULL DEFAULT current_timestamp(),
  PRIMARY KEY (`id`),
  KEY `fk_rt_user` (`user_id`),
  KEY `idx_rt_token` (`token_hash`),
  KEY `idx_rt_exp` (`expires_at`),
  CONSTRAINT `fk_rt_user` FOREIGN KEY (`user_id`) REFERENCES `users` (`id`) ON DELETE CASCADE
) ENGINE=InnoDB AUTO_INCREMENT=185 DEFAULT CHARSET=utf8mb4 COLLATE=utf8mb4_unicode_ci;
/*!40101 SET character_set_client = @saved_cs_client */;

--
-- Dumping data for table `refresh_tokens`
--

LOCK TABLES `refresh_tokens` WRITE;
/*!40000 ALTER TABLE `refresh_tokens` DISABLE KEYS */;
INSERT INTO `refresh_tokens` VALUES
(1,1,'282abfb55e2d11e46ab0cd12f2a3081a033e243f0f2c87d2d8d9ff7a4ce2ad0b','2026-02-16 06:15:30','2026-02-09 06:15:30'),
(2,1,'cddac0ea852f58f2edf1f40800127ff63c502df710fa428e53a1741d338a5acb','2026-02-16 06:22:38','2026-02-09 06:22:38'),
(3,1,'66a4ea7e22744959e7ea8c744ead158f5a9d35ca1857b25aa25d1400cf1677c6','2026-02-16 06:32:31','2026-02-09 06:32:31'),
(4,1,'35ab502424f71295b649fafab1cd0a4a7d3a102ff68eb34c6d42b3efd2e54637','2026-03-03 08:50:12','2026-02-24 08:50:12'),
(5,1,'53e4ad410a01253d7ce2edd954fe6e82affcaf94f69b9365ef0127bdf2536a43','2026-03-03 08:51:03','2026-02-24 08:51:03'),
(6,1,'5ec9cdcc3613962e5ff3c67c7894dbc538087e0aa0f45e69494e2312fada9fa6','2026-03-03 08:51:10','2026-02-24 08:51:10'),
(7,1,'2b5948dd86296a628a1fd13a514feda8831508593bfa3666b875e81392d06d16','2026-03-03 08:52:45','2026-02-24 08:52:45'),
(8,1,'41ebabb01d866eb1941b0f3156a587d2eee6cf3ee59facc648de7a1eead64bd6','2026-03-03 08:56:17','2026-02-24 08:56:17'),
(9,1,'562350b9f3dd20eebdd96dedcc39e729ca5300fbe5c01a7a65ae27f285ee87a2','2026-03-04 07:40:27','2026-02-25 07:40:27'),
(10,4,'d430a478cd5467d7043cfc2c7996c5aa4cbf95af34cc841c5fbe67d1c80e7875','2026-03-04 07:42:06','2026-02-25 07:42:06'),
(11,1,'f4feb9f58dff13788f73ca9028907adc6feaf5fda80e3cdd016819d4027a0373','2026-03-04 07:49:58','2026-02-25 07:49:58'),
(12,4,'f3fbc6b3ee5b07eadbe7358e315b5bdcc8228a95f9ad9862ee2a377fbd85f7f9','2026-03-04 07:50:19','2026-02-25 07:50:19'),
(13,1,'a1974fbab4c73d6636b14850102487149f00149bf78ec98db49134a8a48b1db3','2026-03-04 08:31:06','2026-02-25 08:31:06'),
(14,4,'b9d0b62d080755fc212e8ecd8a16b11a5313fe2410664ac24f122a8139298783','2026-03-04 09:26:11','2026-02-25 09:26:11'),
(15,1,'56576ff5cbb2381a5443e6a511307c5f18630bbe2a67f99a021f9020450dcdf1','2026-03-04 10:04:27','2026-02-25 10:04:27'),
(16,1,'0f8cfd82f73d60b627949395daf16e0d09a90e5c0fab002eab21a05d14a43246','2026-03-07 06:46:18','2026-02-28 06:46:18'),
(17,1,'bd0b700c543d14dbdb9f6128445c00f36883f8e78e3e9e35116cd88f50221c81','2026-03-07 22:58:47','2026-02-28 22:58:47'),
(19,1,'6f885af351381812e68d21f4c936c6880190f66aed00a8676cb8d2816026994e','2026-03-07 23:06:56','2026-02-28 23:06:56'),
(21,1,'63991e2f4b6417ecf0f29960e0ed526fe1a592f63f39432616ab9a17fb8124e2','2026-03-07 23:10:25','2026-02-28 23:10:25'),
(22,1,'62e58beb47df1bab7ebb37173fdf3d0f96f6a66ec7b3751515d3d4df7d796560','2026-03-09 09:45:37','2026-03-02 09:45:37'),
(25,8,'ca1f949acc69d1b0daa9458e858d17a2dffb2b11edfc497f5e8e0c575adbb3a6','2026-03-09 10:55:17','2026-03-02 10:55:17'),
(26,8,'abe266de3c85d919ccc11c96dc97772e199d0e62c4748d6c52e41515e5eef059','2026-03-09 12:19:47','2026-03-02 12:19:47'),
(27,1,'1704c23121afc6a23a997251d7e9f06be19b7b51d0a092be45dd513551d01604','2026-03-10 09:41:21','2026-03-03 09:41:21'),
(28,1,'e4ce83dc4af7ac654e194a75addf1757a35a701ecc9078a751a94ce17a9c7fa5','2026-03-10 10:45:17','2026-03-03 10:45:17'),
(29,8,'9ee757695c55d2f2cf1fd86cdfc9fd758711eb3e7d9df70c8f90ba939d155e8a','2026-03-10 11:09:31','2026-03-03 11:09:31'),
(30,1,'3da48cd3193500051a4249b011ba6bdab75ab5aa5bb8edfd59826c7d13317ce8','2026-03-10 11:09:45','2026-03-03 11:09:45'),
(31,1,'43c9ffc4b7fc0d3a4212b04e7ef7582e5a4d733ece070484027bb4348df6d89f','2026-03-10 23:28:04','2026-03-03 23:28:05'),
(32,1,'58471627f3a99f0890478c6a8c7587d8e3a12931332676331530bc11b7659dd0','2026-03-11 09:09:50','2026-03-04 09:09:50'),
(33,1,'47805d546c5525e23231917b5a97a0cd7bef781293bf9c24a6bbc1f7383db147','2026-03-12 12:07:41','2026-03-05 12:07:41'),
(34,1,'5edb5679ebf490c581af4d2c9ed2c387f7429eae4572fda29aa7f2f51558b8e5','2026-03-13 11:35:21','2026-03-06 11:35:21'),
(35,7,'897da578bf616eb7cf5b2b7a65114b52ca1863c2ed8134bb1835cbbeb84ac1c0','2026-03-13 11:38:10','2026-03-06 11:38:10'),
(36,1,'afa49995d4e03d20e61782d75a1250dd4a6cc01da55947df4f17bd3cf4d19473','2026-03-13 11:38:34','2026-03-06 11:38:34'),
(39,1,'eb26a5cb5bf2e1b912f533a0bbca3da5549ebc00da137086deff506d6a94e754','2026-03-13 11:43:02','2026-03-06 11:43:02'),
(40,1,'bc38ab3306c4d0b07d9cb9146c90208d86eccd6d770e1f83def6d2ce5b2408de','2026-03-17 10:02:10','2026-03-10 10:02:10'),
(42,1,'3aee07cd1db1f9bc07595666e51eb1692d3ad909e011b5448e2df3f8d7896314','2026-03-18 10:26:02','2026-03-11 10:26:02'),
(43,1,'f248fefbeb9b9b535f73381db693c3ea88584e5babcafde6c138ae68b09e2991','2026-03-19 10:41:08','2026-03-12 10:41:08'),
(44,1,'f386422fdd02271e4db514a67de4d16e3cb805d7835eea8cc066a5c0188fadee','2026-03-19 22:03:02','2026-03-12 22:03:02'),
(45,1,'690ea143b54f2023c86c639b1a0d04717696220dc83aafb268c3c66e14c015a7','2026-03-19 22:11:05','2026-03-12 22:11:05'),
(46,1,'ef01b489677f8d8d4bf36662572a0ac8091a95d0929f9d7f99d6ca0dbc44776c','2026-03-20 00:20:41','2026-03-13 00:20:41'),
(47,1,'96e4e38ac5b572a3c62d64c13ca78593099f38f2f6eeabab301515b635b6d980','2026-03-20 11:04:34','2026-03-13 11:04:34'),
(49,1,'67ba973276c8c2709aa338a638c75989bbd5e46de269d4457013ee7244c2c555','2026-03-22 18:08:30','2026-03-15 18:08:30'),
(50,1,'0b065a2a5365a53e370f45f59781caedc111ad16b9841699f402921e581b1a17','2026-03-22 20:02:46','2026-03-15 20:02:46'),
(51,1,'9aee751004e357bb1ef2ff19294294219e6b90708f1ef09e5f3741e5f7dd2c3e','2026-03-22 20:27:43','2026-03-15 20:27:43'),
(53,10,'fbbd123476054c9a7c202010ab69499d36d2c3817d8560e0c860ccdee66d8eec','2026-03-22 21:49:19','2026-03-15 21:49:19'),
(56,5,'2d5139ab80fc2534d2edb12c7bd4705fc9a83986c8acafecafd825831a897833','2026-03-22 21:54:54','2026-03-15 21:54:54'),
(57,5,'0b72054316368cc82b4f84e5e495553a255e977f5c45df6589495b12879f2135','2026-03-22 21:55:02','2026-03-15 21:55:02'),
(58,1,'36c969a65d979360ba688a2d50bc6bd2872841ab8268b6e3cbbaeca3497eeacd','2026-03-22 22:44:30','2026-03-15 22:44:30'),
(59,5,'65b941bf0cd333a504efef5b8d9e4c07a9d1d2ed4d3a04242e460f9b662074c1','2026-03-23 11:16:27','2026-03-16 11:16:27'),
(60,1,'0fd79fa3595e6eb8d091bff807a657fed837e95f0af0e9bbd7e8dfaf5ec33ca8','2026-03-23 11:56:42','2026-03-16 11:56:42'),
(61,5,'d8624bca653edb5bbdd3b5a715d4630e843c25b3206f545e70f6fb81f2e90168','2026-03-23 11:57:21','2026-03-16 11:57:21'),
(62,5,'126b8e60059a13f8105c01318f094082d0c13e84ac4e389440792d8f4a8dd667','2026-03-23 21:35:59','2026-03-16 21:35:59'),
(63,1,'7ca4bd925546bbbb2d50c42c3d6802483b17910acdafa28522ec3da76b4e0630','2026-03-23 21:38:14','2026-03-16 21:38:14'),
(64,5,'b0109a9247c31c14d2825f90bf7e5cbe432ae66f8d6d0e6747de986bd4e9af1d','2026-03-23 21:39:07','2026-03-16 21:39:07'),
(65,1,'573b810adc0f79a140b1530c22dc912383b2e92c16208f1692093de68a51991f','2026-03-24 01:19:41','2026-03-17 01:19:41'),
(66,1,'ae40af34e016a0c8b1c277fe4edf8af3a36ff8866dddfdc5bb47ecdb9330a7a3','2026-03-25 09:45:50','2026-03-18 09:45:50'),
(67,5,'0bed76924fed200331f1bde1b02548ae4e7d11ad21d3eebbadce0adf7096f630','2026-03-25 17:02:47','2026-03-18 17:02:47'),
(68,1,'30ab4cff310fa58381186c1da5747912847c380c962c0a8df5ebb4833f79973f','2026-03-26 11:31:22','2026-03-19 11:31:22'),
(69,1,'7a41c2fda678e3f896b9e6ba477f96af1c96513bfaa1542ab54bcbabe70a0c7e','2026-03-26 11:51:48','2026-03-19 11:51:48'),
(70,5,'9bafaa0eb5171cc1ccb15f9b9a8f5f617e04d2709013c5f7ad105f0b3838f5b8','2026-03-26 12:54:44','2026-03-19 12:54:44'),
(71,1,'bbf013d542fd1129610c7df3a3e0041fcbd609436b13daf1f08be37a469ac494','2026-03-26 12:55:30','2026-03-19 12:55:30'),
(72,1,'a48d9162e89da799b10117cfbde9245839a85241676601218d62c0a79c29e2f0','2026-03-26 23:05:43','2026-03-19 23:05:43'),
(73,1,'48293f227aaa3430be554fe3145093d387818a578658335d692762e86bde47e8','2026-03-27 12:28:24','2026-03-20 12:28:24'),
(74,5,'0b5397999d0119009ad7ac550caed5348ee3d7fe91d83ea7ed692fa56f72e6cf','2026-03-27 12:51:24','2026-03-20 12:51:24'),
(75,1,'54cd21cbf27a6498e13f902936a5c6e9ae5df58ff63fc9da5f519c4c2fd82f71','2026-03-27 12:50:52','2026-03-20 12:50:52'),
(76,1,'bacb4f56bf438e2973f0eea2c4559da0420ff9b9980c46351f8badc4da8680f2','2026-03-27 13:06:33','2026-03-20 13:06:33'),
(77,1,'243086e2d0359575f5b9e73475ce1d4c73e672d34913833cd2fdfb4db44131cd','2026-03-28 01:21:02','2026-03-21 01:21:02'),
(78,1,'b831a5262d08beaff06241fad8d5d86235df95f39810b163d4f0aa5d3d150fd4','2026-03-29 15:45:41','2026-03-22 15:45:41'),
(79,1,'ca71c283e8efe2cb5bcb614ac2dfde77e9fa5bbd7bed70db8fe16baded07e749','2026-03-29 18:59:42','2026-03-22 18:59:42'),
(80,1,'d3ce3ed12d1ea8eb3ec438be892ec65588dcb1d5afcaabed46b289bb0a2b0e5b','2026-03-29 19:37:59','2026-03-22 19:37:59'),
(81,1,'3d0f29323720fa33cb4adc0cc40b7c8943fca737e9f889bc2523f507583788f1','2026-03-29 19:38:23','2026-03-22 19:38:23'),
(82,1,'2317412aa6d058fcd1f57ea51fdca91c02c51e404fa64b1156f85f8403833db6','2026-03-29 23:08:12','2026-03-22 23:08:12'),
(83,14,'b26787cf0e968e2c0720726d8c741328b57ec02cf0cedda3f21cfeba5f8d70af','2026-03-29 23:17:46','2026-03-22 23:17:46'),
(84,1,'1e6f84d0da279d045556b12d53b5e15a8e0d5be08807a8897c3a3fbe91ddb92e','2026-03-29 23:19:36','2026-03-22 23:19:36'),
(85,1,'4419e532967081e6e81c3372d735ca7dcba5e81dfcee29f42a24a2f49b578b48','2026-03-29 23:38:03','2026-03-22 23:38:03'),
(86,14,'3f5b2cb0895a2399bda4346ae70b52e23be3b701a850ba4150191cc3f40eb464','2026-03-29 23:40:54','2026-03-22 23:40:54'),
(87,1,'afc0da55dc077b36d3e93959d4517166929d0ef85b7eed63b85016eb2cfb1fb5','2026-03-29 23:45:13','2026-03-22 23:45:13'),
(88,1,'1e575e44c594544c92e06d475c6883266685a2d78cdfee7ce54134c092ff57dd','2026-03-29 23:53:33','2026-03-22 23:53:33'),
(89,1,'a95740edb6b3299960c16e631055659e3d30796a315591e47b4a941cbca934d9','2026-03-30 00:03:08','2026-03-23 00:03:08'),
(91,16,'80ce859e21cefd59193c63543c0d41c7a83c20ef9f896ce73166ff4146981100','2026-03-30 00:03:33','2026-03-23 00:03:33'),
(92,16,'4db3ce61800d509a47af737f3fbeb927e1f7bcc89e4b701d78259b4e8c296091','2026-03-30 00:03:47','2026-03-23 00:03:47'),
(93,5,'edb9254e01b2697d0481e26053f439f0a8025404f688ef37c22a3740a62b0eb0','2026-03-30 00:04:05','2026-03-23 00:04:05'),
(94,5,'9f055b6471e981cb760e5781c0179bbdad95d7a525a5a0ef4735f473447fd61b','2026-03-30 00:11:39','2026-03-23 00:11:39'),
(95,16,'49a9a8f6a348deeb251982bc67c68ea7802f65ee0bdf87b8f042c2d112aa49e5','2026-03-30 00:16:41','2026-03-23 00:16:41'),
(96,1,'409bc8fdbc7135763059c91bacd52d7d238d1f7c183ac0d29299ad9de7723294','2026-03-30 00:17:39','2026-03-23 00:17:39'),
(97,5,'4adc81e50748e38c23e96ead71c6ee512a4c9e22112aa05546b5a05264ba1cda','2026-03-30 00:17:58','2026-03-23 00:17:58'),
(98,1,'411ffce1bf62ddda87200b6e330751ddaefb7fd2b1f7cdf78e045c1e4c1a4f04','2026-03-30 00:34:37','2026-03-23 00:34:37'),
(99,1,'45a50895ff9a5ddda5b3031fc9bd61f2db5a6ac1afcc2f1f997239c2fbff3e10','2026-03-30 00:36:02','2026-03-23 00:36:02'),
(101,11,'a7dd9e8dee4d438dd365313e1ab85385211e798f63f68753dc6ebe2ce7516cf0','2026-03-30 00:40:04','2026-03-23 00:40:04'),
(102,11,'ff8b0372eb60e6281890b1ff6f9669c9bfb33829f81c47e65d735bbeb4c6f608','2026-03-30 00:40:19','2026-03-23 00:40:19'),
(103,1,'784bd036546d4a86f3941f37f1f1cf3c3f6dd13ffa47028752b26056c3af952c','2026-03-30 00:50:55','2026-03-23 00:50:55'),
(104,5,'0656161f87a921efaf211e5a97d75677320fba8889b92f7beeb85fb383a80752','2026-03-30 01:16:37','2026-03-23 01:16:37'),
(105,5,'c299b46a4dabea678dc44a1517f657eb5ae79961cec9fa95ed85bd2b8868a551','2026-03-30 02:00:23','2026-03-23 02:00:23'),
(106,1,'5120d5edf6de1e2926aa964fef30c8867f2772eeedce40cef01a5290cd2fee89','2026-03-30 17:28:16','2026-03-23 17:28:16'),
(107,1,'081ab1e9a123e00e91cad1b757448a3fd061739468ea388854ca8a9b2789ce60','2026-03-30 18:09:34','2026-03-23 18:09:34'),
(108,1,'778f4364f1c80f9aef65b74eb0f734c715a748f78c80587c3ed82c2a282fccb7','2026-03-30 18:18:14','2026-03-23 18:18:14'),
(109,1,'865fdd5f923dc8d270c2395e38bdd6e457883406468ec4e66ea7574ccd33586c','2026-03-30 21:37:54','2026-03-23 21:37:54'),
(110,1,'9019c6ce1a3c42f8ab71d30a6a71e5cf6608ac2db81db93ad715c2d1bf7628e1','2026-03-30 22:35:46','2026-03-23 22:35:46'),
(111,5,'e2ee63f03b1352348a035a5df006c4ea6116d2bc9851dfe29ef8b423074f2535','2026-03-30 22:36:13','2026-03-23 22:36:13'),
(112,11,'a04b0dd92a67894a82043e4355dc758c32c0d765cd2f61f9cae39eb51e508f8f','2026-03-30 22:36:48','2026-03-23 22:36:48'),
(113,11,'8283ebba8aba663c90bdab0b444df9c2b4dfe103fed7cabfbf068a6f5bb44ba5','2026-03-30 22:42:49','2026-03-23 22:42:49'),
(114,5,'cde83453b81bbbcfd022414f0d6b4f81e2364833b38dc4ab0b7f01f4ac4e1668','2026-03-30 22:45:17','2026-03-23 22:45:17'),
(115,1,'f528499518475a15a2af8f3f84cc9c245307486ec18fcc8eae06cc2d821f4296','2026-03-30 22:47:47','2026-03-23 22:47:47'),
(116,16,'60bd0d513929efd2397dbeac76fafc92f1faf0b1ffa869cae1f666b6e56e0a05','2026-03-30 23:27:33','2026-03-23 23:27:33'),
(117,1,'33452b9cf0863aa7f828278e7ccbc60dbfe2cc6c5f26ad014d0fab6328e9c667','2026-03-31 03:36:48','2026-03-24 03:36:48'),
(118,1,'a437b42f74c50a494a60e28fd3c671a99f43599662c118c914fe35bd81a1a025','2026-03-31 04:01:51','2026-03-24 04:01:51'),
(119,5,'1de35440e5e51cfa989dc2333054d8846cd6c18a5b16f19ddb662f22eec0167a','2026-03-31 04:02:35','2026-03-24 04:02:35'),
(120,5,'680efb6d4b46bf89c1a035f0b0711912e8e3972b8ff2ee2a8ca75aa19a557fef','2026-03-31 05:11:03','2026-03-24 05:11:03'),
(121,1,'8124c7b04a7a4fd3f9b4243e13fab7b285be85dab10fa576634cc87c73fd9f84','2026-03-31 05:18:55','2026-03-24 05:18:55'),
(122,5,'bf5079911561e9269d2402125a10dd437cb9fa835d4c0f92d0276a2c61e55d5e','2026-03-31 05:21:50','2026-03-24 05:21:50'),
(123,1,'eeb25d87b35c9888c2b9954c2c1ae5707952fca2b02ec81dc3e2fba6d4a454a7','2026-03-31 05:22:03','2026-03-24 05:22:03'),
(124,1,'56ca578aefbb66d01ee442a7253f65bb1c69f4706a6b800c969ae818e2cc40b0','2026-03-31 05:26:00','2026-03-24 05:26:00'),
(125,5,'c17a74a2a69098ce324fdbb3fd8e963c8f0903a6944f84551cebbf9742366dae','2026-03-31 06:09:44','2026-03-24 06:09:44'),
(126,5,'b1fbedde2a9f7cc15dd3c03a86aea99fdcc9274753cc5f15d91db743b735e5bf','2026-03-31 06:15:59','2026-03-24 06:15:59'),
(127,1,'fed5c3b457f9f4c4c673cf6f8baeda930dfb29c22e49baea26528ce8915aef15','2026-03-31 06:17:52','2026-03-24 06:17:52'),
(128,5,'c1fe435ed72ec27dc7a58f8a62e47e7db440196cad9200d086b559066d67193b','2026-03-31 06:19:10','2026-03-24 06:19:10'),
(129,11,'71338b028776e6afdbb66da173e38e34522623047be8d9ecec74b8d7f3be7944','2026-03-31 06:20:52','2026-03-24 06:20:52'),
(130,1,'abdd716cbacaeca3ca5cb436226a9889a1bee8a877a3af1cbe237341627c2ba5','2026-03-31 06:39:54','2026-03-24 06:39:54'),
(131,5,'513d97aa7823eaf1481c926aeeadf188f808420ce799f5d2524bf05f80f92813','2026-03-31 08:50:05','2026-03-24 08:50:05'),
(132,1,'1b52a816a23e20b59c011635afeae2484f943d109b8629e4d6653d5281877b63','2026-03-31 18:19:55','2026-03-24 18:19:55'),
(133,1,'34af96e1c71242dea625680a0ba1c9db970989359c95668011ac84d4ea7bb23f','2026-03-31 21:01:39','2026-03-24 21:01:39'),
(134,16,'9ea00da830fb6f8ee880c3f8a037bd20f70c4d1d3ac0155c1d9a245f5bb85529','2026-03-31 21:33:01','2026-03-24 21:33:01'),
(135,11,'51b7b5336213b065988e3a1e861f511432af86b896d5aa3ba47dbd7c6cd6189d','2026-04-01 04:31:33','2026-03-25 04:31:33'),
(136,1,'ed9537baccfa9233ea0655b5ec9d04a30475274efdca0f1a9f8337c4f0c0c7e7','2026-04-01 04:32:19','2026-03-25 04:32:19'),
(137,1,'f3192d49a3defcdba332353c72fa0b913aac012dfeddcfaf5ccf3815268ddcbf','2026-04-01 04:45:37','2026-03-25 04:45:37'),
(138,1,'2c7e0d51c4c5e73e88ddaadfc6fce1b71e9c3b5f4cef5eba4a6db6ce0f763697','2026-04-01 04:55:48','2026-03-25 04:55:48'),
(139,5,'aa11b48cbe169dfb72084b991562ea80ddb5738443f0f73dd54a4a78c190f84c','2026-04-01 07:16:17','2026-03-25 07:16:17'),
(140,1,'616812fd5ab705a10ce58148ab9f7c016bea06f13de8c2aa92dcb227a312fce7','2026-04-01 13:32:32','2026-03-25 13:32:32'),
(141,11,'0af396b61f6bf2b18c067b799b07e8af366bbc0f6ca30cccbc6a27298d5792d3','2026-04-01 13:32:55','2026-03-25 13:32:55'),
(142,1,'8a879e3ce2b1a7cb0e6fe1dffd94c4a9f784bd82c180ba18e8b36b9f9877f263','2026-04-01 14:17:59','2026-03-25 14:17:59'),
(143,1,'08d454cd48f72eee5c254178f01514529cb49de76fc09efac39a3e413f8ed67c','2026-04-01 14:19:47','2026-03-25 14:19:47'),
(144,5,'dd1a5abc596e7c6793ea83ae421bee747a7f737efe712b4176070856a75b4832','2026-04-01 14:20:08','2026-03-25 14:20:08'),
(145,1,'01352dd5196292d2aabed4144cefabb393f9c78e830e80f22e2437f4ff4b9d7d','2026-04-01 14:20:21','2026-03-25 14:20:21'),
(146,1,'0e6b01f64a571f5e7033b2ab97b3d5d41090ffdbfd62d45bd49dccf82edc972c','2026-04-01 17:00:36','2026-03-25 17:00:36'),
(147,1,'10cdf94b3df9f5d258a56d3b50bb4a9b66d6998e15b4795247b61e5c1d343073','2026-04-01 22:12:43','2026-03-25 22:12:43'),
(148,16,'091284c6b0aad54ad02ea62cbe611c1a1e2a568283424d2e222f5ef81768be04','2026-04-01 23:31:58','2026-03-25 23:31:58'),
(149,1,'6bd80daa29c3cd7944d1dd423f21bb8157ad3cc9d937fd0a1be91f45616c687c','2026-04-02 04:02:45','2026-03-26 04:02:45'),
(150,1,'3d7e7b485440d2e784aee9ba99b694819afdcd4f605f062f6efc04d8572bbbc5','2026-04-02 06:10:40','2026-03-26 06:10:40'),
(151,11,'823984828bec9cabfeec97f207e92641430091d7c71a362556f2c74524563884','2026-04-02 06:23:31','2026-03-26 06:23:31'),
(152,1,'c2d05c7cd48f9bbba9f1a6d24a4ccdaa2a6ad70a9a932ae0a9ef84c39147aab2','2026-04-02 06:23:40','2026-03-26 06:23:40'),
(153,1,'fd3f6613a10db1821d17d2f9fff6b8cb253d6b7930c875fa5ab53ef295a45e63','2026-04-02 06:27:14','2026-03-26 06:27:14'),
(154,1,'43062e9b9e8281c7c9270ce8e28b8e16de334b055f81981b4a848bb4891a8065','2026-04-02 09:11:09','2026-03-26 09:11:09'),
(155,1,'273cc2f227a6ef48978b5a8c98b2e8f7361492b1e945b282f8e16b3d3385aa1a','2026-04-02 21:38:46','2026-03-26 21:38:46'),
(156,5,'259642c120d1482f3d20ad0dd6ab85b34237819850e5d7db5cff7be454e3ed48','2026-04-02 21:39:38','2026-03-26 21:39:38'),
(157,1,'bdcb418062762883d1566dff2a14259fbf44529880e21ed5084388ecf2edca37','2026-04-02 22:37:42','2026-03-26 22:37:42'),
(158,1,'ef18a315431ffbec81f91a05ec74e4d3e9d23d75e7db80139071ab6d0b1fe54c','2026-04-03 04:58:33','2026-03-27 04:58:33'),
(159,1,'5843350e36ecabf22d69a7713ccc6195b82c78e33775e53eb483070b19c0632f','2026-04-03 10:46:59','2026-03-27 10:46:59'),
(160,1,'72c813e300c414b0edd631848591c2a8e880271e05a57defe9526a1a72911a7d','2026-04-04 05:43:23','2026-03-28 05:43:23'),
(161,1,'3e3b6bf86fee4a6d1722c107b8b1d06cbfde9f08b4a3b480c542189fd91be0f4','2026-04-05 09:39:49','2026-03-29 09:39:49'),
(162,16,'615ac8605c073569c1a562f41ed1cdcde1efb227c623d01861b1c7a82fb7e9b4','2026-04-05 21:12:18','2026-03-29 21:12:18'),
(163,1,'c491a41c930fd4ec33a38d5c63bce36dcb08e549eac94ab2d29fb7c208349f8c','2026-04-06 03:00:27','2026-03-30 03:00:27'),
(164,1,'eb25e665ed9a5d00de7477f6101949f64e4346247b642e3d8360d0fdffc7b055','2026-04-06 03:43:02','2026-03-30 03:43:02'),
(165,1,'53de03d5beff99abd0fb5d8a3c37737eeaf4543b4777dfc1599d328a2a9137f9','2026-04-07 01:34:20','2026-03-31 01:34:20'),
(166,1,'66258ca29a733bbd681001b027339f23f17f556846687097be4f412e07d18293','2026-04-07 13:51:58','2026-03-31 13:51:58'),
(167,1,'7a0479766139c6d47eb7a0db50ad2e547ff9981a6eb4e965792d40425bad547c','2026-04-07 18:51:07','2026-03-31 18:51:07'),
(168,1,'e473539e1dcf339d612447d7530e2f8e146c2fff38d9df12addf786a63cb99b3','2026-04-07 19:04:40','2026-03-31 19:04:40'),
(169,1,'e30f53c0f289cc47115acbf23c656888174a7b092d33c5fcaa7863faf4949e37','2026-04-08 00:42:30','2026-04-01 00:42:30'),
(170,1,'b8a9dc2f71a9d97f250c2d1cff62c178c635d789a954bfbf81eecacfb879b68e','2026-04-08 03:01:10','2026-04-01 03:01:10'),
(171,1,'9bcd87f549f99cf0b3f8c3049c03cb4ff02a4416c789d0773f1071ad4fb7e1a3','2026-04-08 03:13:11','2026-04-01 03:13:11'),
(172,1,'bd496f49a965e9825075ac5c9334c52de3ca2c953236072c7b96181992d15b58','2026-04-09 01:12:33','2026-04-02 01:12:33'),
(173,5,'3e03ddc0c6785745fffe419188fbce680faa2ce80aa325cb1f5779b2cfc69fd5','2026-04-09 01:35:17','2026-04-02 01:35:17'),
(174,1,'2c431ab73b39d38210accb4a120c9041597418786fd53e687bf7f83e5435d200','2026-04-09 01:35:57','2026-04-02 01:35:57'),
(175,5,'4a0033ff3ea650410323e2344524afa84616c9757df749b30fb6276e7ee238e9','2026-04-09 01:36:25','2026-04-02 01:36:25'),
(176,1,'3e8ac3a6ad46321e26e2aef9e0d0996aa33a2a3d74e0a5e54dbf51d397be606e','2026-04-09 01:37:25','2026-04-02 01:37:25'),
(177,5,'9ba6d5318eb402713b4d9a28867b3f1d8fcb90b4e6580a4889cda1474feb1532','2026-04-09 01:40:24','2026-04-02 01:40:24'),
(178,1,'b7720d4d24d4c641ab9f16717f6f50752f6abe668a44485fe35facf26db20b9e','2026-04-09 03:23:51','2026-04-02 03:23:51'),
(179,1,'a9f1350df7caa0287330c477214127f2ce5e2bd05f3eb22b6c94a3935faa4381','2026-04-09 03:57:24','2026-04-02 03:57:24'),
(180,11,'e9d825fd03225e4c7d72ad7a21a1766c6e6a4adc645c58f745da8d6043f791ce','2026-04-09 06:33:21','2026-04-02 06:33:21'),
(181,11,'8b78aff81a4efd715b46a1c32eae93a2acd61acd9e821884077aebf3b68a8b85','2026-04-09 07:39:29','2026-04-02 07:39:29'),
(182,5,'3fe50d554830109f60310508ec798c28b76fa56187d7c95a9729f21207ca3df3','2026-04-09 08:14:12','2026-04-02 08:14:12'),
(183,11,'b63c68a86b54c282ff8aae5192e70a333855eb2da6cf90435ca68e0f1ca57cf4','2026-04-09 08:25:29','2026-04-02 08:25:29'),
(184,5,'e3084ea5376fc808e1ad0aabf53b23f291c8ef2b5382f52aad78a8df25978deb','2026-04-09 08:42:52','2026-04-02 08:42:52');
/*!40000 ALTER TABLE `refresh_tokens` ENABLE KEYS */;
UNLOCK TABLES;

--
-- Table structure for table `retailer_project_assignees`
--

DROP TABLE IF EXISTS `retailer_project_assignees`;
/*!40101 SET @saved_cs_client     = @@character_set_client */;
/*!40101 SET character_set_client = utf8mb4 */;
CREATE TABLE `retailer_project_assignees` (
  `project_id` bigint(20) unsigned NOT NULL,
  `employee_id` int(10) unsigned NOT NULL,
  `company_id` int(10) unsigned NOT NULL,
  `assigned_at` datetime NOT NULL DEFAULT current_timestamp(),
  `assigned_by` bigint(20) unsigned DEFAULT NULL,
  PRIMARY KEY (`project_id`,`employee_id`,`company_id`),
  KEY `idx_rpa_company` (`company_id`),
  KEY `idx_rpa_employee` (`employee_id`),
  CONSTRAINT `fk_rpa_employee` FOREIGN KEY (`employee_id`) REFERENCES `employees` (`id`) ON DELETE CASCADE ON UPDATE CASCADE,
  CONSTRAINT `fk_rpa_project` FOREIGN KEY (`project_id`) REFERENCES `retailer_projects` (`id`) ON DELETE CASCADE ON UPDATE CASCADE
) ENGINE=InnoDB DEFAULT CHARSET=utf8mb4 COLLATE=utf8mb4_unicode_ci;
/*!40101 SET character_set_client = @saved_cs_client */;

--
-- Dumping data for table `retailer_project_assignees`
--

LOCK TABLES `retailer_project_assignees` WRITE;
/*!40000 ALTER TABLE `retailer_project_assignees` DISABLE KEYS */;
INSERT INTO `retailer_project_assignees` VALUES
(2,4,1,'2026-03-12 13:47:01',1),
(2,5,1,'2026-03-12 13:47:01',1),
(2,6,1,'2026-03-12 13:47:01',1),
(3,1,1,'2026-03-19 13:43:04',1),
(3,2,1,'2026-03-19 13:43:04',1),
(3,3,1,'2026-03-19 13:43:04',1),
(3,4,1,'2026-03-19 13:43:04',1),
(3,5,1,'2026-03-19 13:43:04',1),
(3,6,1,'2026-03-19 13:43:04',1),
(3,7,1,'2026-03-19 13:43:04',1),
(4,3,1,'2026-03-23 01:22:39',1),
(4,4,1,'2026-03-23 01:22:39',1),
(4,5,1,'2026-03-23 01:22:39',1),
(4,7,1,'2026-03-23 01:22:39',1),
(4,8,1,'2026-03-23 01:22:39',1),
(4,10,1,'2026-03-23 01:22:39',1),
(6,1,1,'2026-03-23 02:14:08',1),
(6,2,1,'2026-03-23 02:14:08',1),
(6,3,1,'2026-03-23 02:14:08',1),
(6,4,1,'2026-03-23 02:14:08',1),
(6,5,1,'2026-03-23 02:14:08',1),
(6,6,1,'2026-03-23 02:14:08',1),
(6,7,1,'2026-03-23 02:14:08',1),
(6,8,1,'2026-03-23 02:14:08',1),
(6,10,1,'2026-03-23 02:14:08',1),
(6,11,1,'2026-03-23 02:14:08',1),
(6,13,1,'2026-03-23 02:14:08',1),
(7,1,1,'2026-03-26 01:06:55',16),
(7,3,1,'2026-03-26 01:06:55',16),
(7,4,1,'2026-03-26 01:06:55',16),
(7,5,1,'2026-03-26 01:06:55',16);
/*!40000 ALTER TABLE `retailer_project_assignees` ENABLE KEYS */;
UNLOCK TABLES;

--
-- Table structure for table `retailer_project_documents`
--

DROP TABLE IF EXISTS `retailer_project_documents`;
/*!40101 SET @saved_cs_client     = @@character_set_client */;
/*!40101 SET character_set_client = utf8mb4 */;
CREATE TABLE `retailer_project_documents` (
  `id` bigint(20) unsigned NOT NULL AUTO_INCREMENT,
  `project_id` bigint(20) unsigned NOT NULL,
  `filename` varchar(255) NOT NULL,
  `storage_url` varchar(1024) NOT NULL,
  `uploaded_by` bigint(20) unsigned DEFAULT NULL,
  `created_at` timestamp NOT NULL DEFAULT current_timestamp(),
  PRIMARY KEY (`id`),
  KEY `fk_retailer_docs_project` (`project_id`),
  CONSTRAINT `fk_retailer_docs_project` FOREIGN KEY (`project_id`) REFERENCES `retailer_projects` (`id`) ON DELETE CASCADE
) ENGINE=InnoDB DEFAULT CHARSET=utf8mb4 COLLATE=utf8mb4_unicode_ci;
/*!40101 SET character_set_client = @saved_cs_client */;

--
-- Dumping data for table `retailer_project_documents`
--

LOCK TABLES `retailer_project_documents` WRITE;
/*!40000 ALTER TABLE `retailer_project_documents` DISABLE KEYS */;
/*!40000 ALTER TABLE `retailer_project_documents` ENABLE KEYS */;
UNLOCK TABLES;

--
-- Table structure for table `retailer_project_notes`
--

DROP TABLE IF EXISTS `retailer_project_notes`;
/*!40101 SET @saved_cs_client     = @@character_set_client */;
/*!40101 SET character_set_client = utf8mb4 */;
CREATE TABLE `retailer_project_notes` (
  `id` bigint(20) unsigned NOT NULL AUTO_INCREMENT,
  `project_id` bigint(20) unsigned NOT NULL,
  `body` text NOT NULL,
  `created_by` bigint(20) unsigned DEFAULT NULL,
  `created_at` timestamp NOT NULL DEFAULT current_timestamp(),
  PRIMARY KEY (`id`),
  KEY `fk_retailer_notes_project` (`project_id`),
  CONSTRAINT `fk_retailer_notes_project` FOREIGN KEY (`project_id`) REFERENCES `retailer_projects` (`id`) ON DELETE CASCADE
) ENGINE=InnoDB AUTO_INCREMENT=2 DEFAULT CHARSET=utf8mb4 COLLATE=utf8mb4_unicode_ci;
/*!40101 SET character_set_client = @saved_cs_client */;

--
-- Dumping data for table `retailer_project_notes`
--

LOCK TABLES `retailer_project_notes` WRITE;
/*!40000 ALTER TABLE `retailer_project_notes` DISABLE KEYS */;
INSERT INTO `retailer_project_notes` VALUES
(1,4,'hello,  Who am I communicating to?',1,'2026-03-23 01:19:49');
/*!40000 ALTER TABLE `retailer_project_notes` ENABLE KEYS */;
UNLOCK TABLES;

--
-- Table structure for table `retailer_project_schedules`
--

DROP TABLE IF EXISTS `retailer_project_schedules`;
/*!40101 SET @saved_cs_client     = @@character_set_client */;
/*!40101 SET character_set_client = utf8mb4 */;
CREATE TABLE `retailer_project_schedules` (
  `id` bigint(20) unsigned NOT NULL AUTO_INCREMENT,
  `company_id` int(10) unsigned NOT NULL,
  `project_id` bigint(20) unsigned NOT NULL,
  `job_type` enum('site_inspection','stage_one','stage_two','full_system') NOT NULL,
  `scheduled_date` date NOT NULL,
  `scheduled_time` time DEFAULT NULL,
  `scheduled_at` datetime DEFAULT NULL,
  `notes` text DEFAULT NULL,
  `created_by` bigint(20) unsigned DEFAULT NULL,
  `updated_by` bigint(20) unsigned DEFAULT NULL,
  `created_at` datetime NOT NULL DEFAULT current_timestamp(),
  `updated_at` datetime NOT NULL DEFAULT current_timestamp() ON UPDATE current_timestamp(),
  PRIMARY KEY (`id`),
  UNIQUE KEY `uk_retailer_project_schedule_project` (`company_id`,`project_id`),
  KEY `idx_retailer_project_schedule_company` (`company_id`),
  KEY `idx_retailer_project_schedule_date` (`scheduled_date`),
  KEY `fk_rps_project` (`project_id`),
  CONSTRAINT `fk_rps_project` FOREIGN KEY (`project_id`) REFERENCES `retailer_projects` (`id`) ON DELETE CASCADE ON UPDATE CASCADE
) ENGINE=InnoDB AUTO_INCREMENT=31 DEFAULT CHARSET=utf8mb4 COLLATE=utf8mb4_unicode_ci;
/*!40101 SET character_set_client = @saved_cs_client */;

--
-- Dumping data for table `retailer_project_schedules`
--

LOCK TABLES `retailer_project_schedules` WRITE;
/*!40000 ALTER TABLE `retailer_project_schedules` DISABLE KEYS */;
INSERT INTO `retailer_project_schedules` VALUES
(1,1,2,'site_inspection','2026-03-14','05:00:00','2026-03-15 13:00:00',NULL,1,1,'2026-03-12 12:06:36','2026-03-13 00:30:50'),
(10,1,1,'stage_one','2026-03-17',NULL,'2026-03-17 13:00:00',NULL,1,1,'2026-03-13 12:27:39','2026-03-13 12:27:50'),
(12,1,3,'full_system','2026-03-19',NULL,'2026-03-19 00:00:00',NULL,1,1,'2026-03-19 13:17:31','2026-03-19 13:36:44'),
(23,1,4,'full_system','2026-03-29',NULL,'2026-03-29 00:00:00','TESTING ',1,1,'2026-03-23 01:18:02','2026-03-23 01:22:39'),
(25,1,5,'stage_one','2026-04-05',NULL,'2026-04-05 00:00:00',NULL,1,1,'2026-03-23 01:27:34','2026-03-23 02:16:58'),
(26,1,6,'stage_one','2026-03-29',NULL,'2026-03-29 00:00:00',NULL,1,1,'2026-03-23 01:48:24','2026-03-23 01:48:24'),
(28,1,7,'stage_one','2026-03-31',NULL,'2026-03-31 00:00:00','Just for testing purposes ',16,16,'2026-03-26 01:05:45','2026-03-26 01:06:55'),
(30,1,8,'stage_one','2026-03-28',NULL,'2026-03-28 00:00:00',NULL,1,1,'2026-03-26 01:18:28','2026-03-26 01:18:28');
/*!40000 ALTER TABLE `retailer_project_schedules` ENABLE KEYS */;
UNLOCK TABLES;

--
-- Table structure for table `retailer_projects`
--

DROP TABLE IF EXISTS `retailer_projects`;
/*!40101 SET @saved_cs_client     = @@character_set_client */;
/*!40101 SET character_set_client = utf8mb4 */;
CREATE TABLE `retailer_projects` (
  `id` bigint(20) unsigned NOT NULL AUTO_INCREMENT,
  `company_id` int(10) unsigned NOT NULL,
  `code` varchar(20) NOT NULL,
  `job_type` enum('site_inspection','stage_one','stage_two','full_system') DEFAULT NULL,
  `stage` enum('new','site_inspection','stage_one','stage_two','full_system','cancelled','scheduled','to_be_rescheduled','installation_in_progress','installation_completed','ces_certificate_applied','ces_certificate_received','ces_certificate_submitted','done') NOT NULL DEFAULT 'new',
  `customer_name` varchar(150) NOT NULL,
  `customer_email` varchar(255) DEFAULT NULL,
  `customer_contact` varchar(50) DEFAULT NULL,
  `address` varchar(255) DEFAULT NULL,
  `location_url` varchar(1024) DEFAULT NULL,
  `client_type` varchar(100) DEFAULT NULL,
  `client_name` varchar(150) DEFAULT NULL,
  `system_type` varchar(100) DEFAULT NULL,
  `suburb` varchar(150) DEFAULT NULL,
  `system_size_kw` decimal(10,2) DEFAULT NULL,
  `house_storey` varchar(50) DEFAULT NULL,
  `roof_type` varchar(80) DEFAULT NULL,
  `meter_phase` varchar(40) DEFAULT NULL,
  `access_to_two_storey` varchar(20) DEFAULT NULL,
  `access_to_inverter` varchar(20) DEFAULT NULL,
  `value_amount` decimal(14,2) DEFAULT NULL,
  `lead_id` bigint(20) unsigned DEFAULT NULL,
  `notes` text DEFAULT NULL,
  `created_at` datetime NOT NULL DEFAULT current_timestamp(),
  `updated_at` datetime NOT NULL DEFAULT current_timestamp() ON UPDATE current_timestamp(),
  `expected_completion_date` date DEFAULT NULL,
  `pv_system_size_kw` decimal(10,2) DEFAULT NULL,
  `pv_inverter_size_kw` decimal(10,2) DEFAULT NULL,
  `pv_inverter_brand` varchar(120) DEFAULT NULL,
  `pv_panel_brand` varchar(120) DEFAULT NULL,
  `pv_panel_module_watts` int(11) DEFAULT NULL,
  `ev_charger_brand` varchar(120) DEFAULT NULL,
  `ev_charger_model` varchar(120) DEFAULT NULL,
  `battery_size_kwh` decimal(10,2) DEFAULT NULL,
  `battery_brand` varchar(120) DEFAULT NULL,
  `battery_model` varchar(120) DEFAULT NULL,
  `pre_approval_reference_no` varchar(100) DEFAULT NULL,
  `energy_retailer` varchar(120) DEFAULT NULL,
  `energy_distributor` varchar(120) DEFAULT NULL,
  `solar_vic_eligibility` tinyint(1) DEFAULT NULL,
  `nmi_number` varchar(50) DEFAULT NULL,
  `meter_number` varchar(50) DEFAULT NULL,
  PRIMARY KEY (`id`),
  UNIQUE KEY `uk_retailer_projects_code` (`code`),
  KEY `idx_retailer_projects_company` (`company_id`),
  KEY `idx_retailer_projects_stage` (`stage`)
) ENGINE=InnoDB AUTO_INCREMENT=9 DEFAULT CHARSET=utf8mb4 COLLATE=utf8mb4_unicode_ci;
/*!40101 SET character_set_client = @saved_cs_client */;

--
-- Dumping data for table `retailer_projects`
--

LOCK TABLES `retailer_projects` WRITE;
/*!40000 ALTER TABLE `retailer_projects` DISABLE KEYS */;
INSERT INTO `retailer_projects` VALUES
(1,1,'PRJ-01','stage_one','ces_certificate_received','tét',NULL,NULL,'Burrows Ave',NULL,NULL,NULL,NULL,'Dandenong',1000.00,NULL,NULL,NULL,NULL,NULL,50.00,NULL,NULL,'2026-03-12 11:46:45','2026-03-13 12:27:50',NULL,NULL,NULL,NULL,NULL,NULL,NULL,NULL,NULL,NULL,NULL,NULL,NULL,NULL,NULL,NULL,NULL),
(2,1,'PRJ-02','site_inspection','scheduled','Lê Nguyễn Nhựt Minh','test@gmail.com','0433193725','Burrows Ave',NULL,'Commercial','rewqr','Solar PV',NULL,50.00,'Single','Tile','Two Phase','No','Yes',500.00,NULL,NULL,'2026-03-12 12:06:36','2026-03-12 15:05:01',NULL,NULL,NULL,NULL,NULL,NULL,NULL,NULL,NULL,NULL,NULL,NULL,NULL,NULL,NULL,NULL,NULL),
(3,1,'PRJ-03','full_system','installation_in_progress','Lê Nguyễn Nhựt Minh',NULL,NULL,'Burrows Ave',NULL,NULL,NULL,NULL,NULL,NULL,NULL,NULL,NULL,NULL,NULL,NULL,NULL,NULL,'2026-03-19 13:17:31','2026-04-02 08:43:34',NULL,NULL,NULL,NULL,NULL,NULL,NULL,NULL,NULL,NULL,NULL,NULL,NULL,NULL,NULL,NULL,NULL),
(4,1,'PRJ-04','full_system','installation_in_progress','ABBY','abc.gmail.com','0411 210 222','123 Fake st Fakeville ',NULL,'Residential','CHROMAGEN','Solar PV',NULL,5.00,'Single','Tile','Single Phase','Yes','Yes',2000.00,NULL,'TESTING ','2026-03-23 01:18:02','2026-03-23 03:11:27','2026-03-29',NULL,NULL,NULL,NULL,NULL,NULL,NULL,NULL,NULL,NULL,NULL,NULL,NULL,NULL,NULL,NULL),
(5,1,'PRJ-05','stage_one','installation_in_progress','SINDY','sind.gmail.com','0411 000 222 ','125 Canterbury rd Vermont ','125 Canterbury rd Vermont (not working)','Residential','CHROMAGEN ',NULL,NULL,NULL,NULL,NULL,NULL,NULL,NULL,1000.00,NULL,NULL,'2026-03-23 01:27:34','2026-04-01 03:15:43','2026-04-05',NULL,NULL,NULL,NULL,NULL,NULL,NULL,NULL,NULL,NULL,NULL,NULL,NULL,NULL,NULL,NULL),
(6,1,'PRJ-06','stage_one','stage_one','test','tester.gamil.com','000 111 000','hello st Bartonville ',NULL,'Residential','chromagen ','Battery',NULL,5.00,'Single','Tile','Single Phase','Yes','Yes',200.00,NULL,NULL,'2026-03-23 01:48:24','2026-03-23 01:48:24',NULL,NULL,NULL,NULL,NULL,NULL,NULL,NULL,NULL,NULL,NULL,NULL,NULL,NULL,NULL,NULL,NULL),
(7,1,'PRJ-07','stage_one','stage_one','Wally','wally@tester.com','111 222 333 ','123 Fake st fakeville ',NULL,'Residential','CHROMAGEN','Solar PV',NULL,10.00,'Single','Tile','Three Phase','No','Yes',2800.00,NULL,'Just for testing purposes ','2026-03-26 01:05:45','2026-03-26 01:06:55',NULL,NULL,NULL,NULL,NULL,NULL,NULL,NULL,NULL,NULL,NULL,NULL,NULL,NULL,NULL,NULL,NULL),
(8,1,'PRJ-08','stage_one','stage_one','1','1','1','1','1','Residential','1','PV + Battery',NULL,1.00,'Single','Metal (Colorbond)','Single Phase','Yes','Yes',1.00,NULL,NULL,'2026-03-26 01:18:28','2026-03-26 01:18:28',NULL,1.00,1.00,'1','1',1,NULL,NULL,1.00,'1','1','11111','1',NULL,1,'1','1');
/*!40000 ALTER TABLE `retailer_projects` ENABLE KEYS */;
UNLOCK TABLES;

--
-- Table structure for table `role_permissions`
--

DROP TABLE IF EXISTS `role_permissions`;
/*!40101 SET @saved_cs_client     = @@character_set_client */;
/*!40101 SET character_set_client = utf8mb4 */;
CREATE TABLE `role_permissions` (
  `role_id` tinyint(3) unsigned NOT NULL,
  `permission_id` int(10) unsigned NOT NULL,
  `created_at` timestamp NOT NULL DEFAULT current_timestamp(),
  PRIMARY KEY (`role_id`,`permission_id`),
  KEY `permission_id` (`permission_id`),
  CONSTRAINT `role_permissions_ibfk_1` FOREIGN KEY (`role_id`) REFERENCES `roles` (`id`) ON DELETE CASCADE,
  CONSTRAINT `role_permissions_ibfk_2` FOREIGN KEY (`permission_id`) REFERENCES `permissions` (`id`) ON DELETE CASCADE
) ENGINE=InnoDB DEFAULT CHARSET=utf8mb4 COLLATE=utf8mb4_unicode_ci;
/*!40101 SET character_set_client = @saved_cs_client */;

--
-- Dumping data for table `role_permissions`
--

LOCK TABLES `role_permissions` WRITE;
/*!40000 ALTER TABLE `role_permissions` DISABLE KEYS */;
INSERT INTO `role_permissions` VALUES
(1,1,'2026-02-24 01:56:11'),
(2,2,'2026-02-24 01:56:11'),
(2,3,'2026-02-24 01:56:11'),
(2,4,'2026-02-24 01:56:11'),
(2,7,'2026-02-24 01:56:11'),
(2,8,'2026-02-24 01:56:11'),
(2,9,'2026-02-24 01:56:11'),
(2,10,'2026-02-24 01:56:11'),
(2,11,'2026-02-24 01:56:11'),
(2,12,'2026-02-24 01:56:11'),
(2,13,'2026-02-24 01:56:11'),
(2,14,'2026-02-24 01:56:11'),
(2,15,'2026-02-24 01:56:11'),
(2,16,'2026-02-24 01:56:11'),
(2,17,'2026-02-24 01:56:11'),
(2,18,'2026-02-24 01:56:11'),
(2,19,'2026-02-24 01:56:11'),
(2,20,'2026-02-24 01:56:11'),
(2,21,'2026-02-24 01:56:11'),
(2,22,'2026-02-24 01:56:11'),
(2,23,'2026-02-24 01:56:11'),
(2,24,'2026-02-24 01:56:11'),
(2,25,'2026-02-24 01:56:11'),
(2,26,'2026-02-24 01:56:11'),
(3,2,'2026-02-24 01:56:11'),
(3,3,'2026-02-24 01:56:11'),
(3,4,'2026-02-24 01:56:11'),
(3,7,'2026-02-24 01:56:11'),
(3,8,'2026-02-24 01:56:11'),
(3,9,'2026-02-24 01:56:11'),
(3,10,'2026-02-24 01:56:11'),
(3,11,'2026-02-24 01:56:11'),
(3,12,'2026-02-24 01:56:11'),
(3,13,'2026-02-24 01:56:11'),
(3,14,'2026-02-24 01:56:11'),
(3,15,'2026-02-24 01:56:11'),
(3,17,'2026-02-24 01:56:11'),
(3,18,'2026-02-24 01:56:11'),
(3,19,'2026-02-24 01:56:11'),
(3,21,'2026-02-24 01:56:11'),
(3,22,'2026-02-24 01:56:11'),
(3,23,'2026-02-24 01:56:11'),
(4,2,'2026-02-24 01:56:11'),
(4,3,'2026-02-24 01:56:11'),
(4,4,'2026-02-24 01:56:11'),
(4,7,'2026-02-25 01:43:37'),
(4,10,'2026-02-24 01:56:11'),
(4,13,'2026-02-24 01:56:11'),
(4,14,'2026-02-24 01:56:11'),
(4,17,'2026-02-24 01:56:11'),
(4,18,'2026-02-24 01:56:11'),
(4,21,'2026-02-24 01:56:11'),
(4,22,'2026-02-24 01:56:11');
/*!40000 ALTER TABLE `role_permissions` ENABLE KEYS */;
UNLOCK TABLES;

--
-- Table structure for table `roles`
--

DROP TABLE IF EXISTS `roles`;
/*!40101 SET @saved_cs_client     = @@character_set_client */;
/*!40101 SET character_set_client = utf8mb4 */;
CREATE TABLE `roles` (
  `id` tinyint(3) unsigned NOT NULL AUTO_INCREMENT,
  `name` varchar(50) NOT NULL,
  `description` varchar(255) DEFAULT NULL,
  `created_at` timestamp NOT NULL DEFAULT current_timestamp(),
  PRIMARY KEY (`id`),
  UNIQUE KEY `name` (`name`)
) ENGINE=InnoDB AUTO_INCREMENT=9 DEFAULT CHARSET=utf8mb4 COLLATE=utf8mb4_unicode_ci;
/*!40101 SET character_set_client = @saved_cs_client */;

--
-- Dumping data for table `roles`
--

LOCK TABLES `roles` WRITE;
/*!40000 ALTER TABLE `roles` DISABLE KEYS */;
INSERT INTO `roles` VALUES
(1,'super_admin','Platform-wide admin','2026-02-08 23:02:28'),
(2,'company_admin','Company-level admin','2026-02-08 23:02:28'),
(3,'manager','Team/region manager','2026-02-08 23:02:28'),
(4,'field_agent','Field operations','2026-02-08 23:02:28');
/*!40000 ALTER TABLE `roles` ENABLE KEYS */;
UNLOCK TABLES;

--
-- Table structure for table `schema_migrations`
--

DROP TABLE IF EXISTS `schema_migrations`;
/*!40101 SET @saved_cs_client     = @@character_set_client */;
/*!40101 SET character_set_client = utf8mb4 */;
CREATE TABLE `schema_migrations` (
  `version` varchar(100) NOT NULL,
  `description` varchar(255) DEFAULT NULL,
  `executed_at` datetime NOT NULL DEFAULT current_timestamp(),
  `duration_ms` int(10) unsigned NOT NULL DEFAULT 0,
  PRIMARY KEY (`version`)
) ENGINE=InnoDB DEFAULT CHARSET=utf8mb4 COLLATE=utf8mb4_general_ci;
/*!40101 SET character_set_client = @saved_cs_client */;

--
-- Dumping data for table `schema_migrations`
--

LOCK TABLES `schema_migrations` WRITE;
/*!40000 ALTER TABLE `schema_migrations` DISABLE KEYS */;
INSERT INTO `schema_migrations` VALUES
('V001__multi_tenant','Company types, modules, and tenant columns','2026-03-12 10:40:44',5321),
('V002__rbac','Permissions, role_permissions, custom_roles','2026-03-12 10:40:44',116),
('V003__user_profile','User profile and notification columns','2026-03-12 10:40:44',493),
('V004__solarquotes','External ID and marketing payload on leads','2026-03-12 10:40:45',1071),
('V005__attendance','Employee attendance table','2026-03-12 10:40:45',96),
('V006__attendance_edit_requests','Attendance edit request table','2026-03-12 10:40:45',19),
('V007__leave','Leave balances and requests','2026-03-12 10:40:46',63),
('V008__expenses','Expense claims table','2026-03-12 10:40:46',90);
/*!40000 ALTER TABLE `schema_migrations` ENABLE KEYS */;
UNLOCK TABLES;

--
-- Table structure for table `site_inspection_checklist_templates`
--

DROP TABLE IF EXISTS `site_inspection_checklist_templates`;
/*!40101 SET @saved_cs_client     = @@character_set_client */;
/*!40101 SET character_set_client = utf8mb4 */;
CREATE TABLE `site_inspection_checklist_templates` (
  `id` int(10) unsigned NOT NULL AUTO_INCREMENT,
  `company_id` int(10) unsigned DEFAULT NULL,
  `name` varchar(255) NOT NULL,
  `description` text DEFAULT NULL,
  `items` longtext CHARACTER SET utf8mb4 COLLATE utf8mb4_bin NOT NULL CHECK (json_valid(`items`)),
  `is_active` tinyint(1) DEFAULT 1,
  `created_at` timestamp NOT NULL DEFAULT current_timestamp(),
  `updated_at` timestamp NULL DEFAULT NULL ON UPDATE current_timestamp(),
  PRIMARY KEY (`id`),
  KEY `fk_checklist_template_company` (`company_id`),
  CONSTRAINT `fk_checklist_template_company` FOREIGN KEY (`company_id`) REFERENCES `companies` (`id`) ON DELETE CASCADE
) ENGINE=InnoDB AUTO_INCREMENT=5 DEFAULT CHARSET=utf8mb4 COLLATE=utf8mb4_general_ci;
/*!40101 SET character_set_client = @saved_cs_client */;

--
-- Dumping data for table `site_inspection_checklist_templates`
--

LOCK TABLES `site_inspection_checklist_templates` WRITE;
/*!40000 ALTER TABLE `site_inspection_checklist_templates` DISABLE KEYS */;
INSERT INTO `site_inspection_checklist_templates` VALUES
(1,NULL,'Solar Installation','Standard solar inspection','[{\"text\": \"Roof condition\", \"order\": 1}, {\"text\": \"Safety harness\", \"order\": 2}]',1,'2026-03-25 05:10:05',NULL),
(2,NULL,'Electrical Check','Electrical inspection','[{\"text\":\"Switchboard test\",\"order\":1},{\"text\":\"Circuit breaker\",\"order\":2}]',1,'2026-03-25 05:10:05','2026-03-25 05:10:23'),
(3,NULL,'Roof Assessment','Roof safety check','[{\"text\": \"Material check\", \"order\": 1}, {\"text\": \"Leak check\", \"order\": 2}]',1,'2026-03-25 05:10:05',NULL),
(4,NULL,'Safety Compliance','General safety','[{\"text\": \"Signage check\", \"order\": 1}, {\"text\": \"PPE check\", \"order\": 2}]',1,'2026-03-25 05:10:05',NULL);
/*!40000 ALTER TABLE `site_inspection_checklist_templates` ENABLE KEYS */;
UNLOCK TABLES;

--
-- Table structure for table `support_ticket_replies`
--

DROP TABLE IF EXISTS `support_ticket_replies`;
/*!40101 SET @saved_cs_client     = @@character_set_client */;
/*!40101 SET character_set_client = utf8mb4 */;
CREATE TABLE `support_ticket_replies` (
  `id` int(10) unsigned NOT NULL AUTO_INCREMENT,
  `ticket_id` int(10) unsigned NOT NULL,
  `author_type` enum('customer','staff') NOT NULL,
  `author_lead_id` bigint(20) unsigned DEFAULT NULL,
  `author_user_id` int(10) unsigned DEFAULT NULL,
  `body` text NOT NULL,
  `created_at` timestamp NULL DEFAULT current_timestamp(),
  PRIMARY KEY (`id`),
  KEY `idx_replies_ticket` (`ticket_id`),
  KEY `idx_replies_created` (`ticket_id`,`created_at`),
  KEY `author_lead_id` (`author_lead_id`),
  KEY `author_user_id` (`author_user_id`),
  CONSTRAINT `support_ticket_replies_ibfk_1` FOREIGN KEY (`ticket_id`) REFERENCES `support_tickets` (`id`) ON DELETE CASCADE,
  CONSTRAINT `support_ticket_replies_ibfk_2` FOREIGN KEY (`author_lead_id`) REFERENCES `leads` (`id`) ON DELETE SET NULL,
  CONSTRAINT `support_ticket_replies_ibfk_3` FOREIGN KEY (`author_user_id`) REFERENCES `users` (`id`) ON DELETE SET NULL
) ENGINE=InnoDB AUTO_INCREMENT=2 DEFAULT CHARSET=utf8mb4 COLLATE=utf8mb4_unicode_ci;
/*!40101 SET character_set_client = @saved_cs_client */;

--
-- Dumping data for table `support_ticket_replies`
--

LOCK TABLES `support_ticket_replies` WRITE;
/*!40000 ALTER TABLE `support_ticket_replies` DISABLE KEYS */;
INSERT INTO `support_ticket_replies` VALUES
(1,1,'customer',119,NULL,'tessst','2026-04-01 00:46:56');
/*!40000 ALTER TABLE `support_ticket_replies` ENABLE KEYS */;
UNLOCK TABLES;

--
-- Table structure for table `support_tickets`
--

DROP TABLE IF EXISTS `support_tickets`;
/*!40101 SET @saved_cs_client     = @@character_set_client */;
/*!40101 SET character_set_client = utf8mb4 */;
CREATE TABLE `support_tickets` (
  `id` int(10) unsigned NOT NULL AUTO_INCREMENT,
  `lead_id` bigint(20) unsigned NOT NULL,
  `company_id` int(10) unsigned DEFAULT NULL,
  `subject` varchar(255) NOT NULL,
  `category` enum('installation','referral','others') NOT NULL DEFAULT 'installation',
  `category_other` varchar(255) DEFAULT NULL,
  `body` text NOT NULL,
  `status` enum('open','in_progress','resolved','closed','withdrawn') NOT NULL DEFAULT 'open',
  `priority` enum('low','medium','high','urgent') NOT NULL DEFAULT 'medium',
  `assigned_user_id` int(10) unsigned DEFAULT NULL,
  `created_at` timestamp NULL DEFAULT current_timestamp(),
  `updated_at` timestamp NULL DEFAULT current_timestamp() ON UPDATE current_timestamp(),
  `response_due_at` datetime DEFAULT NULL,
  `first_staff_reply_at` datetime DEFAULT NULL,
  `company_compensation_amount` decimal(10,2) NOT NULL DEFAULT 0.00,
  `xvrything_compensation_amount` decimal(10,2) NOT NULL DEFAULT 0.00,
  `compensation_status` enum('none','company_due','company_paid','xvrything_paid','company_removed') NOT NULL DEFAULT 'none',
  `company_compensation_paid_at` datetime DEFAULT NULL,
  `xvrything_compensation_paid_at` datetime DEFAULT NULL,
  `company_removed_at` datetime DEFAULT NULL,
  `policy_snapshot_json` longtext CHARACTER SET utf8mb4 COLLATE utf8mb4_bin DEFAULT NULL CHECK (json_valid(`policy_snapshot_json`)),
  PRIMARY KEY (`id`),
  KEY `idx_support_tickets_lead` (`lead_id`),
  KEY `idx_support_tickets_company` (`company_id`),
  KEY `idx_support_tickets_assigned` (`assigned_user_id`),
  KEY `idx_support_tickets_status` (`status`),
  KEY `idx_support_tickets_created` (`created_at`),
  CONSTRAINT `support_tickets_ibfk_1` FOREIGN KEY (`lead_id`) REFERENCES `leads` (`id`) ON DELETE CASCADE,
  CONSTRAINT `support_tickets_ibfk_2` FOREIGN KEY (`company_id`) REFERENCES `companies` (`id`) ON DELETE SET NULL,
  CONSTRAINT `support_tickets_ibfk_3` FOREIGN KEY (`assigned_user_id`) REFERENCES `users` (`id`) ON DELETE SET NULL
) ENGINE=InnoDB AUTO_INCREMENT=2 DEFAULT CHARSET=utf8mb4 COLLATE=utf8mb4_unicode_ci;
/*!40101 SET character_set_client = @saved_cs_client */;

--
-- Dumping data for table `support_tickets`
--

LOCK TABLES `support_tickets` WRITE;
/*!40000 ALTER TABLE `support_tickets` DISABLE KEYS */;
INSERT INTO `support_tickets` VALUES
(1,119,NULL,'test','installation',NULL,'tessst','open','urgent',NULL,'2026-04-01 00:46:56','2026-04-01 00:46:56',NULL,NULL,0.00,0.00,'none',NULL,NULL,NULL,NULL);
/*!40000 ALTER TABLE `support_tickets` ENABLE KEYS */;
UNLOCK TABLES;

--
-- Table structure for table `trial_users`
--

DROP TABLE IF EXISTS `trial_users`;
/*!40101 SET @saved_cs_client     = @@character_set_client */;
/*!40101 SET character_set_client = utf8mb4 */;
CREATE TABLE `trial_users` (
  `id` int(10) unsigned NOT NULL AUTO_INCREMENT,
  `name` varchar(150) NOT NULL,
  `phone` varchar(32) DEFAULT NULL,
  `email` varchar(191) NOT NULL,
  `created_at` datetime NOT NULL DEFAULT current_timestamp(),
  `updated_at` datetime NOT NULL DEFAULT current_timestamp() ON UPDATE current_timestamp(),
  PRIMARY KEY (`id`),
  UNIQUE KEY `uq_trial_users_email` (`email`),
  KEY `idx_trial_users_created_at` (`created_at`)
) ENGINE=InnoDB AUTO_INCREMENT=7 DEFAULT CHARSET=utf8mb4 COLLATE=utf8mb4_unicode_ci;
/*!40101 SET character_set_client = @saved_cs_client */;

--
-- Dumping data for table `trial_users`
--

LOCK TABLES `trial_users` WRITE;
/*!40000 ALTER TABLE `trial_users` DISABLE KEYS */;
INSERT INTO `trial_users` VALUES
(1,'Lê Nguyễn Nhựt Minh','+61433193725','lenguyennhutminh4@gmail.com','2026-03-04 00:14:17','2026-03-04 00:14:17'),
(2,'abcxyz','123456789','test123@gmail.com','2026-03-04 09:10:45','2026-03-04 09:10:45'),
(3,'tes','123456789','1@gmail.com','2026-03-04 09:12:16','2026-03-04 09:12:16'),
(4,'qwer','123456789','123@gmail.com','2026-03-04 09:12:40','2026-03-04 09:12:40'),
(5,'test','123456789','testing@gmail.com','2026-03-04 09:15:57','2026-03-04 09:15:57');
/*!40000 ALTER TABLE `trial_users` ENABLE KEYS */;
UNLOCK TABLES;

--
-- Table structure for table `users`
--

DROP TABLE IF EXISTS `users`;
/*!40101 SET @saved_cs_client     = @@character_set_client */;
/*!40101 SET character_set_client = utf8mb4 */;
CREATE TABLE `users` (
  `id` int(10) unsigned NOT NULL AUTO_INCREMENT,
  `company_id` int(10) unsigned DEFAULT NULL,
  `role_id` tinyint(3) unsigned NOT NULL,
  `custom_role_id` int(10) unsigned DEFAULT NULL,
  `email` varchar(255) NOT NULL,
  `password_hash` varchar(255) NOT NULL,
  `name` varchar(255) NOT NULL,
  `phone` varchar(32) DEFAULT NULL,
  `abn` varchar(32) DEFAULT NULL,
  `image_url` varchar(255) DEFAULT NULL,
  `status` enum('active','inactive','pending') NOT NULL DEFAULT 'active',
  `must_change_password` tinyint(1) NOT NULL DEFAULT 0,
  `last_login_at` timestamp NULL DEFAULT NULL,
  `created_at` timestamp NOT NULL DEFAULT current_timestamp(),
  `updated_at` timestamp NOT NULL DEFAULT current_timestamp() ON UPDATE current_timestamp(),
  `failed_attempts` int(11) NOT NULL DEFAULT 0,
  `lock_until` datetime DEFAULT NULL,
  `password_changed_at` datetime DEFAULT NULL,
  `department` varchar(100) DEFAULT NULL,
  `notify_email` tinyint(1) NOT NULL DEFAULT 1,
  `notify_sms` tinyint(1) NOT NULL DEFAULT 0,
  PRIMARY KEY (`id`),
  UNIQUE KEY `uk_users_email_company` (`email`,`company_id`),
  KEY `idx_users_email` (`email`),
  KEY `idx_users_company_role` (`company_id`,`role_id`),
  KEY `idx_users_status` (`status`),
  KEY `role_id` (`role_id`),
  KEY `fk_users_custom_role` (`custom_role_id`),
  CONSTRAINT `fk_users_custom_role` FOREIGN KEY (`custom_role_id`) REFERENCES `custom_roles` (`id`) ON DELETE SET NULL,
  CONSTRAINT `users_ibfk_1` FOREIGN KEY (`company_id`) REFERENCES `companies` (`id`) ON DELETE SET NULL,
  CONSTRAINT `users_ibfk_2` FOREIGN KEY (`role_id`) REFERENCES `roles` (`id`)
) ENGINE=InnoDB AUTO_INCREMENT=17 DEFAULT CHARSET=utf8mb4 COLLATE=utf8mb4_unicode_ci;
/*!40101 SET character_set_client = @saved_cs_client */;

--
-- Dumping data for table `users`
--

LOCK TABLES `users` WRITE;
/*!40000 ALTER TABLE `users` DISABLE KEYS */;
INSERT INTO `users` VALUES
(1,1,1,NULL,'admin@xvrythng.com','$2a$12$1PNIXU4FIwJ3KTad78XF3u8L5RTyJJUlMQVK7HiktoJaqDWF1SIiK','Super Admin',NULL,NULL,NULL,'active',0,'2026-04-02 03:57:24','2026-02-08 23:02:54','2026-04-02 03:57:24',0,NULL,NULL,NULL,1,0),
(3,1,2,NULL,'testing@gmail.com','$2a$12$52tn2JaM92vJSUv.UFr5Welem9tqV4H74y9pgQdqhnpPzCI2x0es.','Nguyen Le',NULL,NULL,NULL,'active',0,NULL,'2026-02-08 23:29:33','2026-02-08 23:29:33',0,NULL,NULL,NULL,1,0),
(4,1,4,NULL,'lenguyennhutminh44@gmail.com','$2a$10$TBJzo/2PmK.9/HoZWV2s8e49/FhtHlLTrpnMnWT7o9EU1ZV8IK4h2','testing testing',NULL,NULL,NULL,'active',0,'2026-02-25 02:26:11','2026-02-25 00:41:49','2026-02-25 02:26:11',0,NULL,NULL,NULL,1,0),
(5,1,4,NULL,'ashley@xtechsrenewable.com','$2a$10$046P0Q73I9AMsjQjnfBux.7ocO0IOob5af0MZ2fhgkiecDzP1fqCq','Ashley Bronson',NULL,NULL,NULL,'active',0,'2026-04-02 08:42:52','2026-02-27 23:52:51','2026-04-02 08:42:52',0,NULL,'2026-03-15 21:54:54',NULL,1,0),
(6,1,4,NULL,'liam@xtechsrenewable.com','$2a$10$TCPo.yS7xizvaxh4sxkZ.O867bteeqGRzhkWowahSDl9LgP5kWb0a','Liam Jackman',NULL,NULL,NULL,'active',1,NULL,'2026-02-27 23:59:10','2026-02-27 23:59:10',0,NULL,NULL,NULL,1,0),
(7,1,4,NULL,'clarke.dean123@gmail.com','$2a$10$eJwpVMcBYOnlNlKz4yz.fuEHJb5VXGPTrp1S3foOj.kRqeo2hOHam','Clarke Dean',NULL,NULL,NULL,'active',1,'2026-03-06 00:38:10','2026-02-28 00:00:48','2026-03-06 00:38:10',0,NULL,NULL,NULL,1,0),
(8,1,4,NULL,'lenguyennhutminh4@gmail.com','$2a$10$rJwI7S.QbAhssEbvnV2EKOZrKZ8MkDS7f/G43w26tbGumoOkz56xO','testing testing',NULL,NULL,NULL,'active',0,'2026-03-03 00:09:31','2026-02-28 16:05:42','2026-03-03 00:09:31',0,NULL,'2026-03-02 10:54:51',NULL,1,0),
(9,2,2,NULL,'message@gmail.com','$2a$12$GAbG7bCla6kd88X1wiEf1uZpgWWO/tlbP82bDV3WyTh.eSr2Cryra','Message',NULL,NULL,NULL,'active',0,NULL,'2026-03-06 00:39:40','2026-03-06 00:39:40',0,NULL,NULL,NULL,1,0),
(10,1,4,NULL,'testinglogin@gmail.com','$2a$10$4fTrx3XLuxRXr1uOHXnXO.BBM.kj/lxXIwNML1Bzb2GCJdWBeJ6Sa','Thư Minh',NULL,NULL,NULL,'active',1,'2026-03-15 10:49:19','2026-03-15 10:49:02','2026-03-15 10:51:24',4,'2026-03-15 22:06:24',NULL,NULL,1,0),
(11,1,4,NULL,'neil@xtechsrenewables.com.au','$2a$10$Il8z6NvCxs/2K5Bb94Kchu3T4uP6gwaF3deyX6PIhNtuo6BrLKX66','Neil Neil',NULL,NULL,NULL,'active',0,'2026-04-02 08:25:29','2026-03-20 13:02:59','2026-04-02 08:25:29',0,NULL,'2026-03-23 00:40:04',NULL,1,0),
(13,1,4,NULL,'wajoxo7114@isfew.com','$2a$10$WL4KdMuUw279vjEJ6TF3COsr9qjGLkQVEZd5CGMjAbkdUEtsTtf2S','sadsa dasdsd',NULL,NULL,NULL,'active',1,NULL,'2026-03-22 15:47:13','2026-03-22 15:47:13',0,NULL,NULL,NULL,1,0),
(14,1,4,NULL,'malia@xtechsrenewables.com.au','$2a$10$83svwjaNogA8UzLBtFdz9uYmGbPdUUKBzVMgndowIbiHOaPo/aXeC','Malia Wheeler',NULL,NULL,NULL,'active',1,'2026-03-22 23:40:54','2026-03-22 23:14:49','2026-03-25 13:32:48',5,'2026-03-25 13:47:48',NULL,NULL,1,0),
(16,1,4,NULL,'malia-testing@xtechsrenewable.com','$2a$10$SvjoIHvypkH1kypBag3vJutMeYxz9nX5PJ7LZMWn6Z25fVFhO0S6.','Malia Wheeler',NULL,NULL,NULL,'active',0,'2026-03-29 21:12:18','2026-03-23 00:02:18','2026-03-29 21:12:18',0,NULL,'2026-03-23 00:03:33',NULL,1,0);
/*!40000 ALTER TABLE `users` ENABLE KEYS */;
UNLOCK TABLES;

--
-- Temporary table structure for view `v_role_access_preview`
--

DROP TABLE IF EXISTS `v_role_access_preview`;
/*!50001 DROP VIEW IF EXISTS `v_role_access_preview`*/;
SET @saved_cs_client     = @@character_set_client;
SET character_set_client = utf8mb4;
/*!50001 CREATE VIEW `v_role_access_preview` AS SELECT
 1 AS `company_id`,
  1 AS `job_role_id`,
  1 AS `job_role_code`,
  1 AS `module_key`,
  1 AS `display_name` */;
SET character_set_client = @saved_cs_client;

--
-- Final view structure for view `v_role_access_preview`
--

/*!50001 DROP VIEW IF EXISTS `v_role_access_preview`*/;
/*!50001 SET @saved_cs_client          = @@character_set_client */;
/*!50001 SET @saved_cs_results         = @@character_set_results */;
/*!50001 SET @saved_col_connection     = @@collation_connection */;
/*!50001 SET character_set_client      = utf8mb4 */;
/*!50001 SET character_set_results     = utf8mb4 */;
/*!50001 SET collation_connection      = utf8mb4_general_ci */;
/*!50001 CREATE ALGORITHM=UNDEFINED */
/*!50013 DEFINER=`xvrythng_user`@`localhost` SQL SECURITY DEFINER */
/*!50001 VIEW `v_role_access_preview` AS select `c`.`id` AS `company_id`,`jr`.`id` AS `job_role_id`,`jr`.`code` AS `job_role_code`,`m`.`key_name` AS `module_key`,`m`.`display_name` AS `display_name` from ((((`companies` `c` join `job_roles` `jr` on(`jr`.`company_id` = `c`.`id`)) join `job_role_modules` `jrm` on(`jrm`.`job_role_id` = `jr`.`id`)) join `modules` `m` on(`m`.`key_name` = `jrm`.`module_key`)) join `company_type_modules` `ctm` on(`ctm`.`company_type_id` = `c`.`company_type_id` and `ctm`.`module_key` = `jrm`.`module_key`)) */;
/*!50001 SET character_set_client      = @saved_cs_client */;
/*!50001 SET character_set_results     = @saved_cs_results */;
/*!50001 SET collation_connection      = @saved_col_connection */;
/*!40103 SET TIME_ZONE=@OLD_TIME_ZONE */;

/*!40101 SET SQL_MODE=@OLD_SQL_MODE */;
/*!40014 SET FOREIGN_KEY_CHECKS=@OLD_FOREIGN_KEY_CHECKS */;
/*!40014 SET UNIQUE_CHECKS=@OLD_UNIQUE_CHECKS */;
/*!40101 SET CHARACTER_SET_CLIENT=@OLD_CHARACTER_SET_CLIENT */;
/*!40101 SET CHARACTER_SET_RESULTS=@OLD_CHARACTER_SET_RESULTS */;
/*!40101 SET COLLATION_CONNECTION=@OLD_COLLATION_CONNECTION */;
/*!40111 SET SQL_NOTES=@OLD_SQL_NOTES */;

-- Dump completed on 2026-04-02 16:06:01
